"画像","商品名","商品ハイライト","売れ筋ランキング: 90 日平均","売れ筋ランキング: 365 日平均","売れ筋ランキング: 90日間の下落 %","売れ筋ランキング: 過去30日間の減少","売れ筋ランキング: 過去90日間の減少","売れ筋ランキング: 過去180日間の減少","売れ筋ランキング: 過去365日間の減少","月間売上トレンド: 先月の購入","レビュー: 評価","レビュー: 評価件数","Buy Box: 30 日平均","Buy Box: 90 日平均","Buy Box: 90日間の下落 %","Buy Box: Buy Box セラー","Buy Box: FBAです","Amazon: 現在価格","Amazon: 90 日平均","Amazon: 365 日平均","Amazon: 90日間の下落 %","Amazon: 在庫","Amazon: 90日間在庫切れ","Amazon: 在庫切れカウント 30 日間","Amazon: 在庫切れカウント 90 日間","新品: 90 日平均","新品: 365 日平均","新品: 90日間の下落 %","新しい、第三者FBA: 90 日平均","新しい、第三者FBA: 365 日平均","新しい、第三者FBA: 90日間の下落 %","最安の FBA セラー","新品 第三者 FBM: 90 日平均","新品 第三者 FBM: 365 日平均","新品 第三者 FBM: 90日間の下落 %","最安の FBM セラー","参考価格: 90 日平均","参考価格: 365 日平均","参考価格: 90日間の下落 %","新品アイテム数: 90 日平均","新品アイテム数: 365 日平均","新品アイテム数: 90日間の下落 %","URL: Amazon","URL: Keepa","カテゴリ: ルート","カテゴリ: サブ","カテゴリ: ツリー","ASIN","商品コード: EAN","製造者","ブランド","単位の詳細: 単位の価値","アイテム数","発売日","パッケージ: 長さ (cm)","パッケージ: 幅 (cm)","パッケージ: 高さ (cm)","パッケージ: 重さ (g)","パッケージ: 数量","商品: 長さ (cm)","商品: 幅 (cm)","商品: 高さ (cm)","商品: 重さ (g)","Buy Box: 定期おトク便","ワンタイムクーポン: 定期おトク便 %","ビジネス割引: パーセンテージ","Buy Box: % Amazon 30 日","Buy Box: % Amazon 90 日","Buy Box: % Amazon 180 日","Buy Box: % Amazon 365 日","Buy Box: % トップセラー 30 日","Buy Box: % トップセラー 90 日","Buy Box: % トップセラー 180 日","Buy Box: % トップセラー 365 日","Buy Box: 勝者数 30 日","Buy Box: 勝者数 90 日","Buy Box: 勝者数 180 日","Buy Box: 勝者数 365 日","Buy Box: 標準偏差 30 日","Buy Box: 標準偏差 90 日","Buy Box: 標準偏差 365 日","Buy Box: 変動性 30 日","Buy Box: 変動性 90 日","Buy Box: 変動性 365 日"
"https://m.media-amazon.com/images/I/61eqrbRCgCL.jpg;https://m.media-amazon.com/images/I/81SxIjtbGML.jpg;https://m.media-amazon.com/images/I/71l7D3Y0CAL.jpg;https://m.media-amazon.com/images/I/71Jp8Rphv2L.jpg;https://m.media-amazon.com/images/I/610t+TgaTlL.jpg;https://m.media-amazon.com/images/I/510vHOX-QvL.jpg;https://m.media-amazon.com/images/I/61htecHzEKL.jpg;https://m.media-amazon.com/images/I/61QikiEw7fL.jpg;https://m.media-amazon.com/images/I/71n53ubTHyL.jpg","【各1袋セット｜合計2袋】ヒルナンデスで紹介｜食べるおだし かつお50g/袋＋まぐろ35g/袋 石原水産 焼津 魚屋のプロが作った万能な燻し乾物 干物｜大人のおつまみ食べ比べ 晩酌 ビール 日本酒 焼酎 ワインの酒の肴｜食卓の冷奴 ご飯 パスタ リゾット サラダのグレードアップ｜保存に便利なチャック付き袋｜贈答 ギフト","","11019","11484","31 %","9","31","52","129","","4","10","1,140","1,140","0 %","モリタストア (88%) / AYC4Z8PML8T30","no","","","","","","100 %","1","1","1,140","1,140","0 %","","","","-","1,140","1,140","0 %","モリタストア (88%) / AYC4Z8PML8T30","1,296","1,296","0 %","1","1","0 %","https://www.amazon.co.jp/dp/B0DV46Z3D1?psc=1","https://keepa.com/#!product/5-B0DV46Z3D1","食品・飲料・お酒","干物・燻製","食品・飲料・お酒 › 生鮮魚介類・水産加工品 › 干物・燻製","B0DV46Z3D1","","石原水産","ノーブランド品","2","2","","","","","","3","","","","85","no","","","0 %","0 %","0 %","0 %","100 %","100 %","100 %","100 %","1","1","1","1","-","-","-","8","8","8"
"https://m.media-amazon.com/images/I/61XkVlgxj4L.jpg;https://m.media-amazon.com/images/I/51J4PT0jFLL.jpg;https://m.media-amazon.com/images/I/51dRPIC57KL.jpg;https://m.media-amazon.com/images/I/71l7D3Y0CAL.jpg;https://m.media-amazon.com/images/I/81D51+2Sf6L.jpg;https://m.media-amazon.com/images/I/71Jp8Rphv2L.jpg;https://m.media-amazon.com/images/I/71BbyBmM9gL.jpg;https://m.media-amazon.com/images/I/71gMBCm27mL.jpg;https://m.media-amazon.com/images/I/71KsyHHzfNL.jpg","【各2袋セット｜合計6袋】ヒルナンデスで紹介｜食べるおだし かつお50g/袋＋まぐろ35g/袋＋ぶり40g/袋 石原水産 焼津 魚屋のプロが作った万能な燻し乾物 干物｜大人のおつまみ食べ比べ 晩酌 ビール 日本酒 焼酎 ワインの酒の肴｜食卓の冷奴 ご飯 パスタ リゾット サラダのグレードアップ｜保存に便利なチャック付き袋｜贈答 ギフト","","11183","11446","33 %","12","55","143","226","","4.1","36","2,940","2,940","0 %","モリタストア (88%) / AYC4Z8PML8T30","yes","","","","","","100 %","1","1","2,940","2,940","0 %","2,940","2,940","0 %","モリタストア (88%) / AYC4Z8PML8T30","2,940","3,032","0 %","モリタストア (88%) / AYC4Z8PML8T30","3,888","3,888","0 %","2","2","0 %","https://www.amazon.co.jp/dp/B0F9QZT8WW?psc=1","https://keepa.com/#!product/5-B0F9QZT8WW","食品・飲料・お酒","干物・燻製","食品・飲料・お酒 › 生鮮魚介類・水産加工品 › 干物・燻製","B0F9QZT8WW","","石原水産","ノーブランド品","6","6","","28.3","23.9","6.7","320","","","","","250","no","","","0 %","0 %","0 %","0 %","100 %","100 %","100 %","100 %","1","1","1","1","-","-","271","8","8","8"
"https://m.media-amazon.com/images/I/511tXoHqweL.jpg;https://m.media-amazon.com/images/I/81JTpnA5P6L.jpg;https://m.media-amazon.com/images/I/81SxIjtbGML.jpg;https://m.media-amazon.com/images/I/71BaAydbdVL.jpg;https://m.media-amazon.com/images/I/71Jp8Rphv2L.jpg;https://m.media-amazon.com/images/I/71l7D3Y0CAL.jpg;https://m.media-amazon.com/images/I/71KsyHHzfNL.jpg;https://m.media-amazon.com/images/I/71gMBCm27mL.jpg;https://m.media-amazon.com/images/I/71n53ubTHyL.jpg","【各1袋セット｜合計3袋】ヒルナンデスで紹介｜食べるおだし かつお50g/袋＋まぐろ35g/袋＋ぶり40g/袋 石原水産 焼津 魚屋のプロが作った万能な燻し乾物 干物｜大人のおつまみ食べ比べ 晩酌 ビール 日本酒 焼酎 ワインの酒の肴｜食卓の冷奴 ご飯 パスタ リゾット サラダのグレードアップ｜保存に便利なチャック付き袋｜贈答 ギフト","","11211","11449","32 %","14","59","183","304","50","4.1","36","1,650","1,650","0 %","モリタストア (88%) / AYC4Z8PML8T30","yes","","","","","","100 %","1","1","1,650","1,650","0 %","1,650","1,650","0 %","-","1,650","1,650","0 %","モリタストア (88%) / AYC4Z8PML8T30","1,944","1,944","0 %","2","2","0 %","https://www.amazon.co.jp/dp/B0DVB9VK8Q?psc=1","https://keepa.com/#!product/5-B0DVB9VK8Q","食品・飲料・お酒","干物・燻製","食品・飲料・お酒 › 生鮮魚介類・水産加工品 › 干物・燻製","B0DVB9VK8Q","","石原水産","ノーブランド品","3","3","","34.2","25.4","3","150","","30","22","3","125","no","","","0 %","0 %","0 %","0 %","100 %","100 %","100 %","100 %","1","1","1","1","-","-","-","8","8","8"
"https://m.media-amazon.com/images/I/51+wnbB-63L.jpg;https://m.media-amazon.com/images/I/81JTpnA5P6L.jpg;https://m.media-amazon.com/images/I/81SxIjtbGML.jpg;https://m.media-amazon.com/images/I/71n53ubTHyL.jpg;https://m.media-amazon.com/images/I/71l7D3Y0CAL.jpg;https://m.media-amazon.com/images/I/61Ved8rq+6L.jpg;https://m.media-amazon.com/images/I/71Z-96AHHTL.jpg;https://m.media-amazon.com/images/I/61Mz0lg0DFL.jpg;https://m.media-amazon.com/images/I/61pSVCLN7OL.jpg","【合計3袋セット】ヒルナンデスで紹介｜食べるおだし かつお50g/袋 石原水産 焼津 魚屋のプロが作った万能な燻し乾物 干物｜大人のおつまみ食べ比べ 晩酌 ビール 日本酒 焼酎 ワインの酒の肴｜食卓の冷奴 ご飯 パスタ リゾット サラダのグレードアップ｜保存に便利なチャック付き袋｜贈答 ギフト","","11247","11388","33 %","14","55","177","280","50","4.2","14","1,650","1,650","0 %","モリタストア (88%) / AYC4Z8PML8T30","yes","","","","","","100 %","1","1","1,650","1,650","0 %","1,650","1,650","0 %","モリタストア (88%) / AYC4Z8PML8T30","1,650","1,650","0 %","モリタストア (88%) / AYC4Z8PML8T30","1,944","1,944","0 %","2","2","0 %","https://www.amazon.co.jp/dp/B0DV46TY3V?psc=1","https://keepa.com/#!product/5-B0DV46TY3V","食品・飲料・お酒","干物・燻製","食品・飲料・お酒 › 生鮮魚介類・水産加工品 › 干物・燻製","B0DV46TY3V","","石原水産","ノーブランド品","3","3","","33.2","21.5","4.5","190","3","30","22","3","150","yes","","","0 %","0 %","0 %","0 %","100 %","100 %","100 %","100 %","1","1","1","1","-","-","-","8","8","8"
"https://m.media-amazon.com/images/I/61fr5Xgi3zL.jpg;https://m.media-amazon.com/images/I/51-mWvUjPYL.jpg;https://m.media-amazon.com/images/I/51wOoYDCQmL.jpg;https://m.media-amazon.com/images/I/51161JY4l7L.jpg;https://m.media-amazon.com/images/I/411As36TYWL.jpg;https://m.media-amazon.com/images/I/51PWKjaaBVL.jpg","atrus(アトラス) 石原水産 まぐろチーズ チーズかつお 大 各1袋セット おつまみ お試し おやつ","","17697","15711","-7 %","13","44","85","181","100","4.3","194","1,648","1,650","0 %","東北卸売商店　福島支店 (94%) / A2LW28EQ7UZMPT","no","","","","","","100 %","1","1","1,649","1,655","0 %","","1,792","","-","1,649","1,655","0 %","オンラインショップ Octas (91%) / A25NVJE9ZPQP7L","","","","6","6","-17 %","https://www.amazon.co.jp/dp/B08NJSWSBH","https://keepa.com/#!product/5-B08NJSWSBH","食品・飲料・お酒","おつまみ・珍味","食品・飲料・お酒 › 菓子・スナック › おつまみ・珍味","B08NJSWSBH","","","atrus(アトラス)","2","2","","28.3","19","4.8","460","2","","","","220","no","","","0 %","0 %","0 %","0 %","61 %","65 %","71 %","58 %","4","4","4","6","7","6","13","8","8","8"
"https://m.media-amazon.com/images/I/61+66jADYPL.jpg;https://m.media-amazon.com/images/I/51MLotb+-gL.jpg;https://m.media-amazon.com/images/I/51NbK7RFNqL.jpg;https://m.media-amazon.com/images/I/51bl+DbEGWS.jpg","石原水産 食べるおだし50ｇ (2袋)","","20760","18404","45 %","15","45","79","155","50","4.3","243","952","960","1 %","Camel Trading (100%) / A1PIVA6JQITV2W","yes","","","","","","100 %","1","1","958","969","1 %","960","979","1 %","Camel Trading (100%) / A1PIVA6JQITV2W","974","976","-2 %","World NEXT （無休・即日発送） (92%) / A3L1BD8LA6USKU","","","","10","9","10 %","https://www.amazon.co.jp/dp/B08W58BFYK?psc=1","https://keepa.com/#!product/5-B08W58BFYK","食品・飲料・お酒","和風だし","食品・飲料・お酒 › 調味料・食用油・ドレッシング › 和風だし","B08W58BFYK","4906283045119","大平水産株式会社","石原水産","1","2","","20.4","15.5","4","120","1","30","23","3","50","no","","","0 %","0 %","0 %","0 %","46 %","22 %","19 %","22 %","5","9","9","12","11","21","23","8","45","51"
"https://m.media-amazon.com/images/I/61+66jADYPL.jpg;https://m.media-amazon.com/images/I/51MLotb+-gL.jpg;https://m.media-amazon.com/images/I/51NbK7RFNqL.jpg;https://m.media-amazon.com/images/I/51bl+DbEGWS.jpg","網元大将 石原水産 食べるおだし かつお50ｇ (1袋) ゆうパケ","","20854","18473","46 %","9","37","70","144","","4.3","243","630","618","-2 %","World NEXT （無休・即日発送） (92%) / A3L1BD8LA6USKU","no","","","","","","100 %","1","1","619","601","-2 %","513","606","","-","619","617","-2 %","World NEXT （無休・即日発送） (92%) / A3L1BD8LA6USKU","0","0","0 %","5","7","0 %","https://www.amazon.co.jp/dp/B08W56WVHD?psc=1","https://keepa.com/#!product/5-B08W56WVHD","食品・飲料・お酒","和風だし","食品・飲料・お酒 › 調味料・食用油・ドレッシング › 和風だし","B08W56WVHD","4906283045119","大平水産株式会社","石原水産","1","","","21.8","15.1","2.5","60","1","","","","50","no","","","0 %","0 %","0 %","0 %","100 %","90 %","46 %","26 %","1","4","5","9","-","35","57","8","8","24"
"https://m.media-amazon.com/images/I/61zoOZc8XOL.jpg;https://m.media-amazon.com/images/I/61VGCFL5miL.jpg;https://m.media-amazon.com/images/I/714VW2IFHqL.jpg;https://m.media-amazon.com/images/I/61vZFP+7TzL.jpg","石原水産 食べるおだし (150g×3袋, まぐろ はしっこ)","","29283","28311","-4 %","8","19","40","98","","3.2","6","2,105","2,102","0 %","World NEXT （無休・即日発送） (92%) / A3L1BD8LA6USKU","no","","","","","","100 %","1","1","2,102","1,988","0 %","","1,771","","-","2,102","2,004","0 %","World NEXT （無休・即日発送） (92%) / A3L1BD8LA6USKU","","","","1","2","-100 %","https://www.amazon.co.jp/dp/B0D5Y33BTG?psc=1","https://keepa.com/#!product/5-B0D5Y33BTG","食品・飲料・お酒","和風だし","食品・飲料・お酒 › 調味料・食用油・ドレッシング › 和風だし","B0D5Y33BTG","4906283046512","石原水産","石原水産","150","1","","24.3","14.7","7.9","480","","","","","150","no","","","0 %","0 %","0 %","0 %","97 %","99 %","99 %","76 %","2","2","2","3","30","17","137","8","8","56"
"https://m.media-amazon.com/images/I/81ArOKWXJ7L.jpg;https://m.media-amazon.com/images/I/61RLGadXpbL.jpg;https://m.media-amazon.com/images/I/71QApE0aQLL.jpg;https://m.media-amazon.com/images/I/81vTgfgxNaL.jpg","石原水産 食べるおだし (200g×3袋, かつお はしっこ)","","29342","28463","-4 %","14","41","82","153","","4","13","2,131","2,111","1 %","World NEXT （無休・即日発送） (92%) / A3L1BD8LA6USKU","no","","","","","","100 %","1","1","2,111","2,040","1 %","","1,966","","-","2,111","2,052","1 %","World NEXT （無休・即日発送） (92%) / A3L1BD8LA6USKU","","","","1","1","-100 %","https://www.amazon.co.jp/dp/B0D5Y1YL8F?psc=1","https://keepa.com/#!product/5-B0D5Y1YL8F","食品・飲料・お酒","和風だし","食品・飲料・お酒 › 調味料・食用油・ドレッシング › 和風だし","B0D5Y1YL8F","4906283046413","石原水産","石原水産","200","1","","23.3","17.2","8.3","640","","","","","200","no","","","0 %","0 %","0 %","0 %","81 %","92 %","95 %","66 %","2","2","2","3","65","41","82","8","8","54"
"https://m.media-amazon.com/images/I/31WH-4KuF3L.jpg","石原水産　食べるおだし　まぐろ （2袋セット）","","29484","28390","-4 %","15","42","83","163","","4.4","75","990","990","0 %","ショップ四十五 (99%) / A3P240C6ET053M","yes","","","","","","100 %","1","1","990","988","0 %","990","989","0 %","ショップ四十五 (99%) / A3P240C6ET053M","990","1,014","0 %","World NEXT （無休・即日発送） (92%) / A3L1BD8LA6USKU","","","","4","5","0 %","https://www.amazon.co.jp/dp/B09LD4YFF5?psc=1","https://keepa.com/#!product/5-B09LD4YFF5","食品・飲料・お酒","和風だし","食品・飲料・お酒 › 調味料・食用油・ドレッシング › 和風だし","B09LD4YFF5","","石原水産","石原水産","2","1","","22.3","16.4","4.9","90","2","23","16","1.5","35","yes","","","0 %","0 %","0 %","0 %","71 %","67 %","57 %","45 %","2","2","2","7","-","-","10","8","8","24"
"https://m.media-amazon.com/images/I/81ArOKWXJ7L.jpg;https://m.media-amazon.com/images/I/61RLGadXpbL.jpg;https://m.media-amazon.com/images/I/71QApE0aQLL.jpg;https://m.media-amazon.com/images/I/81vTgfgxNaL.jpg","石原水産 食べるおだし (200g, かつお はしっこ)","","29744","28300","-3 %","11","27","64","122","","4","13","887","914","13 %","【公式】リフココ ～食と暮らしを楽しく～（インボイス制度対応店） (99%) / A18COIYGTMT3AC","yes","","","","","","100 %","1","1","914","893","13 %","869","884","8 %","【公式】リフココ ～食と暮らしを楽しく～（インボイス制度対応店） (99%) / A18COIYGTMT3AC","940","908","0 %","World NEXT （無休・即日発送） (92%) / A3L1BD8LA6USKU","","","","1","2","-100 %","https://www.amazon.co.jp/dp/B0D5KTGZPC?psc=1","https://keepa.com/#!product/5-B0D5KTGZPC","食品・飲料・お酒","和風だし","食品・飲料・お酒 › 調味料・食用油・ドレッシング › 和風だし","B0D5KTGZPC","4906283043986","石原水産","石原水産","200","1","","31.2","23","2.5","310","","","","","200","no","","","0 %","0 %","0 %","0 %","72 %","63 %","62 %","37 %","2","2","2","3","87","63","75","63","70","65"
"https://m.media-amazon.com/images/I/61zoOZc8XOL.jpg;https://m.media-amazon.com/images/I/61VGCFL5miL.jpg;https://m.media-amazon.com/images/I/714VW2IFHqL.jpg;https://m.media-amazon.com/images/I/61vZFP+7TzL.jpg","石原水産 食べるおだし (150g, まぐろ はしっこ)","","29857","28151","-2 %","11","27","66","137","","3.2","6","880","879","0 %","【公式】リフココ ～食と暮らしを楽しく～（インボイス制度対応店） (99%) / A18COIYGTMT3AC","yes","","","","","","100 %","1","1","879","891","0 %","877","887","0 %","【公式】リフココ ～食と暮らしを楽しく～（インボイス制度対応店） (99%) / A18COIYGTMT3AC","880","881","0 %","World NEXT （無休・即日発送） (92%) / A3L1BD8LA6USKU","","","","1","2","-100 %","https://www.amazon.co.jp/dp/B0D5MKGTQ4?psc=1","https://keepa.com/#!product/5-B0D5MKGTQ4","食品・飲料・お酒","和風だし","食品・飲料・お酒 › 調味料・食用油・ドレッシング › 和風だし","B0D5MKGTQ4","4906283044884","石原水産","石原水産","150","1","","20","11.4","2.5","160","","","","","150","no","","","0 %","0 %","0 %","0 %","52 %","75 %","57 %","51 %","2","2","2","3","-","3","54","8","8","25"
"https://m.media-amazon.com/images/I/51Ze9xkAhiL.jpg;https://m.media-amazon.com/images/I/61IypyQOjrL.jpg;https://m.media-amazon.com/images/I/71WOchqd2dL.jpg;https://m.media-amazon.com/images/I/81wZCYFr7-L.jpg;https://m.media-amazon.com/images/I/71eq3nBTvoL.jpg;https://m.media-amazon.com/images/I/418JDWhXQGL.jpg","石原水産 チーズかつお 1kg お徳用 業務用 (かつお)","","35109","29659","-18 %","8","25","63","133","","4.4","18","4,130","4,115","0 %","ショップ四十五 (99%) / A3P240C6ET053M","yes","","","","","","100 %","1","1","4,115","4,080","0 %","4,115","4,086","0 %","ショップ四十五 (99%) / A3P240C6ET053M","","","","-","","","","1","1","0 %","https://www.amazon.co.jp/dp/B0DZY2G7XN?psc=1","https://keepa.com/#!product/5-B0DZY2G7XN","食品・飲料・お酒","塩辛・珍味","食品・飲料・お酒 › 生鮮魚介類・水産加工品 › 塩辛・珍味","B0DZY2G7XN","4906283047816","石原水産","石原水産","1","","","26.8","20.7","8.8","1020","","","","","1000","yes","","","0 %","0 %","0 %","0 %","100 %","97 %","97 %","88 %","1","1","1","3","-","54","142","8","8","27"
"https://m.media-amazon.com/images/I/7192RtGEMWL.jpg","石原水産 チーズかつお 220ｇ × 5袋","","35711","44020","28 %","16","47","89","164","50","4.6","22","4,173","4,175","1 %","Camel Trading (100%) / A1PIVA6JQITV2W","yes","","","","","","100 %","1","1","4,136","4,148","0 %","4,139","4,147","0 %","Camel Trading (100%) / A1PIVA6JQITV2W; いしとき (0%) / A1LD7NQGK7KQOC","4,256","4,277","2 %","World NEXT （無休・即日発送） (92%) / A3L1BD8LA6USKU","","","","7","7","-29 %","https://www.amazon.co.jp/dp/B00KLVGLPQ","https://keepa.com/#!product/5-B00KLVGLPQ","食品・飲料・お酒","おつまみ・珍味","食品・飲料・お酒 › 菓子・スナック › おつまみ・珍味","B00KLVGLPQ","4906283022981","","石原水産","5","5","","26.9","21","13","1230","5","","","","","no","","","0 %","0 %","0 %","0 %","39 %","40 %","46 %","45 %","6","10","10","13","21","28","50","8","8","8"
"https://m.media-amazon.com/images/I/51P28nsbRkL.jpg;https://m.media-amazon.com/images/I/61iOErzGZKL.jpg;https://m.media-amazon.com/images/I/71z4JN5ypLL.jpg;https://m.media-amazon.com/images/I/81WtR1nTSdL.jpg;https://m.media-amazon.com/images/I/71iT-wdfBgL.jpg","石原水産 まぐろチーズ 1kg お徳用 業務用 (まぐろ)","","35806","29903","-16 %","9","29","67","137","","4.7","16","4,494","4,520","1 %","ショップ四十五 (99%) / A3P240C6ET053M","yes","","","","","","100 %","1","1","4,520","4,514","1 %","4,520","4,516","1 %","ショップ四十五 (99%) / A3P240C6ET053M","","","","-","","","","1","1","0 %","https://www.amazon.co.jp/dp/B0DZY37MPK?psc=1","https://keepa.com/#!product/5-B0DZY37MPK","食品・飲料・お酒","塩辛・珍味","食品・飲料・お酒 › 生鮮魚介類・水産加工品 › 塩辛・珍味","B0DZY37MPK","4906283047915","石原水産","石原水産","1","","","32.6","18.5","6.9","1030","","","","","1000","yes","","","0 %","0 %","0 %","0 %","100 %","100 %","97 %","93 %","1","1","1","4","30","65","135","8","8","27"
"https://m.media-amazon.com/images/I/61oE+btjtaL.jpg;https://m.media-amazon.com/images/I/71HDuVJI1vL.jpg;https://m.media-amazon.com/images/I/61uD0zMRzbL.jpg;https://m.media-amazon.com/images/I/61YtrHuGlvL.jpg;https://m.media-amazon.com/images/I/51RI0bigE5L.jpg;https://m.media-amazon.com/images/I/61DZPHVXVtL.jpg;https://m.media-amazon.com/images/I/71iT-wdfBgL.jpg","石原水産 まぐろチーズ 190g チーズかつお 220g 大 各1袋セット おつまみ お試し おやつ リニューアル","","40690","59065","34 %","14","34","63","115","50","4.6","8","1,850","1,850","0 %","さかのぶらざーず (99%) / A1MHXYNDO79WG9","no","","","","","","100 %","1","1","1,850","1,843","0 %","","","","-","1,850","1,844","0 %","さかのぶらざーず (99%) / A1MHXYNDO79WG9","2,160","2,160","0 %","1","1","0 %","https://www.amazon.co.jp/dp/B0FQ5MRQ99","https://keepa.com/#!product/5-B0FQ5MRQ99","食品・飲料・お酒","おつまみ・珍味","食品・飲料・お酒 › 菓子・スナック › おつまみ・珍味","B0FQ5MRQ99","","石原水産","ノーブランド品","2","2","","29.3","23.4","3","450","","","","","220","no","","","0 %","0 %","0 %","0 %","100 %","99 %","95 %","84 %","1","1","1","1","-","-","53","8","8","8"
"https://m.media-amazon.com/images/I/81CaCHrvj9L.jpg;https://m.media-amazon.com/images/I/81tlnYW363L.jpg;https://m.media-amazon.com/images/I/71NSPMHBZwL.jpg;https://m.media-amazon.com/images/I/71eq3nBTvoL.jpg","石原水産 業務用 1kg 個包装 大容量サイズ おつまみ チーズ お魚屋さんがつくった大人のおつまみ (1kg, チーズかつお)","","43237","48658","27 %","9","24","58","119","","4.9","11","4,130","4,130","0 %","【公式】リフココ ～食と暮らしを楽しく～（インボイス制度対応店） (99%) / A18COIYGTMT3AC","yes","","","","","","100 %","1","1","4,130","4,097","0 %","4,130","4,102","0 %","【公式】リフココ ～食と暮らしを楽しく～（インボイス制度対応店） (99%) / A18COIYGTMT3AC","","","","-","","","","1","1","0 %","https://www.amazon.co.jp/dp/B0DGKH4NHV?psc=1","https://keepa.com/#!product/5-B0DGKH4NHV","食品・飲料・お酒","おつまみ・珍味","食品・飲料・お酒 › 菓子・スナック › おつまみ・珍味","B0DGKH4NHV","","石原水産","ノーブランド品","1000","1","","31.6","20.8","7.1","1050","","20","20","20","1000","yes","","","0 %","0 %","0 %","0 %","100 %","100 %","84 %","73 %","1","1","1","1","-","-","74","8","8","8"
"https://m.media-amazon.com/images/I/61vH1sSaC1L.jpg","石原水産 チーズかつお 220g","","45289","66047","3 %","11","38","78","150","","4.4","9","959","959","0 %","World NEXT （無休・即日発送） (92%) / A3L1BD8LA6USKU","no","1,063","1,054","1,052","-1 %","1000","0 %","0","0","959","955","0 %","959","985","","-","975","964","2 %","World NEXT （無休・即日発送） (92%) / A3L1BD8LA6USKU","1,000","1,052","0 %","4","4","25 %","https://www.amazon.co.jp/dp/B0BXXB3TLK?psc=1","https://keepa.com/#!product/5-B0BXXB3TLK","食品・飲料・お酒","おつまみ・珍味","食品・飲料・お酒 › 菓子・スナック › おつまみ・珍味","B0BXXB3TLK","4906283045515","石原水産","石原水産","1","1","2024-11-01","28.3","19.7","3.7","240","1","28.5","29.7","3","220","no","","","0 %","0 %","29 %","24 %","100 %","95 %","66 %","51 %","1","2","3","4","-","-","37","6","6","15"
"https://m.media-amazon.com/images/I/71E-O7z7btL.jpg;https://m.media-amazon.com/images/I/71virMnQZZL.jpg;https://m.media-amazon.com/images/I/71M2dvdKEVL.jpg;https://m.media-amazon.com/images/I/71NZSsUOD7L.jpg;https://m.media-amazon.com/images/I/71dHI3V7-qL.jpg","石原水産 まぐろチーズ 190ｇ","","45728","67278","4 %","11","32","66","123","","5","3","1,080","1,080","0 %","Amazon","yes","1,080","1,080","1,080","0 %","15","0 %","1","1","1,080","1,078","0 %","","1,080","","-","1,280","1,202","0 %","しのやの珍味 おつまみショップ珍味工房 乾きものおつまみ専門店 (96%) / A1L06NKHD4ZP40","1,000","1,000","0 %","2","2","0 %","https://www.amazon.co.jp/dp/B0BX3V74CP?psc=1","https://keepa.com/#!product/5-B0BX3V74CP","食品・飲料・お酒","魚介類の佃煮","食品・飲料・お酒 › 漬物・佃煮・煮豆 › 佃煮 › 魚介類の佃煮","B0BX3V74CP","4906283045614","石原水産","石原水産","1","1","2024-11-01","19.9","19.5","4.5","220","1","","","","190","no","","","100 %","100 %","100 %","97 %","100 %","100 %","100 %","97 %","1","1","2","3","-","-","32","4","4","6"
"https://m.media-amazon.com/images/I/71TitiSTboL.jpg;https://m.media-amazon.com/images/I/71yY2m86w8L.jpg;https://m.media-amazon.com/images/I/71JjXwDXrlL.jpg;https://m.media-amazon.com/images/I/818tjwlEK2L.jpg;https://m.media-amazon.com/images/I/71ArLbbkBUL.jpg;https://m.media-amazon.com/images/I/71xHJUDQoJL.jpg;https://m.media-amazon.com/images/I/71kjMJQ3vvL.jpg;https://m.media-amazon.com/images/I/71hijh5QrzL.jpg;https://m.media-amazon.com/images/I/81vANXEjUyL.jpg","HITOSIZUKU 石原水産 まぐろチーズ かつおチーズ 食べるおだし 3種セット おつまみ ギフト 詰め合わせ 珍味 個包装 酒の肴 晩酌 プレゼント (父の日/内祝い/手土産/常温保存)","","49768","52410","-17 %","13","34","77","81","","4.5","4","3,480","3,480","0 %","ひとしずく企画 (100%) / AWMWBWK034A8K","yes","","","","","","100 %","1","1","3,480","3,479","0 %","3,480","3,480","0 %","ひとしずく企画 (100%) / AWMWBWK034A8K","","","","-","3,480","3,480","0 %","1","1","0 %","https://www.amazon.co.jp/dp/B0GF6X8NGG","https://keepa.com/#!product/5-B0GF6X8NGG","食品・飲料・お酒","おつまみ・珍味","食品・飲料・お酒 › 菓子・スナック › おつまみ・珍味","B0GF6X8NGG","4595432607119","ひとしずく企画","HITOSIZUKU","3","3","","35.8","30.6","9.9","720","","","","","710","yes","","","0 %","0 %","0 %","0 %","100 %","100 %","100 %","99 %","1","1","1","1","-","-","-","8","8","6"
"https://m.media-amazon.com/images/I/61TEbr9F8gL.jpg;https://m.media-amazon.com/images/I/71eiXHylJSL.jpg;https://m.media-amazon.com/images/I/61NlKzBehrL.jpg;https://m.media-amazon.com/images/I/71GJqqikJsL.jpg;https://m.media-amazon.com/images/I/71DMNypbQTL.jpg;https://m.media-amazon.com/images/I/515YPsEaGML.jpg","石原水産 製造 チーズかつお まぐろチーズ 業務用 1kg おつまみ 珍味 つまみ 魚介加工品 個包装 食べ比べ ギフト 晩酌 ビール 日本酒 ウイスキー お酒のお供 常温保存 (まぐろ)","","52744","76786","48 %","11","30","57","87","","4.3","7","4,383","4,450","-1 %","さかのぶらざーず (99%) / A1MHXYNDO79WG9","yes","","","","","","100 %","1","1","4,457","4,470","-1 %","4,464","4,473","","-","4,280","4,422","","-","","","","1","1","0 %","https://www.amazon.co.jp/dp/B0FV5RC1X4?psc=1","https://keepa.com/#!product/5-B0FV5RC1X4","食品・飲料・お酒","塩辛・珍味","食品・飲料・お酒 › 生鮮魚介類・水産加工品 › 塩辛・珍味","B0FV5RC1X4","4595986803128","石原水産","NAZONO","1","","","31.6","22.4","5.1","1030","","","","","1000","yes","","","0 %","0 %","0 %","0 %","78 %","86 %","77 %","69 %","1","1","1","1","122","81","59","8","8","10"
"https://m.media-amazon.com/images/I/61Pu-Uvy+hL.jpg;https://m.media-amazon.com/images/I/710Z+wpWexL.jpg;https://m.media-amazon.com/images/I/61FY9vd4ynL.jpg;https://m.media-amazon.com/images/I/7188zMlK3wL.jpg;https://m.media-amazon.com/images/I/71+HeMZz5fL.jpg;https://m.media-amazon.com/images/I/51UA-I2HWvL.jpg","石原水産 製造 チーズかつお まぐろチーズ 業務用 1kg 大容量 おつまみ 珍味 つまみ 魚介加工品 個包装 食べ比べ ギフト 晩酌 ビール 日本酒 ウイスキー お酒のお供 常温保存 (かつお)","","53250","78176","48 %","10","27","45","72","","3.8","9","4,280","4,280","0 %","さかのぶらざーず (99%) / A1MHXYNDO79WG9","yes","","","","","","100 %","1","1","4,280","4,279","0 %","4,280","4,280","","-","","4,280","","-","","","","1","1","0 %","https://www.amazon.co.jp/dp/B0FV5WVRFL?psc=1","https://keepa.com/#!product/5-B0FV5WVRFL","食品・飲料・お酒","塩辛・珍味","食品・飲料・お酒 › 生鮮魚介類・水産加工品 › 塩辛・珍味","B0FV5WVRFL","4595986803135","石原水産","NAZONO","1","","","33","22.8","6.4","900","","","","","","yes","","","0 %","0 %","0 %","0 %","96 %","81 %","66 %","65 %","1","1","1","1","-","-","-","8","8","7"
"https://m.media-amazon.com/images/I/51QfrbTYBmL.jpg","石原水産 まぐろチーズ 190g ３個セット","","56906","57204","-72 %","11","34","71","144","","4.3","50","2,564","2,564","0 %","World NEXT （無休・即日発送） (92%) / A3L1BD8LA6USKU","no","","","","","","100 %","1","1","2,564","2,564","0 %","3,100","2,912","0 %","YUショップ福岡 (96%) / A1L1GHPJRXEY2Y","2,564","2,564","0 %","World NEXT （無休・即日発送） (92%) / A3L1BD8LA6USKU; オンラインショップ Octas (91%) / A25NVJE9ZPQP7L","","","","11","11","0 %","https://www.amazon.co.jp/dp/B09RW3FD13","https://keepa.com/#!product/5-B09RW3FD13","食品・飲料・お酒","ナチュラルチーズ","食品・飲料・お酒 › 乳製品・卵・植物由来代替品 › チーズ › ナチュラルチーズ","B09RW3FD13","4906283022714","石原水産","石原水産","3","","","27.8","22.4","6","650","3","5","23","29","190","no","","","0 %","0 %","0 %","0 %","100 %","100 %","84 %","83 %","1","2","3","5","-","-","1","8","8","8"
"https://m.media-amazon.com/images/I/5177EX+th9L.jpg","石原水産 チーズかつお 220g×2袋セット チーズ おつまみ お魚屋さん がつくった 大人のおつまみ 晩酌 ビール 日本酒 焼酎","","57631","70078","42 %","12","39","72","144","50","4.4","8","1,702","1,781","7 %","東北卸売商店　福島支店 (94%) / A2LW28EQ7UZMPT","no","","","","","","100 %","1","1","1,789","1,832","7 %","","2,000","","-","1,790","1,832","7 %","東北卸売商店　福島支店 (94%) / A2LW28EQ7UZMPT","","","","3","3","0 %","https://www.amazon.co.jp/dp/B0D5CQX7QT","https://keepa.com/#!product/5-B0D5CQX7QT","食品・飲料・お酒","塩辛・珍味","食品・飲料・お酒 › 生鮮魚介類・水産加工品 › 塩辛・珍味","B0D5CQX7QT","","","ノーブランド品","2","","","27.6","23.9","7","480","","","","","","no","","","0 %","0 %","0 %","0 %","65 %","59 %","79 %","79 %","3","3","3","3","78","88","54","18","15","13"
"https://m.media-amazon.com/images/I/51Y3Elu2fbL.jpg;https://m.media-amazon.com/images/I/61PYUo+NF7L.jpg;https://m.media-amazon.com/images/I/61K638XRz5L.jpg;https://m.media-amazon.com/images/I/61Z9589G1WL.jpg;https://m.media-amazon.com/images/I/71yn4zmn-+L.jpg;https://m.media-amazon.com/images/I/61zLhOPgarL.jpg;https://m.media-amazon.com/images/I/51i1GcJjKQL.jpg;https://m.media-amazon.com/images/I/612lNkyWjkL.jpg","【3袋セット｜チーズかつお220g入】【ジャパンフードセレクション金賞受賞】販売累計1億粒！石原水産の簡単な大人のおつまみ 晩酌 ビール 日本酒 焼酎 ワインの酒の肴｜手軽にお弁当、おかず、おやつのにも｜個包装・真空パック・小分けで便利｜濃厚な鰹角煮と特製チーズの絶妙なハーモニー｜贈答・ギフト","","60523","49466","46 %","9","30","68","134","","4.3","10","2,830","2,830","0 %","モリタストア (88%) / AYC4Z8PML8T30","yes","","","","","","100 %","1","1","2,830","2,830","0 %","2,830","2,830","0 %","モリタストア (88%) / AYC4Z8PML8T30","2,830","2,830","0 %","モリタストア (88%) / AYC4Z8PML8T30","3,240","3,240","0 %","2","2","0 %","https://www.amazon.co.jp/dp/B0DT4XNK46?psc=1","https://keepa.com/#!product/5-B0DT4XNK46","食品・飲料・お酒","おつまみ・珍味","食品・飲料・お酒 › 菓子・スナック › おつまみ・珍味","B0DT4XNK46","","石原水産","ノーブランド品","3","1","","27.9","20.3","8.8","740","","10","20","25","660","no","","","0 %","0 %","0 %","0 %","100 %","100 %","100 %","100 %","1","1","1","1","-","-","-","8","8","8"
"https://m.media-amazon.com/images/I/61G2edvjIVL.jpg;https://m.media-amazon.com/images/I/71rVuE+aMlL.jpg;https://m.media-amazon.com/images/I/71ew9ZXHuLL.jpg;https://m.media-amazon.com/images/I/71yPgfBhJIL.jpg;https://m.media-amazon.com/images/I/71to9souIvL.jpg","チーズかつお 石原水産 220g おつまみ 珍味 静岡 で1億粒突破 晩酌 かつお チーズ 個包装 おやつ 鰹 角煮","","87296","100414","-15 %","5","21","49","96","","4.4","20","948","948","0 %","オンラインショップ Octas (91%) / A25NVJE9ZPQP7L","no","","","","","","100 %","1","1","948","861","0 %","","","","-","948","959","","-","972","972","0 %","2","2","0 %","https://www.amazon.co.jp/dp/B0CKNYLH52?psc=1","https://keepa.com/#!product/5-B0CKNYLH52","食品・飲料・お酒","おつまみ・珍味","食品・飲料・お酒 › 菓子・スナック › おつまみ・珍味","B0CKNYLH52","","石原水産","ノーブランド品","1","","","28.4","19.3","3.2","220","1","","","","","no","","","0 %","0 %","0 %","0 %","100 %","98 %","99 %","99 %","1","1","1","1","-","-","23","8","8","12"
"https://m.media-amazon.com/images/I/61B+ILMMB2L.jpg;https://m.media-amazon.com/images/I/61MxlzewK7L.jpg;https://m.media-amazon.com/images/I/71F2jf6+B1L.jpg;https://m.media-amazon.com/images/I/51tMZsuIVoL.jpg;https://m.media-amazon.com/images/I/71FVg0jAz3L.jpg;https://m.media-amazon.com/images/I/51MA5eiZcTL.jpg;https://m.media-amazon.com/images/I/616v4rCxAAL.jpg","マグロの生ハム キハダマグロ Mサイズ 魚肉を使った生ハム 赤身 石原水産 鮪 刺身 冷凍ストック (1本)","","88042","103625","17 %","7","21","37","73","","3.8","20","2,193","2,207","1 %","DPLife (0%) / AGDV51L03K5EG","no","","","","","","100 %","1","1","2,200","1,651","1 %","2,200","2,200","","-","2,278","2,371","","-","2,600","2,600","0 %","2","2","0 %","https://www.amazon.co.jp/dp/B0FG2TTX8C?psc=1","https://keepa.com/#!product/5-B0FG2TTX8C","食品・飲料・お酒","おつまみ・珍味","食品・飲料・お酒 › 菓子・スナック › おつまみ・珍味","B0FG2TTX8C","","石原水産","D.P.Life","1","","","20","8","3","160","","","","","","no","","","0 %","0 %","0 %","0 %","100 %","100 %","100 %","100 %","1","1","1","1","10","48","365","8","17","69"
"https://m.media-amazon.com/images/I/61fm6rDdjvL.jpg;https://m.media-amazon.com/images/I/414c8-T8dFL.jpg","食べるおだし かつお ３袋セット 石原水産","","88304","81470","6 %","5","16","40","85","","4.4","21","1,650","1,650","0 %","いいね！ワールドセレクトショップ（インボイス対応店） (100%) / A2MWJMM75BB8X","yes","","","","","","100 %","1","1","1,650","1,650","0 %","1,650","1,650","0 %","いいね！ワールドセレクトショップ（インボイス対応店） (100%) / A2MWJMM75BB8X","","","","-","","","","1","1","0 %","https://www.amazon.co.jp/dp/B0C6MNMSS2","https://keepa.com/#!product/5-B0C6MNMSS2","食品・飲料・お酒","生鮮魚介類・水産加工品","食品・飲料・お酒 › 生鮮魚介類・水産加工品","B0C6MNMSS2","","石原水産","ノーブランド品","1","3","","21.9","17.1","7.9","190","3","","","","50","yes","","","0 %","0 %","0 %","0 %","100 %","100 %","100 %","98 %","1","1","1","1","-","-","-","8","8","8"
"https://m.media-amazon.com/images/I/61AVGWVgMnL.jpg;https://m.media-amazon.com/images/I/71rVuE+aMlL.jpg;https://m.media-amazon.com/images/I/71ew9ZXHuLL.jpg;https://m.media-amazon.com/images/I/71yPgfBhJIL.jpg;https://m.media-amazon.com/images/I/71to9souIvL.jpg;https://m.media-amazon.com/images/I/61-jFnrKrwL.jpg","チーズかつお 220g×3 チーズ おつまみ 石原水産 [ 静岡 で1億粒突破] つまみ-セット 摘み","","88472","110861","-14 %","4","20","49","92","","4.4","20","2,771","2,771","0 %","オンラインショップ Octas (91%) / A25NVJE9ZPQP7L","no","","","","","","100 %","1","1","2,771","2,795","0 %","","","","-","2,771","2,796","","-","2,916","2,916","0 %","2","2","0 %","https://www.amazon.co.jp/dp/B0CJ8LG63G?psc=1","https://keepa.com/#!product/5-B0CJ8LG63G","食品・飲料・お酒","おつまみ・珍味","食品・飲料・お酒 › 菓子・スナック › おつまみ・珍味","B0CJ8LG63G","","石原水産","ノーブランド品","1","","","29.3","28.3","7.5","750","1","27.9","20.3","6","740","no","","","0 %","0 %","0 %","0 %","100 %","85 %","92 %","96 %","1","1","1","1","-","-","50","8","8","8"
"https://m.media-amazon.com/images/I/816gFaotw9L.jpg;https://m.media-amazon.com/images/I/71brRIO1XTL.jpg;https://m.media-amazon.com/images/I/61MzIGT377L.jpg;https://m.media-amazon.com/images/I/51MI9+NbIFL.jpg","石原水産 食べるおだし 3種アソート (かつお 50g/まぐろ 35g/ぶり 40g) 各5袋ずつ 計15袋セット ケース販売 かつおスライス","国産まぐろ/かつお/ぶり使用 だし香る醤油仕立て 生姜醤油仕立て 焼津 乾物 干物 酒のおつまみ チャック付き袋入り オリジナルおしぼり付き","104307","107300","28 %","6","11","26","30","","5","1","6,721","6,675","-2 %","【公式】リフココ ～食と暮らしを楽しく～（インボイス制度対応店） (99%) / A18COIYGTMT3AC","yes","","","","","","100 %","1","1","6,675","6,615","-2 %","6,675","6,622","-2 %","【公式】リフココ ～食と暮らしを楽しく～（インボイス制度対応店） (99%) / A18COIYGTMT3AC","","","","-","0","0","0 %","1","1","0 %","https://www.amazon.co.jp/dp/B0GHYMFTPP?psc=1","https://keepa.com/#!product/5-B0GHYMFTPP","食品・飲料・お酒","おつまみ・珍味","食品・飲料・お酒 › 菓子・スナック › おつまみ・珍味","B0GHYMFTPP","4580865173003","石原水産","リフココ","15","15","","31.5","24.5","11","1050","","","","","","yes","","","0 %","0 %","0 %","0 %","100 %","39 %","70 %","72 %","1","1","1","1","170","180","137","8","7","6"
"https://m.media-amazon.com/images/I/71KsJLWfEiL.jpg;https://m.media-amazon.com/images/I/812iQhUhVxL.jpg;https://m.media-amazon.com/images/I/913Axmexa6L.jpg;https://m.media-amazon.com/images/I/817GeNbs-AL.jpg;https://m.media-amazon.com/images/I/81lytMhhEqL.jpg;https://m.media-amazon.com/images/I/81jq9NLKjZL.jpg","石原水産 食べるおだし 33ｇ×5袋","","105307","129490","12 %","11","27","35","63","","5","2","1,837","1,828","-2 %","Amazon","yes","1,867","1,828","1,823","-2 %","1000","0 %","0","0","1,828","1,822","-2 %","","1,843","","-","","","","-","1,750","1,820","0 %","1","1","0 %","https://www.amazon.co.jp/dp/B0DK6GNB7J","https://keepa.com/#!product/5-B0DK6GNB7J","食品・飲料・お酒","おつまみ・珍味","食品・飲料・お酒 › 菓子・スナック › おつまみ・珍味","B0DK6GNB7J","4570134971102","石原水産","石原水産","5","5","2024-11-01","25.1","17.9","9.9","230","","","","","","no","","","100 %","100 %","100 %","100 %","100 %","100 %","100 %","100 %","1","1","1","1","16","28","42","4","8","29"
"https://m.media-amazon.com/images/I/81pDj8w9TlL.jpg;https://m.media-amazon.com/images/I/51MI9+NbIFL.jpg","石原水産 食べるおだし 2種アソート（かつお 50g まぐろ 35g）各5袋ずつ 計10袋セット ケース販売 かつおスライス","国産かつお使用 だし香る醤油仕立て 焼津産 酒のおつまみ チャック付き袋入り オリジナルおしぼり付き","107959","107037","30 %","4","9","22","45","","4.3","3","4,655","4,669","-2 %","【公式】リフココ ～食と暮らしを楽しく～（インボイス制度対応店） (99%) / A18COIYGTMT3AC","yes","","","","","","100 %","1","1","4,669","4,584","-2 %","4,669","4,594","-2 %","【公式】リフココ ～食と暮らしを楽しく～（インボイス制度対応店） (99%) / A18COIYGTMT3AC","","","","-","0","0","0 %","1","1","0 %","https://www.amazon.co.jp/dp/B0FTZ2G35M?psc=1","https://keepa.com/#!product/5-B0FTZ2G35M","食品・飲料・お酒","おつまみ・珍味","食品・飲料・お酒 › 菓子・スナック › おつまみ・珍味","B0FTZ2G35M","4570139874347","石原水産","リフココ","10","10","","32.2","25.3","12.2","800","","","","","","yes","","","0 %","0 %","0 %","0 %","100 %","62 %","75 %","71 %","1","1","1","1","123","119","104","8","7","7"
"https://m.media-amazon.com/images/I/61z7uTfgfUL.jpg;https://m.media-amazon.com/images/I/61KNZFkk-AL.jpg;https://m.media-amazon.com/images/I/61JPCtD+TVL.jpg;https://m.media-amazon.com/images/I/412tLK+KyIL.jpg;https://m.media-amazon.com/images/I/51RNzRtciqL.jpg","網元大将 石原水産 まぐろの角煮110ｇ ゆうパケ","","112022","117072","-62 %","4","15","34","75","","4","9","773","780","-3 %","瀬戸内の珍味　網元大将 (91%) / A30BAMC0226T2D","no","","","","","","100 %","1","1","780","618","-3 %","","","","-","780","739","","-","","","","1","1","0 %","https://www.amazon.co.jp/dp/B08W56J39D?psc=1","https://keepa.com/#!product/5-B08W56J39D","食品・飲料・お酒","魚介類の佃煮","食品・飲料・お酒 › 漬物・佃煮・煮豆 › 佃煮 › 魚介類の佃煮","B08W56J39D","4906283021724","石原水産","網元大将","1","1","","","","","","1","","","","110","no","","","0 %","0 %","0 %","0 %","100 %","100 %","100 %","100 %","1","1","1","1","45","41","76","51","57","86"
"https://m.media-amazon.com/images/I/61z7uTfgfUL.jpg;https://m.media-amazon.com/images/I/610zbdiA5hL.jpg;https://m.media-amazon.com/images/I/61JPCtD+TVL.jpg;https://m.media-amazon.com/images/I/413WuvVBfsL.jpg;https://m.media-amazon.com/images/I/51QNTNGjfvL.jpg","網元大将 石原水産 まぐろの角煮110ｇ (２袋) ゆうパケ","","120621","114438","-50 %","4","16","29","62","","4","9","1,000","1,000","0 %","瀬戸内の珍味　網元大将 (91%) / A30BAMC0226T2D","no","","","","","","100 %","1","1","1,000","1,000","0 %","","","","-","1,000","1,000","","-","","","","1","1","0 %","https://www.amazon.co.jp/dp/B0DVYKH2PV?psc=1","https://keepa.com/#!product/5-B0DVYKH2PV","食品・飲料・お酒","魚介類の佃煮","食品・飲料・お酒 › 漬物・佃煮・煮豆 › 佃煮 › 魚介類の佃煮","B0DVYKH2PV","","石原水産","網元大将","2","1","","","","","","","","","","110","no","","","0 %","0 %","0 %","0 %","100 %","100 %","100 %","98 %","1","1","1","1","-","-","-","8","8","8"
"https://m.media-amazon.com/images/I/61aarLVO9ZL.jpg;https://m.media-amazon.com/images/I/51wFPjN8XYL.jpg;https://m.media-amazon.com/images/I/71CRgMqmfCL.jpg;https://m.media-amazon.com/images/I/51Vw-3t7EvL.jpg;https://m.media-amazon.com/images/I/71hrcrA0OxL.jpg;https://m.media-amazon.com/images/I/410rAxv3wZL.jpg;https://m.media-amazon.com/images/I/71z6I2na7oL.jpg;https://m.media-amazon.com/images/I/61ehISDTy8L.jpg;https://m.media-amazon.com/images/I/61Rf-pczMBL.jpg","【３種類】食べるおだし かつお/まぐろ/ぶり (各3袋) 石原水産 まとめ買いセット 生姜醤油仕立て 魚屋のプロが作った万能な燻し乾物 干物 冷奴 パスタ 卵かけご飯 うどん 大人のおつまみ おやつ オードブル アレンジ 自由自在","","121115","109328","32 %","5","18","43","87","","4.6","3","3,980","3,980","0 %","TopSeller_Book (83%) / ALW5PGB61PEXK","yes","","","","","","100 %","1","1","3,980","3,980","0 %","3,980","3,980","0 %","TopSeller_Book (83%) / ALW5PGB61PEXK","3,980","3,980","0 %","TopSeller_Book (83%) / ALW5PGB61PEXK","","","","2","2","0 %","https://www.amazon.co.jp/dp/B0DWMFLSQH","https://keepa.com/#!product/5-B0DWMFLSQH","食品・飲料・お酒","和風だし","食品・飲料・お酒 › 調味料・食用油・ドレッシング › 和風だし","B0DWMFLSQH","","ノーブランド","ノーブランド品","9","9","","25.9","19.7","12.3","580","","","","","","no","","","0 %","0 %","0 %","0 %","100 %","100 %","100 %","100 %","1","1","1","1","-","-","-","8","8","8"
"https://m.media-amazon.com/images/I/61yXYQb8hDL.jpg","石原水産 チーズかつお 245g","","123204","92076","37 %","5","14","38","92","","4","108","980","980","0 %","World NEXT （無休・即日発送） (92%) / A3L1BD8LA6USKU","no","","","","","","100 %","1","1","980","980","0 %","","1,000","","-","980","980","0 %","World NEXT （無休・即日発送） (92%) / A3L1BD8LA6USKU","","","","1","1","0 %","https://www.amazon.co.jp/dp/B0038P1FGW","https://keepa.com/#!product/5-B0038P1FGW","食品・飲料・お酒","おつまみ・珍味","食品・飲料・お酒 › 菓子・スナック › おつまみ・珍味","B0038P1FGW","4906283022981","石原水産","石原水産","1","1","1994-10-01","28.1","19.3","3.1","250","1","","","","100","no","","","0 %","0 %","0 %","0 %","100 %","97 %","98 %","94 %","1","1","1","2","-","-","1","8","8","8"
"https://m.media-amazon.com/images/I/71QvB7Y7JVL.jpg;https://m.media-amazon.com/images/I/71yPgfBhJIL.jpg;https://m.media-amazon.com/images/I/71ns5PVqLbL.jpg;https://m.media-amazon.com/images/I/71rVuE+aMlL.jpg;https://m.media-amazon.com/images/I/71to9souIvL.jpg","チーズかつお 220g×2 まぐろチーズ 190g×2 チーズ おつまみ 石原水産 [ 静岡 で1億粒突破] 摘み","","128406","150510","-30 %","6","18","40","67","","5","3","3,698","3,698","0 %","オンラインショップ Octas (91%) / A25NVJE9ZPQP7L","no","","","","","","100 %","1","1","3,698","3,361","0 %","","","","-","3,698","3,754","","-","3,888","3,888","0 %","2","2","0 %","https://www.amazon.co.jp/dp/B0CJ8N139M?psc=1","https://keepa.com/#!product/5-B0CJ8N139M","食品・飲料・お酒","おつまみ・珍味","食品・飲料・お酒 › 菓子・スナック › おつまみ・珍味","B0CJ8N139M","","石原水産","ノーブランド品","1","","","39.3","29.1","6.4","940","1","","","","190","no","","","0 %","0 %","0 %","0 %","100 %","94 %","97 %","98 %","1","1","1","1","-","-","406","8","8","88"
"https://m.media-amazon.com/images/I/712u6mbxVfL.jpg;https://m.media-amazon.com/images/I/71rVuE+aMlL.jpg;https://m.media-amazon.com/images/I/71yPgfBhJIL.jpg;https://m.media-amazon.com/images/I/71ns5PVqLbL.jpg;https://m.media-amazon.com/images/I/71to9souIvL.jpg","チーズかつお 220g×3 まぐろチーズ 190g×3 チーズ おつまみ 石原水産 [ 静岡 で1億粒突破] 摘み","","130251","147642","-28 %","5","15","30","54","","5","1","5,199","5,199","0 %","オンラインショップ Octas (91%) / A25NVJE9ZPQP7L","no","","","","","","100 %","1","1","5,199","4,790","0 %","","","","-","5,199","5,380","","-","5,832","5,832","0 %","2","2","0 %","https://www.amazon.co.jp/dp/B0CJ8MXDW6?psc=1","https://keepa.com/#!product/5-B0CJ8MXDW6","食品・飲料・お酒","おつまみ・珍味","食品・飲料・お酒 › 菓子・スナック › おつまみ・珍味","B0CJ8MXDW6","","石原水産","ノーブランド品","1","","","39.4","27.9","8.2","1400","1","","","","190","no","","","0 %","0 %","0 %","0 %","100 %","97 %","98 %","99 %","1","1","1","1","-","-","407","8","8","63"
"https://m.media-amazon.com/images/I/51hRpeMS2CL.jpg;https://m.media-amazon.com/images/I/61XypzPbCWL.jpg;https://m.media-amazon.com/images/I/71G+FI4Q3YL.jpg;https://m.media-amazon.com/images/I/51RBnKWRxDL.jpg;https://m.media-amazon.com/images/I/51R8IDJelGL.jpg;https://m.media-amazon.com/images/I/61oyU3xzsfL.jpg;https://m.media-amazon.com/images/I/41ItGZaBI2L.jpg;https://m.media-amazon.com/images/I/61V6bP8MfpL.jpg","絶旨グルメ 【 まぐろの 生ハム 】180g×2本 [石原水産 静岡県 吉田町 22424097]","","135222","135222","-380 %","0","0","0","0","","","","","","","-","no","","","","","","100 %","1","1","","","","","","","-","","","","-","","","","","","","https://www.amazon.co.jp/dp/B0DK695995","https://keepa.com/#!product/5-B0DK695995","食品・飲料・お酒","ハム","食品・飲料・お酒 › 精肉・肉加工品 › 肉加工品 › ハム","B0DK695995","","石原水産株式会社","ノーブランド品","2","1","","","","","","","","","","","no","","","0 %","0 %","0 %","0 %","0 %","0 %","0 %","0 %","0","0","0","0","-","-","-","","",""
"https://m.media-amazon.com/images/I/61ozctqjFnL.jpg;https://m.media-amazon.com/images/I/61Kz4p7h6nL.jpg;https://m.media-amazon.com/images/I/61WEmOVLZcL.jpg","まぐろチーズ 190g 石原水産 5袋セット 個包装","","135385","139525","52 %","8","20","35","66","","4.6","13","4,188","4,302","-4 %","イルカ堂(販売事業部) (100%) / AMOHAC1RM7O0U","yes","","","","","","100 %","1","1","4,298","4,369","-4 %","4,311","4,411","","-","4,302","4,425","","-","","","","3","3","0 %","https://www.amazon.co.jp/dp/B0CWWJPXW6","https://keepa.com/#!product/5-B0CWWJPXW6","食品・飲料・お酒","ナチュラルチーズ","食品・飲料・お酒 › 乳製品・卵・植物由来代替品 › チーズ › ナチュラルチーズ","B0CWWJPXW6","","石原水産","Generic","5","5","","31.5","22.5","10.8","1100","","","","","190","no","","","0 %","0 %","0 %","0 %","94 %","93 %","84 %","56 %","2","2","2","3","270","187","178","53","13","14"
"https://m.media-amazon.com/images/I/51NkpnfqoxL.jpg;https://m.media-amazon.com/images/I/51CsATOgNdL.jpg","石原水産 まぐろチーズ 190g×2袋セット チーズ おつまみ お魚屋さんがつくった大人のおつまみ 晩酌 ビール 日本酒 焼酎","","138573","140409","-21 %","5","14","27","54","","4.5","6","1,880","1,880","0 %","東北卸売商店　福島支店 (94%) / A2LW28EQ7UZMPT","no","","","","","","100 %","1","1","1,880","1,880","0 %","","","","-","1,880","1,880","0 %","東北卸売商店　福島支店 (94%) / A2LW28EQ7UZMPT","","","","1","1","0 %","https://www.amazon.co.jp/dp/B0D5CQJL1Z","https://keepa.com/#!product/5-B0D5CQJL1Z","食品・飲料・お酒","おつまみ・珍味","食品・飲料・お酒 › 菓子・スナック › おつまみ・珍味","B0D5CQJL1Z","","","ノーブランド品","2","","","10","10","2","500","","","","","190","no","","","0 %","0 %","0 %","0 %","100 %","100 %","85 %","89 %","1","1","1","1","-","-","-","8","8","8"
"https://m.media-amazon.com/images/I/61yExI3IJXL.jpg;https://m.media-amazon.com/images/I/61w-6TVklRL.jpg;https://m.media-amazon.com/images/I/51piDOJTGcL.jpg;https://m.media-amazon.com/images/I/41Mls3uEnlL.jpg;https://m.media-amazon.com/images/I/51u4Zrj+K0L.jpg;https://m.media-amazon.com/images/I/61yExI3IJXL.jpg","石原水産 食べるおだし50ｇ (8袋) Topsellerオリジナル開封日シールセット おまけ付き 鰹だし 冷奴のトッピング、パスタ、卵かけご飯","","148922","126346","-28 %","2","12","28","69","","4.1","7","3,597","3,598","1 %","TopSeller_Book (83%) / ALW5PGB61PEXK","yes","","","","","","100 %","1","1","3,598","3,588","1 %","3,580","3,580","0 %","TopSeller_Book (83%) / ALW5PGB61PEXK","3,620","3,620","0 %","TopSeller_Book (83%) / ALW5PGB61PEXK","","","","2","2","0 %","https://www.amazon.co.jp/dp/B0C38B8JXG","https://keepa.com/#!product/5-B0C38B8JXG","食品・飲料・お酒","洋風だし","食品・飲料・お酒 › 調味料・食用油・ドレッシング › 洋風だし","B0C38B8JXG","","","ノーブランド品","8","","","26.5","19.9","11.9","610","8","","","","50","no","","","0 %","0 %","0 %","0 %","100 %","100 %","100 %","98 %","1","1","1","1","20","20","16","8","8","8"
"https://m.media-amazon.com/images/I/71suqnVnAuL.jpg;https://m.media-amazon.com/images/I/61aaNVZdkKL.jpg;https://m.media-amazon.com/images/I/61bqYbYbxyL.jpg;https://m.media-amazon.com/images/I/61MHDHYGj1L.jpg;https://m.media-amazon.com/images/I/714jiY3XA6L.jpg;https://m.media-amazon.com/images/I/71d1PiFecZL.jpg;https://m.media-amazon.com/images/I/61fr13qSJzL.jpg;https://m.media-amazon.com/images/I/61lb7qjA3iL.jpg;https://m.media-amazon.com/images/I/71YVejSJeCL.jpg","【石原水産】各2袋セット｜合計4袋｜まぐろチーズ190g＆チーズかつお220g｜静岡焼津産｜水産庁長官受賞品・ジャパンフードセレクション金賞受賞｜販売累計1億粒突破！ 食べ比べ 晩酌 ビール 日本酒 焼酎 ワイン 酒の肴｜個包装・真空パック・小分けで便利｜おつまみ・おやつ・お弁当・おかず・贈答に最適","","149278","113766","-46 %","1","12","25","78","","5","1","3,880","3,880","0 %","nest+(ネストプラス) (100%) / A14Z1DNP0K0KHV","yes","","","","","","100 %","1","1","3,880","3,782","0 %","3,880","3,777","0 %","nest+(ネストプラス) (100%) / A14Z1DNP0K0KHV","","","","-","0","0","0 %","1","1","0 %","https://www.amazon.co.jp/dp/B0FLX3BPPJ","https://keepa.com/#!product/5-B0FLX3BPPJ","食品・飲料・お酒","乾燥わかめ","食品・飲料・お酒 › 乾物 › 乾燥わかめ","B0FLX3BPPJ","","ノーブランド","ノーブランド品","4","","","28","27.8","8","920","","","","","","no","","","0 %","0 %","0 %","0 %","100 %","96 %","98 %","99 %","1","1","1","1","-","-","154","8","8","8"
"https://m.media-amazon.com/images/I/71xwsqAD5JL.jpg;https://m.media-amazon.com/images/I/71WOXGG3FKL.jpg;https://m.media-amazon.com/images/I/71WxGrtWRkL.jpg;https://m.media-amazon.com/images/I/71lD3YEMG3L.jpg;https://m.media-amazon.com/images/I/71ns5PVqLbL.jpg;https://m.media-amazon.com/images/I/711qKTQOgvL.jpg","まぐろチーズ 190g×4 チーズ おつまみ 石原水産 [ 静岡 で1億粒突破] つまみ-セット 摘み","","149909","240859","36 %","5","13","32","46","","4.1","6","3,698","3,698","0 %","オンラインショップ Octas (91%) / A25NVJE9ZPQP7L","no","","","","","","100 %","1","1","3,698","3,337","0 %","","","","-","3,698","3,754","","-","2,999","2,999","0 %","2","2","0 %","https://www.amazon.co.jp/dp/B0CJ8M1BGB?psc=1","https://keepa.com/#!product/5-B0CJ8M1BGB","食品・飲料・お酒","おつまみ・珍味","食品・飲料・お酒 › 菓子・スナック › おつまみ・珍味","B0CJ8M1BGB","","石原水産","ノーブランド品","1","","","29","20","8","1000","1","","","","","no","","","0 %","0 %","0 %","0 %","100 %","85 %","93 %","96 %","1","1","1","1","-","-","385","8","8","88"
"https://m.media-amazon.com/images/I/51p18wIMU4L.jpg;https://m.media-amazon.com/images/I/61JF0-zsx-L.jpg;https://m.media-amazon.com/images/I/71G+FI4Q3YL.jpg;https://m.media-amazon.com/images/I/51BG58nXSWL.jpg;https://m.media-amazon.com/images/I/51OXSIST-0L.jpg;https://m.media-amazon.com/images/I/51yqceONI5L.jpg;https://m.media-amazon.com/images/I/513sPf1nY+L.jpg","お魚屋さんがつくった大人のおつまみ チーズかつお (大・小)×1 & まぐろチーズ(大)×1 (小)×2 計5袋 [石原水産 静岡県 吉田町 22424095]","","162298","165145","-160 %","1","1","1","1","","","","","","","-","no","","","","","","100 %","1","1","","","","","","","-","","","","-","","","","","","","https://www.amazon.co.jp/dp/B0DK69K9HY","https://keepa.com/#!product/5-B0DK69K9HY","食品・飲料・お酒","おつまみ・珍味","食品・飲料・お酒 › 菓子・スナック › おつまみ・珍味","B0DK69K9HY","","石原水産株式会社","ノーブランド品","5","1","","","","","","","","","","","no","","","0 %","0 %","0 %","0 %","0 %","0 %","0 %","0 %","0","0","0","0","-","-","-","","",""
"https://m.media-amazon.com/images/I/61eaReWgnWL.jpg;https://m.media-amazon.com/images/I/51wWUkwWdvL.jpg;https://m.media-amazon.com/images/I/61+qAiBB8wL.jpg","チーズかつお 石原水産 220g 5袋セット 個包装","","163290","148506","-6 %","4","10","20","53","","4.8","10","4,407","4,364","-3 %","イルカ堂(販売事業部) (100%) / AMOHAC1RM7O0U","yes","","","","","","100 %","1","1","4,364","4,386","-3 %","4,364","4,395","-3 %","イルカ堂(販売事業部) (100%) / AMOHAC1RM7O0U","5,002","4,731","0 %","Feblu (0%) / AX0DETHF3X76Q","","","","2","2","0 %","https://www.amazon.co.jp/dp/B0CWWPM1WT","https://keepa.com/#!product/5-B0CWWPM1WT","食品・飲料・お酒","おつまみ・珍味","食品・飲料・お酒 › 菓子・スナック › おつまみ・珍味","B0CWWPM1WT","","石原水産","Generic","5","","","32.1","23.1","12","1230","","","","","","no","","6 %","0 %","0 %","0 %","0 %","100 %","100 %","100 %","87 %","1","1","1","3","44","56","159","8","8","28"
"https://m.media-amazon.com/images/I/7156cgtiPlL.jpg;https://m.media-amazon.com/images/I/51wFPjN8XYL.jpg;https://m.media-amazon.com/images/I/71CRgMqmfCL.jpg;https://m.media-amazon.com/images/I/51Vw-3t7EvL.jpg;https://m.media-amazon.com/images/I/71hrcrA0OxL.jpg;https://m.media-amazon.com/images/I/410rAxv3wZL.jpg;https://m.media-amazon.com/images/I/71z6I2na7oL.jpg;https://m.media-amazon.com/images/I/61ehISDTy8L.jpg;https://m.media-amazon.com/images/I/61Rf-pczMBL.jpg","【３種類】食べるおだし かつお/まぐろ/ぶり (各5袋) 石原水産 まとめ買いセット 生姜醤油仕立て 魚屋のプロが作った万能な燻し乾物 干物 冷奴 パスタ 卵かけご飯 うどん 大人のおつまみ おやつ オードブル アレンジ 自由自在","","165704","174713","-53 %","1","9","22","45","","","","5,980","5,980","0 %","TopSeller_Book (83%) / ALW5PGB61PEXK","yes","","","","","","100 %","1","1","5,980","5,980","0 %","5,980","5,980","0 %","TopSeller_Book (83%) / ALW5PGB61PEXK","5,980","5,980","0 %","TopSeller_Book (83%) / ALW5PGB61PEXK","","","","2","2","0 %","https://www.amazon.co.jp/dp/B0DWMJQTXT","https://keepa.com/#!product/5-B0DWMJQTXT","食品・飲料・お酒","削り節・鰹節","食品・飲料・お酒 › 乾物 › 削り節・鰹節","B0DWMJQTXT","","ノーブランド","ノーブランド品","15","15","","31.4","23","15.3","970","","","","","","no","","","0 %","0 %","0 %","0 %","100 %","100 %","98 %","92 %","1","1","1","1","-","-","-","8","8","8"
"https://m.media-amazon.com/images/I/810xa5WEv9L.jpg;https://m.media-amazon.com/images/I/51MI9+NbIFL.jpg","石原水産 食べるおだし かつお 50g×15袋セット ケース販売 かつおスライス 国産かつお使用 だし香る醤油仕立て","焼津産 酒のおつまみ チャック付き袋入り オリジナルおしぼり付き","166929","155535","33 %","3","9","21","22","","","","6,677","6,737","-2 %","【公式】リフココ ～食と暮らしを楽しく～（インボイス制度対応店） (99%) / A18COIYGTMT3AC","yes","","","","","","100 %","1","1","6,737","6,742","-2 %","6,737","6,742","-2 %","【公式】リフココ ～食と暮らしを楽しく～（インボイス制度対応店） (99%) / A18COIYGTMT3AC","","","","-","0","0","0 %","1","1","0 %","https://www.amazon.co.jp/dp/B0GHYYKRFV?psc=1","https://keepa.com/#!product/5-B0GHYYKRFV","食品・飲料・お酒","おつまみ・珍味","食品・飲料・お酒 › 菓子・スナック › おつまみ・珍味","B0GHYYKRFV","4580865173102","石原水産","リフココ","15","15","","32","25.5","11.5","1200","","","","","","yes","","","0 %","0 %","0 %","0 %","100 %","74 %","74 %","74 %","1","1","1","1","179","163","157","8","8","5"
"https://m.media-amazon.com/images/I/61F51o2Ta4L.jpg;https://m.media-amazon.com/images/I/51wFPjN8XYL.jpg;https://m.media-amazon.com/images/I/71CRgMqmfCL.jpg;https://m.media-amazon.com/images/I/51Vw-3t7EvL.jpg;https://m.media-amazon.com/images/I/71hrcrA0OxL.jpg;https://m.media-amazon.com/images/I/410rAxv3wZL.jpg;https://m.media-amazon.com/images/I/71z6I2na7oL.jpg;https://m.media-amazon.com/images/I/61ehISDTy8L.jpg;https://m.media-amazon.com/images/I/61Rf-pczMBL.jpg","【３種類】食べるおだし かつお/まぐろ/ぶり (各2袋) 石原水産 まとめ買いセット 生姜醤油仕立て 魚屋のプロが作った万能な燻し乾物 干物 冷奴 パスタ 卵かけご飯 うどん 大人のおつまみ おやつ オードブル アレンジ 自由自在","","169519","120909","-24 %","1","6","18","77","","4.6","6","2,980","2,980","0 %","TopSeller_Book (83%) / ALW5PGB61PEXK","yes","","","","","","100 %","1","1","2,980","2,980","0 %","2,980","2,980","0 %","TopSeller_Book (83%) / ALW5PGB61PEXK","2,980","2,980","0 %","TopSeller_Book (83%) / ALW5PGB61PEXK","","","","2","2","0 %","https://www.amazon.co.jp/dp/B0DWMG2L6Y","https://keepa.com/#!product/5-B0DWMG2L6Y","食品・飲料・お酒","和風だし","食品・飲料・お酒 › 調味料・食用油・ドレッシング › 和風だし","B0DWMG2L6Y","","ノーブランド","ノーブランド品","6","6","","21.7","19","11.2","320","","","","","","no","","","0 %","0 %","0 %","0 %","100 %","100 %","100 %","98 %","1","1","1","1","-","-","-","8","8","8"
"https://m.media-amazon.com/images/I/91OK2DQEzRL.jpg;https://m.media-amazon.com/images/I/51MI9+NbIFL.jpg","石原水産 食べるおだし まぐろ 35g×15袋セット ケース販売 だし香る醤油仕立て 焼津産 酒のおつまみ チャック付き袋入り オリジナルおしぼり付き","","181557","154694","24 %","1","7","18","21","","5","1","","6,840","","-","no","","","","","","100 %","1","1","6,840","6,665","","6,840","6,666","","-","","","","-","0","0","0 %","1","1","","https://www.amazon.co.jp/dp/B0GHYP85MR?psc=1","https://keepa.com/#!product/5-B0GHYP85MR","食品・飲料・お酒","おつまみ・珍味","食品・飲料・お酒 › 菓子・スナック › おつまみ・珍味","B0GHYP85MR","4580865173096","石原水産","リフココ","15","15","","32","25","11.5","960","","","","","","no","","","0 %","0 %","0 %","0 %","0 %","37 %","61 %","64 %","0","1","1","1","-","-","150","5","7","6"
"https://m.media-amazon.com/images/I/61pVdVzbigL.jpg;https://m.media-amazon.com/images/I/71X+o9fz1bL.jpg;https://m.media-amazon.com/images/I/71q4M+2t-8L.jpg;https://m.media-amazon.com/images/I/61a4AJ70pcL.jpg;https://m.media-amazon.com/images/I/6194v5SspgL.jpg;https://m.media-amazon.com/images/I/61262OacTJL.jpg;https://m.media-amazon.com/images/I/713Tky-y8mL.jpg;https://m.media-amazon.com/images/I/71m95Atjo2L.jpg;https://m.media-amazon.com/images/I/71TWCYJffsL.jpg","【石原水産 】食べるおだし 3種 食べ比べ おためしセット（かつお50g・まぐろ35g・ぶり40g）計125g｜そのまま食べられる天然だし｜高たんぱく・低脂質｜健康 おやつ・おつまみ・料理のトッピング・ギフトに","","186652","145472","-40 %","0","7","14","56","","4.6","3","1,880","1,880","0 %","nest+(ネストプラス) (100%) / A14Z1DNP0K0KHV","yes","","","","","","100 %","1","1","1,880","1,837","0 %","1,880","1,832","0 %","nest+(ネストプラス) (100%) / A14Z1DNP0K0KHV","","","","-","0","0","0 %","1","1","0 %","https://www.amazon.co.jp/dp/B0FLWZ3V7C","https://keepa.com/#!product/5-B0FLWZ3V7C","食品・飲料・お酒","削り節・鰹節","食品・飲料・お酒 › 乾物 › 削り節・鰹節","B0FLWZ3V7C","","ノーブランド","ノーブランド品","3","3","","27.5","16.9","6.2","160","","","","","125","no","","","0 %","0 %","0 %","0 %","100 %","100 %","100 %","98 %","1","1","1","1","-","-","78","8","8","8"
"https://m.media-amazon.com/images/I/619Gf2PcznL.jpg;https://m.media-amazon.com/images/I/61GkZOcTu0L.jpg;https://m.media-amazon.com/images/I/51piDOJTGcL.jpg;https://m.media-amazon.com/images/I/41Mls3uEnlL.jpg;https://m.media-amazon.com/images/I/619Gf2PcznL.jpg","石原水産 食べるおだし50ｇ (6袋)Topsellerオリジナル開封日シールセット おまけ付き 鰹だし 冷奴のトッピング、パスタ、卵かけご飯","","193839","167648","30 %","2","6","10","35","","4.4","15","2,880","2,880","0 %","TopSeller_Book (83%) / ALW5PGB61PEXK","yes","","","","","","100 %","1","1","2,880","2,880","0 %","2,880","2,880","0 %","TopSeller_Book (83%) / ALW5PGB61PEXK","2,880","2,880","0 %","TopSeller_Book (83%) / ALW5PGB61PEXK","","","","2","2","0 %","https://www.amazon.co.jp/dp/B0C537NT3R","https://keepa.com/#!product/5-B0C537NT3R","食品・飲料・お酒","洋風だし","食品・飲料・お酒 › 調味料・食用油・ドレッシング › 洋風だし","B0C537NT3R","","","ノーブランド品","6","6","","21.9","21","10.6","380","6","","","","50","no","","","0 %","0 %","0 %","0 %","100 %","100 %","100 %","96 %","1","1","1","1","-","-","-","8","8","8"
"https://m.media-amazon.com/images/I/61fijyMdzGL.jpg;https://m.media-amazon.com/images/I/51wFPjN8XYL.jpg;https://m.media-amazon.com/images/I/71CRgMqmfCL.jpg;https://m.media-amazon.com/images/I/51Vw-3t7EvL.jpg;https://m.media-amazon.com/images/I/71hrcrA0OxL.jpg;https://m.media-amazon.com/images/I/410rAxv3wZL.jpg;https://m.media-amazon.com/images/I/71z6I2na7oL.jpg;https://m.media-amazon.com/images/I/61ehISDTy8L.jpg;https://m.media-amazon.com/images/I/61Rf-pczMBL.jpg","【３種類】食べるおだし かつお/まぐろ/ぶり (各1袋) 石原水産 食べ比べセット 生姜醤油仕立て 魚屋のプロが作った万能な燻し乾物 干物 冷奴 パスタ 卵かけご飯 うどん 大人のおつまみ おやつ オードブル アレンジ 自由自在","","199666","207168","32 %","4","7","11","24","","4.7","3","1,643","1,641","0 %","TopSeller_Book (83%) / ALW5PGB61PEXK","yes","","","","","","100 %","1","1","1,641","1,641","0 %","1,640","1,640","0 %","TopSeller_Book (83%) / ALW5PGB61PEXK","1,650","1,650","0 %","TopSeller_Book (83%) / ALW5PGB61PEXK","","","","2","2","0 %","https://www.amazon.co.jp/dp/B0DWMJ69WH","https://keepa.com/#!product/5-B0DWMJ69WH","食品・飲料・お酒","和風だし","食品・飲料・お酒 › 調味料・食用油・ドレッシング › 和風だし","B0DWMJ69WH","","ノーブランド","ノーブランド品","3","3","","33.5","23.3","2.9","260","","","","","","no","","","0 %","0 %","0 %","0 %","100 %","100 %","100 %","91 %","1","1","1","1","5","3","4","8","8","8"
"https://m.media-amazon.com/images/I/71Q7hEygRaL.jpg;https://m.media-amazon.com/images/I/41XUgoXl62L.jpg;https://m.media-amazon.com/images/I/413Ar4PdoYL.jpg;https://m.media-amazon.com/images/I/61MV71EkNOL.jpg;https://m.media-amazon.com/images/I/41lxoF8UiKL.jpg","食べるおだし かつお50ｇ/まぐろ35g （各3袋×2種類）Topsellerオリジナル開封日シールセット おまけ付き 石原水産 冷奴 パスタ 卵かけご飯 おつまみ おやつ オードブル","","202132","169206","-7 %","1","3","8","25","","3.9","9","2,820","2,824","0 %","TopSeller_Book (83%) / ALW5PGB61PEXK","yes","","","","","","100 %","1","1","2,824","2,834","0 %","2,820","2,820","0 %","TopSeller_Book (83%) / ALW5PGB61PEXK","2,880","2,880","0 %","TopSeller_Book (83%) / ALW5PGB61PEXK","","","","2","2","0 %","https://www.amazon.co.jp/dp/B0C8HNQYT2","https://keepa.com/#!product/5-B0C8HNQYT2","食品・飲料・お酒","洋風だし","食品・飲料・お酒 › 調味料・食用油・ドレッシング › 洋風だし","B0C8HNQYT2","","","ノーブランド品","6","","","21.7","17.8","9.9","330","6","","","","50","no","","","0 %","0 %","0 %","0 %","100 %","100 %","100 %","95 %","1","1","1","1","-","14","26","8","8","8"
"https://m.media-amazon.com/images/I/71uGhouq1xL.jpg;https://m.media-amazon.com/images/I/61cZD+HQXQL.jpg;https://m.media-amazon.com/images/I/71ss8v5UQ9L.jpg;https://m.media-amazon.com/images/I/61i1bhUwn7L.jpg;https://m.media-amazon.com/images/I/71I4ZSYEtdL.jpg;https://m.media-amazon.com/images/I/61N-WCm0JeL.jpg","まぐろチーズ 190g 5個セット 石原水産 おつまみ おやつ 佃煮 角煮 甘口 個包装 [[まぐろチーズ-5p]","","210447","181927","-35 %","0","6","11","37","","4.8","19","4,300","4,300","0 %","World NEXT （無休・即日発送） (92%) / A3L1BD8LA6USKU","no","","","","","","100 %","1","1","4,300","4,263","0 %","","4,178","","-","4,300","4,262","","-","","","","1","1","0 %","https://www.amazon.co.jp/dp/B0B2DKDLTH","https://keepa.com/#!product/5-B0B2DKDLTH","食品・飲料・お酒","魚介類の佃煮","食品・飲料・お酒 › 漬物・佃煮・煮豆 › 佃煮 › 魚介類の佃煮","B0B2DKDLTH","","石原水産","まぐろ処一条","5","5","","26.9","20.3","12.7","1390","5","27","20","12.5","220","no","","","0 %","0 %","0 %","0 %","100 %","100 %","100 %","90 %","1","1","1","2","-","-","56","8","8","8"
"https://m.media-amazon.com/images/I/71viBHizU4L.jpg;https://m.media-amazon.com/images/I/51MI9+NbIFL.jpg","石原水産 チーズかつお まぐろチーズ 2種アソート 各5袋ずつ 10袋セット ケース販売 個包装 酒のつまみ","チーズおやつ お魚屋さんがつくった大人のおつまみ オリジナルおしぼり付き","226580","219183","-35 %","1","4","14","20","","4","1","8,698","8,698","","-","no","","","","","","100 %","1","1","8,698","8,549","","8,698","8,552","","-","","","","-","0","0","0 %","1","1","","https://www.amazon.co.jp/dp/B0FPCZFJZ6?psc=1","https://keepa.com/#!product/5-B0FPCZFJZ6","食品・飲料・お酒","おつまみ・珍味","食品・飲料・お酒 › 菓子・スナック › おつまみ・珍味","B0FPCZFJZ6","4570139874361","石原水産","リフココ","10","10","","39","29.5","13","2200","","","","","","no","","","0 %","0 %","0 %","0 %","27 %","72 %","59 %","59 %","1","1","1","1","-","-","97","6","7","7"
"https://m.media-amazon.com/images/I/71mXdnwuBPL.jpg;https://m.media-amazon.com/images/I/81cFzgPx5jL.jpg;https://m.media-amazon.com/images/I/81lT8I3uJuL.jpg;https://m.media-amazon.com/images/I/81d4tzMyzhL.jpg","石原水産 まぐろチーズ 41ｇ×5袋","","234299","135846","-34 %","1","6","24","68","","","","1,670","1,703","2 %","Amazon","yes","1,667","1,703","1,727","2 %","","0 %","0","0","1,703","1,691","2 %","","1,577","","-","","","","-","1,650","1,653","0 %","1","1","0 %","https://www.amazon.co.jp/dp/B0DK6HS179","https://keepa.com/#!product/5-B0DK6HS179","食品・飲料・お酒","おつまみ・珍味","食品・飲料・お酒 › 菓子・スナック › おつまみ・珍味","B0DK6HS179","4570134971096","石原水産","石原水産","5","5","2024-11-01","26.6","19","9","280","","","","","","no","","","100 %","100 %","100 %","90 %","100 %","100 %","100 %","90 %","1","1","1","1","9","28","90","4","4","48"
"https://m.media-amazon.com/images/I/41ERv8JRzNL.jpg","【お試しセット】焼津石原水産 魚屋がつくった食べるおだし かつお ぶり 乾物 2袋ずつ","","253185","262999","47 %","3","5","7","14","","","","2,890","2,890","","-","no","","","","","","100 %","1","1","2,890","2,894","","2,890","2,894","","-","","","","-","","","","1","1","","https://www.amazon.co.jp/dp/B0DXVY3YLP","https://keepa.com/#!product/5-B0DXVY3YLP","食品・飲料・お酒","干物・燻製","食品・飲料・お酒 › 生鮮魚介類・水産加工品 › 干物・燻製","B0DXVY3YLP","","食べるおだし","ノーブランド品","50","4","","22.8","20","7.2","240","","23","15","1","","no","","","0 %","0 %","0 %","0 %","74 %","91 %","93 %","59 %","1","1","1","1","-","-","5","8","8","7"
"https://m.media-amazon.com/images/I/71PVBus5WfL.jpg;https://m.media-amazon.com/images/I/8176ugE2RSL.jpg;https://m.media-amazon.com/images/I/81mnOwyhxjL.jpg;https://m.media-amazon.com/images/I/71gC7woYWtL.jpg","石原水産 チーズかつお 47ｇ×5袋","","256296","255423","-24 %","0","5","6","46","","3.1","2","1,432","1,511","22 %","Amazon","yes","1,183","1,511","1,600","22 %","","0 %","0","0","1,511","1,549","22 %","","1,413","","-","","","","-","1,650","1,650","0 %","1","1","0 %","https://www.amazon.co.jp/dp/B0DK6H2QK4","https://keepa.com/#!product/5-B0DK6H2QK4","食品・飲料・お酒","おつまみ・珍味","食品・飲料・お酒 › 菓子・スナック › おつまみ・珍味","B0DK6H2QK4","4570134971089","石原水産","石原水産","5","5","2024-11-01","24.6","14.6","8.5","290","","","","","","no","","","100 %","100 %","71 %","77 %","100 %","100 %","71 %","77 %","1","1","1","2","146","195","139","4","54","65"
"https://m.media-amazon.com/images/I/71uPeBH+iQL.jpg;https://m.media-amazon.com/images/I/41otEInhURL.jpg;https://m.media-amazon.com/images/I/416m5m0nOsL.jpg","食べるおだし まぐろ35g (10袋) 開封日シールセット おまけ付き 石原水産 冷奴 パスタ 卵かけご飯 おつまみ おやつ オードブル","","273053","246991","-1 %","1","2","4","19","","","","4,500","4,500","0 %","TopSeller_Book (83%) / ALW5PGB61PEXK","yes","","","","","","100 %","1","1","4,500","4,500","0 %","4,500","4,500","0 %","TopSeller_Book (83%) / ALW5PGB61PEXK","4,500","4,500","0 %","TopSeller_Book (83%) / ALW5PGB61PEXK","","","","1","1","-100 %","https://www.amazon.co.jp/dp/B0DBH3CPNW","https://keepa.com/#!product/5-B0DBH3CPNW","食品・飲料・お酒","削り節・鰹節","食品・飲料・お酒 › 乾物 › 削り節・鰹節","B0DBH3CPNW","","石原水産株式会社","ノーブランド品","10","10","","32.1","25.5","12.1","720","","23","16","1.5","35","no","","","0 %","0 %","0 %","0 %","100 %","100 %","100 %","99 %","1","1","1","1","-","-","-","8","8","8"
"https://m.media-amazon.com/images/I/61wfGmvodhL.jpg;https://m.media-amazon.com/images/I/41XUgoXl62L.jpg;https://m.media-amazon.com/images/I/413Ar4PdoYL.jpg;https://m.media-amazon.com/images/I/61MV71EkNOL.jpg;https://m.media-amazon.com/images/I/41lxoF8UiKL.jpg","食べるおだし かつお50ｇ/まぐろ35g （各2袋×2種類）Topsellerオリジナル開封日シールセット おまけ付き 石原水産 冷奴 パスタ 卵かけご飯 おつまみ おやつ オードブル","","274341","237077","-17 %","0","1","1","8","","4.3","7","2,280","2,280","0 %","TopSeller_Book (83%) / ALW5PGB61PEXK","no","","","","","","100 %","1","1","2,280","2,280","0 %","","2,280","","-","2,280","2,280","0 %","TopSeller_Book (83%) / ALW5PGB61PEXK","","","","1","1","0 %","https://www.amazon.co.jp/dp/B0C8HJX1DG","https://keepa.com/#!product/5-B0C8HJX1DG","食品・飲料・お酒","削り節・鰹節","食品・飲料・お酒 › 乾物 › 削り節・鰹節","B0C8HJX1DG","","","ノーブランド品","4","","","19.8","16.9","8.1","220","4","","","","50","no","","","0 %","0 %","0 %","0 %","100 %","100 %","100 %","83 %","1","1","1","1","-","-","-","8","8","8"
"https://m.media-amazon.com/images/I/61+S2sdyNqL.jpg;https://m.media-amazon.com/images/I/51JpeT0mMFL.jpg","お魚屋さんがつくった大人のチーズかつお 1袋 石原水産","","293834","332740","-84 %","0","0","0","5","","","","","","","-","no","","","","","","100 %","1","1","","1,018","","","1,020","","-","","","","-","","","","","1","","https://www.amazon.co.jp/dp/B0BC8DZMXX","https://keepa.com/#!product/5-B0BC8DZMXX","食品・飲料・お酒","おつまみ・珍味","食品・飲料・お酒 › 菓子・スナック › おつまみ・珍味","B0BC8DZMXX","","ノーブランド品","ノーブランド品","1","1","","28.5","20","3","240","0","","","","","no","","","0 %","0 %","0 %","0 %","0 %","0 %","0 %","36 %","0","0","0","1","-","-","58","5","5","7"
"https://m.media-amazon.com/images/I/81COj09-u8L.jpg;https://m.media-amazon.com/images/I/5167B0ebtAL.jpg","石原水産 2種アソート 食べ比べ（チーズかつお 220g まぐろチーズ 190g）各5袋ずつ 計10袋セット 個包装 おつまみ","お魚屋さんがつくった大人のおつまみ","310580","240087","-4 %","0","0","0","5","","4","2","","","","-","no","","","","","","100 %","1","1","","8,640","","","8,640","","-","","","","-","","","","","1","","https://www.amazon.co.jp/dp/B0DFXLDVDZ?psc=1","https://keepa.com/#!product/5-B0DFXLDVDZ","食品・飲料・お酒","おつまみ・珍味","食品・飲料・お酒 › 菓子・スナック › おつまみ・珍味","B0DFXLDVDZ","","石原水産","ノーブランド品","10","10","","37","31.3","13.5","2330","","20","20","20","","no","","","0 %","0 %","0 %","0 %","0 %","0 %","0 %","8 %","0","0","0","1","-","-","-","5","5","6"
"https://m.media-amazon.com/images/I/51z04B6k6ML.jpg;https://m.media-amazon.com/images/I/31DBRt8HyEL.jpg;https://m.media-amazon.com/images/I/61FbZrRGQeL.jpg;https://m.media-amazon.com/images/I/61RnllwDZ4L.jpg;https://m.media-amazon.com/images/I/61FnsUKMmsL.jpg;https://m.media-amazon.com/images/I/61v9TETIicL.jpg","石原水産 食べるおだし 2種セット ［まぐろ:かつお 各1袋］ お試し 食べ比べ 味付き 削り節 そのまま食べる おつまみ 「食べるおだし2種セット」","","310898","361292","64 %","3","5","7","9","","5","1","1,190","1,189","0 %","美味しさギュ!ここだけ (100%) / A67JUDAHNJLWJ","no","","","","","","100 %","1","1","1,189","1,185","0 %","","","","-","1,189","1,185","0 %","美味しさギュ!ここだけ (100%) / A67JUDAHNJLWJ","1,600","1,600","0 %","1","1","0 %","https://www.amazon.co.jp/dp/B0F27G9K5R","https://keepa.com/#!product/5-B0F27G9K5R","食品・飲料・お酒","洋風だし","食品・飲料・お酒 › 調味料・食用油・ドレッシング › 洋風だし","B0F27G9K5R","","石原水産","ノーブランド品","2","2","","31","22.4","2.6","190","","","","","50","no","","","0 %","0 %","0 %","0 %","100 %","98 %","99 %","99 %","1","1","1","1","-","1","4","8","8","8"
"https://m.media-amazon.com/images/I/61b+JXwbvzL.jpg;https://m.media-amazon.com/images/I/61MV71EkNOL.jpg;https://m.media-amazon.com/images/I/41lxoF8UiKL.jpg;https://m.media-amazon.com/images/I/41Mls3uEnlL.jpg;https://m.media-amazon.com/images/I/51u4Zrj+K0L.jpg;https://m.media-amazon.com/images/I/41XUgoXl62L.jpg;https://m.media-amazon.com/images/I/413Ar4PdoYL.jpg","食べるおだし かつお50ｇ/まぐろ35g (2種類)Topsellerオリジナル開封日シールセット おまけ付き 石原水産 冷奴 パスタ 卵かけご飯 おつまみ おやつ オードブル","","313969","269657","-4 %","0","0","0","6","","4.1","5","1,260","1,260","0 %","TopSeller_Book (83%) / ALW5PGB61PEXK","no","","","","","","100 %","1","1","1,260","1,260","0 %","","1,260","","-","1,260","1,260","0 %","TopSeller_Book (83%) / ALW5PGB61PEXK","1,600","1,600","0 %","2","2","0 %","https://www.amazon.co.jp/dp/B0C7K9VGGP","https://keepa.com/#!product/5-B0C7K9VGGP","食品・飲料・お酒","洋風だし","食品・飲料・お酒 › 調味料・食用油・ドレッシング › 洋風だし","B0C7K9VGGP","","","ノーブランド品","2","","","31","22.4","2.6","190","2","","","","50","no","","","0 %","0 %","0 %","0 %","100 %","100 %","100 %","100 %","1","1","1","1","-","-","-","8","8","8"
"https://m.media-amazon.com/images/I/71wqVLh0WBL.jpg;https://m.media-amazon.com/images/I/416m5m0nOsL.jpg;https://m.media-amazon.com/images/I/41kFhlleNIL.jpg;https://m.media-amazon.com/images/I/51-J+WugPIL.jpg","食べるおだし かつお50ｇ/まぐろ35g (各5袋×2種類) 開封日シールセット おまけ付き 石原水産 冷奴 パスタ 卵かけご飯 おつまみ おやつ オードブル","","366169","288043","-11 %","0","0","5","13","","","","4,380","4,380","0 %","TopSeller_Book (83%) / ALW5PGB61PEXK","yes","","","","","","100 %","1","1","4,380","4,408","0 %","4,380","4,380","0 %","TopSeller_Book (83%) / ALW5PGB61PEXK","4,500","4,500","0 %","TopSeller_Book (83%) / ALW5PGB61PEXK","","","","2","2","0 %","https://www.amazon.co.jp/dp/B0DBH1ZN9L","https://keepa.com/#!product/5-B0DBH1ZN9L","食品・飲料・お酒","削り節・鰹節","食品・飲料・お酒 › 乾物 › 削り節・鰹節","B0DBH1ZN9L","","石原水産株式会社","ノーブランド品","10","10","","26","19.5","12","660","","23","16","1.5","50","no","","","0 %","0 %","0 %","0 %","100 %","100 %","100 %","97 %","1","1","1","1","-","-","51","8","8","8"
"https://m.media-amazon.com/images/I/611AZyozPML.jpg;https://m.media-amazon.com/images/I/41lxoF8UiKL.jpg;https://m.media-amazon.com/images/I/413Ar4PdoYL.jpg;https://m.media-amazon.com/images/I/41XUgoXl62L.jpg","食べるおだし まぐろ35g (4袋) Topsellerオリジナル開封日シールセット おまけ付き 石原水産 冷奴 パスタ 卵かけご飯 おつまみ おやつ オードブル","","366221","294790","-6 %","0","0","1","4","","4.7","4","2,100","2,100","0 %","TopSeller_Book (83%) / ALW5PGB61PEXK","no","","","","","","100 %","1","1","2,100","2,100","0 %","","2,100","","-","2,100","2,100","0 %","TopSeller_Book (83%) / ALW5PGB61PEXK","","","","1","1","0 %","https://www.amazon.co.jp/dp/B0C7K855YX","https://keepa.com/#!product/5-B0C7K855YX","食品・飲料・お酒","和風だし","食品・飲料・お酒 › 調味料・食用油・ドレッシング › 和風だし","B0C7K855YX","","","ノーブランド品","4","","","20.6","17.4","10","190","","","","","35","no","","","0 %","0 %","0 %","0 %","100 %","100 %","100 %","89 %","1","1","1","1","-","-","-","8","8","8"
"https://m.media-amazon.com/images/I/51cq3iD6mwL.jpg;https://m.media-amazon.com/images/I/5114ui3TdYL.jpg;https://m.media-amazon.com/images/I/413lcNQ-2iL.jpg;https://m.media-amazon.com/images/I/51YiEVjLyZL.jpg;https://m.media-amazon.com/images/I/51cq3iD6mwL.jpg","【訳アリ★賞味期限間近のため値下げ】お魚屋さんがつくった大人のまぐろチーズ 1袋 石原水産オリジナル開封日シールセット おまけ付き【アウトレット外装なし/個包装 詰め合わせ】","","389423","385763","-26 %","0","0","0","0","","2.5","2","","","","-","no","","","","","","100 %","1","1","","","","","","","-","","","","-","","","","","","","https://www.amazon.co.jp/dp/B0BC8C2R1Z","https://keepa.com/#!product/5-B0BC8C2R1Z","食品・飲料・お酒","おつまみ・珍味","食品・飲料・お酒 › 菓子・スナック › おつまみ・珍味","B0BC8C2R1Z","","ノーブランド品","ノーブランド品","1","1","","28.6","18.9","2.8","220","0","","","","","no","","","0 %","0 %","0 %","0 %","0 %","0 %","0 %","0 %","0","0","0","0","-","-","-","5","5","5"
"https://m.media-amazon.com/images/I/61NQMgFXANL.jpg;https://m.media-amazon.com/images/I/41lxoF8UiKL.jpg;https://m.media-amazon.com/images/I/413Ar4PdoYL.jpg;https://m.media-amazon.com/images/I/41XUgoXl62L.jpg","食べるおだし まぐろ35g (3袋) Topsellerオリジナル開封日シールセット おまけ付き 石原水産 冷奴 パスタ 卵かけご飯 おつまみ おやつ オードブル","","389903","311757","2 %","1","1","2","8","","4.5","2","1,680","1,680","0 %","TopSeller_Book (83%) / ALW5PGB61PEXK","no","","","","","","100 %","1","1","1,680","1,660","0 %","","1,640","","-","1,680","1,680","0 %","TopSeller_Book (83%) / ALW5PGB61PEXK","","","","1","1","0 %","https://www.amazon.co.jp/dp/B0C7KFTZDY","https://keepa.com/#!product/5-B0C7KFTZDY","食品・飲料・お酒","和風だし","食品・飲料・お酒 › 調味料・食用油・ドレッシング › 和風だし","B0C7KFTZDY","","","ノーブランド品","3","","","33.6","22.8","4","220","3","","","","35","no","","","0 %","0 %","0 %","0 %","100 %","100 %","100 %","100 %","1","1","1","1","-","-","20","8","8","8"
"https://m.media-amazon.com/images/I/71RKmYSbU8L.jpg;https://m.media-amazon.com/images/I/71h-o7S8cmL.jpg;https://m.media-amazon.com/images/I/61LYctW53jL.jpg;https://m.media-amazon.com/images/I/61WcJ2ypTdL.jpg;https://m.media-amazon.com/images/I/61CjNDbxGxL.jpg;https://m.media-amazon.com/images/I/51sE7SD9MhL.jpg","【3個セット】石原水産 チーズかつお 220g 3袋セット まとめ買い ジップ袋付き","","395536","361966","-12 %","0","0","0","0","","4.7","3","","","","-","no","","","","","","100 %","1","1","","","","","","","-","","","","-","","","","","","","https://www.amazon.co.jp/dp/B0D3DHDQ15","https://keepa.com/#!product/5-B0D3DHDQ15","食品・飲料・お酒","塩辛・珍味","食品・飲料・お酒 › 生鮮魚介類・水産加工品 › 塩辛・珍味","B0D3DHDQ15","","石原水産","ノーブランド品","220","","","28","22.5","7.1","740","","","","","","no","","","0 %","0 %","0 %","0 %","0 %","0 %","0 %","0 %","0","0","0","0","-","-","-","5","5","5"
"https://m.media-amazon.com/images/I/71i6fWqRyPL.jpg;https://m.media-amazon.com/images/I/61syhRdAFXL.jpg","【売り切れ次第終了】＜200g×2袋セット＞ 石原水産 食べるおだしシリーズ フレーク 訳あり B級品 常温保存可能 炊きたてご飯・パスタ・うどん用 非常食・防災食にも","","397199","311109","-4 %","0","0","0","9","","","","","","","-","no","","","","","","100 %","1","1","","1,842","","","1,980","","-","","","","-","","","0 %","","1","","https://www.amazon.co.jp/dp/B0FWXJS99B","https://keepa.com/#!product/5-B0FWXJS99B","食品・飲料・お酒","和風だし","食品・飲料・お酒 › 調味料・食用油・ドレッシング › 和風だし","B0FWXJS99B","","石原水産","ノーブランド品","2","2","","31","23","2.5","520","","","","","80","no","","","0 %","0 %","0 %","0 %","0 %","0 %","0 %","28 %","0","0","0","1","-","-","251","5","5","48"
"https://m.media-amazon.com/images/I/71A6w6HDhOL.jpg","石原水産 まぐろチーズ 41g×5袋","","404493","316639","-5 %","0","0","0","7","","3.6","20","","","","-","no","","","","","","100 %","1","1","","1,890","","","1,890","","-","","","","-","1,750","1,750","0 %","","1","","https://www.amazon.co.jp/dp/B00DZIOEF6","https://keepa.com/#!product/5-B00DZIOEF6","食品・飲料・お酒","おつまみ・珍味","食品・飲料・お酒 › 菓子・スナック › おつまみ・珍味","B00DZIOEF6","4906283022486","石原水産","石原水産","205","","2023-03-11","33.7","22.8","2.9","340","5","","","","","no","","","0 %","0 %","0 %","0 %","0 %","0 %","0 %","31 %","0","0","0","1","-","-","-","5","5","6"
"https://m.media-amazon.com/images/I/71ihvHyAjCL.jpg;https://m.media-amazon.com/images/I/410rAxv3wZL.jpg;https://m.media-amazon.com/images/I/71z6I2na7oL.jpg;https://m.media-amazon.com/images/I/51-g7jz152L.jpg;https://m.media-amazon.com/images/I/61Rf-pczMBL.jpg","【6袋セット】食べるおだし ぶり 40g 石原水産 生姜醤油仕立て 魚屋のプロが作った万能な燻し乾物 干物 冷奴 パスタ 卵かけご飯 うどん 大人のおつまみ おやつ オードブル アレンジ 自由自在","","406624","361867","-8 %","0","0","3","7","","","","2,880","2,880","0 %","TopSeller_Book (83%) / ALW5PGB61PEXK","no","","","","","","100 %","1","1","2,880","2,880","0 %","2,880","2,880","","-","2,880","2,880","0 %","TopSeller_Book (83%) / ALW5PGB61PEXK","","","","1","2","0 %","https://www.amazon.co.jp/dp/B0DWMFXK3R","https://keepa.com/#!product/5-B0DWMFXK3R","食品・飲料・お酒","削り節・鰹節","食品・飲料・お酒 › 乾物 › 削り節・鰹節","B0DWMFXK3R","","ノーブランド","ノーブランド品","6","6","","21","16","10","320","","","","","","no","","","0 %","0 %","0 %","0 %","100 %","100 %","100 %","100 %","1","1","1","1","-","-","-","8","8","8"
"https://m.media-amazon.com/images/I/61IuVRarTcL.jpg;https://m.media-amazon.com/images/I/61GvYeNrDvL.jpg;https://m.media-amazon.com/images/I/51JpeT0mMFL.jpg;https://m.media-amazon.com/images/I/61IuVRarTcL.jpg","お魚屋さんがつくった大人のチーズかつお 220g×5袋 石原水産 Topsellerオリジナル開封日シールセット おまけ付き","","416852","413829","-80 %","0","0","0","0","","3.2","4","","","","-","no","","","","","","100 %","1","1","","","","","","","-","","","","-","","","","","","","https://www.amazon.co.jp/dp/B0BH7V2HYZ","https://keepa.com/#!product/5-B0BH7V2HYZ","食品・飲料・お酒","おつまみ・珍味","食品・飲料・お酒 › 菓子・スナック › おつまみ・珍味","B0BH7V2HYZ","","ノーブランド品","ノーブランド品","1","5","","24.8","16.9","16.4","1360","0","30","20","2.5","","no","","","0 %","0 %","0 %","0 %","0 %","0 %","0 %","0 %","0","0","0","0","-","-","-","5","5","5"
"https://m.media-amazon.com/images/I/715LtBl6g3L.jpg;https://m.media-amazon.com/images/I/71WOXGG3FKL.jpg;https://m.media-amazon.com/images/I/71lD3YEMG3L.jpg;https://m.media-amazon.com/images/I/71WxGrtWRkL.jpg;https://m.media-amazon.com/images/I/71ns5PVqLbL.jpg;https://m.media-amazon.com/images/I/711qKTQOgvL.jpg","まぐろチーズ 41g×1 チーズ おつまみ 石原水産 (公式) [ 静岡 で1億粒突破] つまみ-セット (ノベルティ付)","","452200","389429","-48 %","0","0","0","0","","4.4","4","","","","-","no","","","","","","100 %","1","1","","","","","","","-","","","","-","","","","","","","https://www.amazon.co.jp/dp/B0CK67JJCR","https://keepa.com/#!product/5-B0CK67JJCR","食品・飲料・お酒","塩辛・珍味","食品・飲料・お酒 › 生鮮魚介類・水産加工品 › 塩辛・珍味","B0CK67JJCR","","石原水産","ノーブランド品","1","","","18.9","13.6","2.5","60","1","","","","","no","","","0 %","0 %","0 %","0 %","0 %","0 %","0 %","0 %","0","0","0","0","-","-","-","5","5","5"
"https://m.media-amazon.com/images/I/717WHNHe-ML.jpg;https://m.media-amazon.com/images/I/61WYmFWqTML.jpg;https://m.media-amazon.com/images/I/71HDe9cI6fL.jpg;https://m.media-amazon.com/images/I/71+3nk0Fc7L.jpg;https://m.media-amazon.com/images/I/61W5msATKZL.jpg","チーズかつお 10袋セット 個包装 石原水産 ジャパンフードセレクション金賞受賞 おしぼりセット","","463900","463900","-34 %","0","0","0","0","","","","","","","-","no","","","","","","100 %","1","1","","","","","","","-","","","","-","","","","","","","https://www.amazon.co.jp/dp/B0D5PHBSTZ","https://keepa.com/#!product/5-B0D5PHBSTZ","食品・飲料・お酒","干物・燻製","食品・飲料・お酒 › 生鮮魚介類・水産加工品 › 干物・燻製","B0D5PHBSTZ","","石原水産","ノーブランド品","10","1","","39.5","29.6","11.5","2470","","","","","220","no","","","0 %","0 %","0 %","0 %","0 %","0 %","0 %","0 %","0","0","0","0","-","-","-","5","5","5"
"https://m.media-amazon.com/images/I/61i+9Q7PgNL.jpg;https://m.media-amazon.com/images/I/51+xwPQc3lL.jpg","【お試しセット】石原水産 まぐろチーズ チーズかつお 大 各1袋セット おつまみ お試し おやつ 『貴方はまるかも!』","","501651","472704","-10 %","0","0","0","1","","","","","","","-","no","","","","","","100 %","1","1","","2,371","","","","","-","","2,374","","-","","","","","1","","https://www.amazon.co.jp/dp/B0F4PVZY2N","https://keepa.com/#!product/5-B0F4PVZY2N","食品・飲料・お酒","おつまみ・珍味","食品・飲料・お酒 › 菓子・スナック › おつまみ・珍味","B0F4PVZY2N","","007","ノーブランド品","2","2","","29.3","23.4","5.8","470","","","","","220","no","","","0 %","0 %","0 %","0 %","0 %","0 %","0 %","42 %","0","0","0","1","-","-","25","5","5","7"
"https://m.media-amazon.com/images/I/41ufV7Ujb4L.jpg;https://m.media-amazon.com/images/I/61FnsUKMmsL.jpg;https://m.media-amazon.com/images/I/51maS4vmjCL.jpg","食べるおだし かつお ３袋セット 石原水産","","517248","462089","-4 %","0","0","0","4","","","","1,658","1,658","0 %","美味しさギュ!ここだけ (100%) / A67JUDAHNJLWJ","no","","","","","","100 %","1","1","1,658","1,654","0 %","","","","-","1,658","1,654","0 %","美味しさギュ!ここだけ (100%) / A67JUDAHNJLWJ","","","","1","1","0 %","https://www.amazon.co.jp/dp/B0DX2BKJ8P","https://keepa.com/#!product/5-B0DX2BKJ8P","食品・飲料・お酒","生鮮魚介類・水産加工品","食品・飲料・お酒 › 生鮮魚介類・水産加工品","B0DX2BKJ8P","","石原水産株式会社","ノーブランド品","1","1","","21.9","17.1","7.9","190","","","","","50","no","","","0 %","0 %","0 %","0 %","100 %","100 %","100 %","99 %","1","1","1","1","-","-","4","8","8","8"
"https://m.media-amazon.com/images/I/51QTC7FtCGL.jpg;https://m.media-amazon.com/images/I/61Ss-wOJ23L.jpg;https://m.media-amazon.com/images/I/51XcH74YSLL.jpg;https://m.media-amazon.com/images/I/413Ar4PdoYL.jpg","食べるおだし まぐろ ３袋セット 石原水産","","595555","584780","-6 %","0","0","1","1","","","","1,658","1,658","0 %","美味しさギュ!ここだけ (100%) / A67JUDAHNJLWJ","no","","","","","","100 %","1","1","1,658","1,654","0 %","","","","-","1,658","1,655","0 %","美味しさギュ!ここだけ (100%) / A67JUDAHNJLWJ","","","","1","1","0 %","https://www.amazon.co.jp/dp/B0DX2DZPNZ","https://keepa.com/#!product/5-B0DX2DZPNZ","食品・飲料・お酒","生鮮魚介類・水産加工品","食品・飲料・お酒 › 生鮮魚介類・水産加工品","B0DX2DZPNZ","","ノーブランド","ノーブランド品","3","1","","22.5","16.5","6.2","140","","","","","35","no","","","0 %","0 %","0 %","0 %","100 %","100 %","100 %","100 %","1","1","1","1","-","-","4","8","8","8"
"https://m.media-amazon.com/images/I/51fMyhgGVtL.jpg;https://m.media-amazon.com/images/I/71G+FI4Q3YL.jpg;https://m.media-amazon.com/images/I/61BRPysne2L.jpg;https://m.media-amazon.com/images/I/51nf8vJXKWL.jpg;https://m.media-amazon.com/images/I/5127iWVAZ9L.jpg;https://m.media-amazon.com/images/I/61Pn7ml-zOL.jpg;https://m.media-amazon.com/images/I/51NKrCNaDXL.jpg","【お試しセット】 おつまみ チーズかつお 47g ＆ まぐろチーズ 41g ＆ 食べるおだし (かつお) 33g 各1袋 [石原水産 静岡県 吉田町 22424385]","","606502","576999","-9 %","0","0","0","0","","","","","","","-","no","","","","","","100 %","1","1","","","","","","","-","","","","-","","","","","","","https://www.amazon.co.jp/dp/B0FFLXKMJK","https://keepa.com/#!product/5-B0FFLXKMJK","食品・飲料・お酒","おつまみ・珍味","食品・飲料・お酒 › 菓子・スナック › おつまみ・珍味","B0FFLXKMJK","","石原水産","ノーブランド品","3","","","","","","","","","","","","no","","","0 %","0 %","0 %","0 %","0 %","0 %","0 %","0 %","0","0","0","0","-","-","-","","",""
"https://m.media-amazon.com/images/I/61pHrtJ0MjL.jpg","静岡 石原水産 駿河湾産 生桜えび 生しらす セット 計360g 桜えび シラス","","634795","550613","-3 %","0","0","0","1","","","","5,940","5,940","0 %","わが街とくさんネット [8/11～16まで夏季休業とさせていただきます] (86%) / A1NINKCD5R45M1","no","","","","","","100 %","1","1","5,940","5,918","0 %","","","","-","5,940","5,899","","-","","","","1","1","0 %","https://www.amazon.co.jp/dp/B0CP51T6FG","https://keepa.com/#!product/5-B0CP51T6FG","食品・飲料・お酒","しらす・ちりめん","食品・飲料・お酒 › 生鮮魚介類・水産加工品 › しらす・ちりめん","B0CP51T6FG","","わが街とくさんネット","わが街とくさんネット","1","","","","","","","1","","","","","no","","","0 %","0 %","0 %","0 %","100 %","100 %","100 %","96 %","1","1","1","1","-","-","62","8","8","51"
"https://m.media-amazon.com/images/I/61zmA3OhkkL.jpg","【3袋まとめ売り晩酌セット】石原水産 チーズかつお 47ｇ 石原水産 食べるおだし 33ｇ 石原水産 まぐろチーズ 41ｇ","","659875","622824","-6 %","0","0","0","0","","","","","","","-","no","","","","","","100 %","1","1","","","","","","","-","","","","-","","","","","","","https://www.amazon.co.jp/dp/B0F3T2628Y","https://keepa.com/#!product/5-B0F3T2628Y","食品・飲料・お酒","和風だし","食品・飲料・お酒 › 調味料・食用油・ドレッシング › 和風だし","B0F3T2628Y","","","ノーブランド品","1","","","","","","40","","21","13.5","1","","no","","","0 %","0 %","0 %","0 %","0 %","0 %","0 %","0 %","0","0","0","0","-","-","-","5","5","5"
"https://m.media-amazon.com/images/I/710CV4oPRvL.jpg;https://m.media-amazon.com/images/I/41kFhlleNIL.jpg;https://m.media-amazon.com/images/I/51q+JaAefSL.jpg;https://m.media-amazon.com/images/I/51-J+WugPIL.jpg","食べるおだし かつお50g (10袋) 開封日シールセット おまけ付き 石原水産 冷奴 パスタ 卵かけご飯 おつまみ おやつ オードブル","","677653","630131","-3 %","0","0","0","1","","","","4,500","4,500","0 %","TopSeller_Book (83%) / ALW5PGB61PEXK","no","","","","","","100 %","1","1","4,500","4,500","0 %","","","","-","4,500","4,500","0 %","TopSeller_Book (83%) / ALW5PGB61PEXK","","","","1","1","0 %","https://www.amazon.co.jp/dp/B0DBH1DJGL","https://keepa.com/#!product/5-B0DBH1DJGL","食品・飲料・お酒","削り節・鰹節","食品・飲料・お酒 › 乾物 › 削り節・鰹節","B0DBH1DJGL","","石原水産株式会社","ノーブランド品","10","10","","","","","","","20.6","17.4","10","50","no","","","0 %","0 %","0 %","0 %","100 %","100 %","100 %","73 %","1","1","1","1","-","-","-","8","8","8"
"https://m.media-amazon.com/images/I/51w-6hQ-vnL.jpg;https://m.media-amazon.com/images/I/61J+v9LJUXL.jpg;https://m.media-amazon.com/images/I/511FcuDxctL.jpg","焼津石原水産 焼津一本釣り 鰹 たたき 産地直送 お取り寄せグルメ 702-1643p","","702306","644438","-4 %","0","0","0","1","","","","4,440","4,440","0 %","ギフトオンリーワン (89%) / AAVXJ1FBJZLTZ","no","","","","","","100 %","1","1","4,440","4,078","0 %","","","","-","4,440","4,440","","-","","","","1","1","0 %","https://www.amazon.co.jp/dp/B0BXKWM7HV","https://keepa.com/#!product/5-B0BXKWM7HV","食品・飲料・お酒","鮮魚","食品・飲料・お酒 › 生鮮魚介類・水産加工品 › 鮮魚","B0BXKWM7HV","","焼津石原水産","ギフトオンリーワン","1","","","","","","","1","","","","","no","","","0 %","0 %","0 %","0 %","100 %","100 %","100 %","100 %","1","1","1","1","-","-","-","8","8","8"
"https://m.media-amazon.com/images/I/71-eKfFEaJL.jpg;https://m.media-amazon.com/images/I/61Yb+dN41oL.jpg","静岡 石原水産 駿河湾産 釜揚げ 桜えび しらす セット 計210g シラス","","703123","617630","2 %","0","1","1","1","","","","4,320","4,320","0 %","わが街とくさんネット [8/11～16まで夏季休業とさせていただきます] (86%) / A1NINKCD5R45M1","no","","","","","","100 %","1","1","4,320","4,320","0 %","","","","-","4,320","4,320","","-","","","","1","1","0 %","https://www.amazon.co.jp/dp/B0CP4ZNH7C","https://keepa.com/#!product/5-B0CP4ZNH7C","食品・飲料・お酒","しらす・ちりめん","食品・飲料・お酒 › 生鮮魚介類・水産加工品 › しらす・ちりめん","B0CP4ZNH7C","","わが街とくさんネット","わが街とくさんネット","1","","","","","","","1","","","","","no","","","0 %","0 %","0 %","0 %","100 %","100 %","100 %","100 %","1","1","1","1","-","-","-","","",""
"https://m.media-amazon.com/images/I/518kJ87c0PL.jpg;https://m.media-amazon.com/images/I/61-DkYSeiHL.jpg;https://m.media-amazon.com/images/I/71G+FI4Q3YL.jpg;https://m.media-amazon.com/images/I/61BRPysne2L.jpg;https://m.media-amazon.com/images/I/51nf8vJXKWL.jpg;https://m.media-amazon.com/images/I/51JiusAcLxL.jpg","【お試しセット】 チーズ おつまみ チーズかつお 47g 2袋 計94g [石原水産株式会社 静岡県 吉田町 22424387] おつまみセット セット ふるさと納税","","720992","547048","-6 %","0","0","0","0","","","","","","","-","no","","","","","","100 %","1","1","","","","","","","-","","","","-","","","","","","","https://www.amazon.co.jp/dp/B0FFHFFYV4","https://keepa.com/#!product/5-B0FFHFFYV4","食品・飲料・お酒","おつまみ・珍味","食品・飲料・お酒 › 菓子・スナック › おつまみ・珍味","B0FFHFFYV4","","石原水産","ノーブランド品","2","","","","","","","","","","","","no","","","0 %","0 %","0 %","0 %","0 %","0 %","0 %","0 %","0","0","0","0","-","-","-","","",""
"https://m.media-amazon.com/images/I/41MoL7+zLFL.jpg;https://m.media-amazon.com/images/I/51n2uhVhYsL.jpg","焼津石原水産 天然南まぐろ赤身中とろ切り落し 500g 3830 【 御歳暮 ギフト お歳暮のし 対応可 家庭用 自宅用 贈答用 贈り物 出産祝い 出産内祝い お返し 香典返し 】","","740854","725910","-12 %","0","0","0","0","","","","","","","-","no","","","","","","100 %","1","1","","","","","","","-","","","","-","","","","","","","https://www.amazon.co.jp/dp/B0DJGLDYJK","https://keepa.com/#!product/5-B0DJGLDYJK","食品・飲料・お酒","生鮮魚介類・水産加工品","食品・飲料・お酒 › 生鮮魚介類・水産加工品","B0DJGLDYJK","","通販パーク","ノーブランド品","1","","","","","","","","","","","","no","","","0 %","0 %","0 %","0 %","0 %","0 %","0 %","0 %","0","0","0","0","-","-","-","5","5","5"
"https://m.media-amazon.com/images/I/51PUa-tlUfL.jpg;https://m.media-amazon.com/images/I/61jRlD1gLpL.jpg;https://m.media-amazon.com/images/I/41rqZ1uNm6L.jpg","静岡 石原水産 簡単調理 ねぎとろ丼の具4食セット 惣菜【二重包装不可】【お届け不可地域：離島】","","745940","661931","-3 %","0","0","0","0","","","","3,780","3,780","0 %","わが街とくさんネット [8/11～16まで夏季休業とさせていただきます] (86%) / A1NINKCD5R45M1","no","","","","","","100 %","1","1","3,780","3,741","0 %","","","","-","3,780","3,780","","-","","","","1","1","0 %","https://www.amazon.co.jp/dp/B0DF6TRVZQ","https://keepa.com/#!product/5-B0DF6TRVZQ","食品・飲料・お酒","シーフードミックス","食品・飲料・お酒 › 生鮮魚介類・水産加工品 › シーフードミックス","B0DF6TRVZQ","","わが街とくさんネット","わが街とくさんネット","1","","","","","","","1","","","","","no","","","0 %","0 %","0 %","0 %","100 %","100 %","100 %","100 %","1","1","1","1","-","-","91","8","8","52"
"https://m.media-amazon.com/images/I/71C1RRLtD9L.jpg;https://m.media-amazon.com/images/I/710M7D-XImL.jpg;https://m.media-amazon.com/images/I/71bPy0sEeRL.jpg;https://m.media-amazon.com/images/I/71Sw3MiUKAL.jpg;https://m.media-amazon.com/images/I/71Zwnkf+iHL.jpg","チーズかつお 41g×1 チーズ おつまみ 石原水産 (公式) [ 静岡 で1億粒突破] つまみ-セット (ノベルティ付)","","750241","563867","","0","0","0","0","","","","","","","-","no","","","","","","100 %","1","1","","","","","","","-","","","","-","","","0 %","","","","https://www.amazon.co.jp/dp/B0CP4FZ14S","https://keepa.com/#!product/5-B0CP4FZ14S","食品・飲料・お酒","おつまみ・珍味","食品・飲料・お酒 › 菓子・スナック › おつまみ・珍味","B0CP4FZ14S","","石原水産","ノーブランド品","1","","","19.3","12.5","2.2","60","1","","","","","no","","","0 %","0 %","0 %","0 %","0 %","0 %","0 %","0 %","0","0","0","0","-","-","-","5","5","5"
"https://m.media-amazon.com/images/I/51EuxJCa2vL.jpg;https://m.media-amazon.com/images/I/61nDN9uDCqL.jpg;https://m.media-amazon.com/images/I/41rqZ1uNm6L.jpg","静岡 石原水産 簡単調理 ねぎとろ丼の具6食セット 惣菜【二重包装不可】【お届け不可地域：離島】","","776365","723291","-3 %","0","0","0","0","","","","4,860","4,860","0 %","わが街とくさんネット [8/11～16まで夏季休業とさせていただきます] (86%) / A1NINKCD5R45M1","no","","","","","","100 %","1","1","4,860","4,833","0 %","","","","-","4,860","4,817","0 %","わが街とくさんネット [8/11～16まで夏季休業とさせていただきます] (86%) / A1NINKCD5R45M1","","","","1","1","0 %","https://www.amazon.co.jp/dp/B0DF6VWVMC","https://keepa.com/#!product/5-B0DF6VWVMC","食品・飲料・お酒","シーフードミックス","食品・飲料・お酒 › 生鮮魚介類・水産加工品 › シーフードミックス","B0DF6VWVMC","","わが街とくさんネット","わが街とくさんネット","1","","","","","","","1","","","","","no","","","0 %","0 %","0 %","0 %","100 %","100 %","100 %","100 %","1","1","1","1","-","-","131","8","8","52"
"https://m.media-amazon.com/images/I/61B5iHN09UL.jpg;https://m.media-amazon.com/images/I/410rAxv3wZL.jpg;https://m.media-amazon.com/images/I/71z6I2na7oL.jpg;https://m.media-amazon.com/images/I/61ehISDTy8L.jpg;https://m.media-amazon.com/images/I/51-g7jz152L.jpg","【8袋セット】食べるおだし ぶり 40g 石原水産 生姜醤油仕立て 魚屋のプロが作った万能な燻し乾物 干物 冷奴 パスタ 卵かけご飯 うどん 大人のおつまみ おやつ オードブル アレンジ 自由自在","","779307","725753","-3 %","0","0","0","0","","","","3,580","3,580","0 %","TopSeller_Book (83%) / ALW5PGB61PEXK","no","","","","","","100 %","1","1","3,580","3,580","0 %","","","","-","3,580","3,580","0 %","-","","","","1","1","0 %","https://www.amazon.co.jp/dp/B0DWMFSG3S","https://keepa.com/#!product/5-B0DWMFSG3S","食品・飲料・お酒","削り節・鰹節","食品・飲料・お酒 › 乾物 › 削り節・鰹節","B0DWMFSG3S","","ノーブランド","ノーブランド品","8","8","","","","","","","","","","","no","","","0 %","0 %","0 %","0 %","100 %","100 %","100 %","99 %","1","1","1","1","-","-","-","8","8","8"
"https://m.media-amazon.com/images/I/61kRCnd+rHL.jpg;https://m.media-amazon.com/images/I/410rAxv3wZL.jpg;https://m.media-amazon.com/images/I/71z6I2na7oL.jpg;https://m.media-amazon.com/images/I/61ehISDTy8L.jpg;https://m.media-amazon.com/images/I/51-g7jz152L.jpg","【10袋セット】食べるおだし ぶり 40g 石原水産 生姜醤油仕立て 魚屋のプロが作った万能な燻し乾物 干物 冷奴 パスタ 卵かけご飯 うどん 大人のおつまみ おやつ オードブル アレンジ 自由自在","","782596","733338","-3 %","0","0","0","0","","","","4,300","4,300","0 %","TopSeller_Book (83%) / ALW5PGB61PEXK","no","","","","","","100 %","1","1","4,300","4,300","0 %","","","","-","4,300","4,300","0 %","TopSeller_Book (83%) / ALW5PGB61PEXK","","","","1","1","0 %","https://www.amazon.co.jp/dp/B0DWMJDZ4J","https://keepa.com/#!product/5-B0DWMJDZ4J","食品・飲料・お酒","削り節・鰹節","食品・飲料・お酒 › 乾物 › 削り節・鰹節","B0DWMJDZ4J","","ノーブランド","ノーブランド品","10","10","","","","","","","","","","","no","","","0 %","0 %","0 %","0 %","100 %","100 %","100 %","100 %","1","1","1","1","-","-","-","8","8","8"
"https://m.media-amazon.com/images/I/71FuGPUU4wL.jpg;https://m.media-amazon.com/images/I/71WOXGG3FKL.jpg;https://m.media-amazon.com/images/I/71WxGrtWRkL.jpg;https://m.media-amazon.com/images/I/71lD3YEMG3L.jpg;https://m.media-amazon.com/images/I/71ns5PVqLbL.jpg;https://m.media-amazon.com/images/I/71SvSzxomYL.jpg;https://m.media-amazon.com/images/I/711qKTQOgvL.jpg","まぐろチーズ 41g×6 チーズ おつまみ 石原水産 [ 静岡 で1億粒突破] つまみ-セット 摘み お酒体質CKおまけ","","818427","814404","-3 %","0","0","0","0","","","","","","","-","no","","","","","","100 %","1","1","","","","","","","-","","","","-","2,268","2,268","0 %","","","","https://www.amazon.co.jp/dp/B0CJ8MT2CT","https://keepa.com/#!product/5-B0CJ8MT2CT","食品・飲料・お酒","おつまみ・珍味","食品・飲料・お酒 › 菓子・スナック › おつまみ・珍味","B0CJ8MT2CT","","石原水産","ノーブランド品","1","","","27.8","21.6","4.3","350","1","","","","","no","","","0 %","0 %","0 %","0 %","0 %","0 %","0 %","0 %","0","0","0","0","-","-","-","5","5","5"
"https://m.media-amazon.com/images/I/61zmA3OhkkL.jpg","【3袋まとめ売り晩酌セット】石原水産 チーズかつお 47ｇ 石原水産 食べるおだし 33ｇ 石原水産 まぐろチーズ 41ｇ","","","","","0","0","0","0","","","","","","","-","no","","","","","","100 %","1","1","","","","","","","-","","","","-","","","","","","","https://www.amazon.co.jp/dp/B0F3X1PWXP","https://keepa.com/#!product/5-B0F3X1PWXP","食品・飲料・お酒","焼きのり","食品・飲料・お酒 › 乾物 › 焼きのり","B0F3X1PWXP","","ノーブランド","ノーブランド品","3","3","","27","22","2","130","","27","22","2","","no","","","0 %","0 %","0 %","0 %","0 %","0 %","0 %","0 %","0","0","0","0","-","-","-","5","5","5"
"https://m.media-amazon.com/images/I/61JLEXCNSPL.jpg;https://m.media-amazon.com/images/I/61TPAB3WzLL.jpg;https://m.media-amazon.com/images/I/51F3LYEHpDL.jpg","静岡 石原水産 駿河湾産釜揚げ桜えび しらすセット 駿河湾 水揚げ 希少 桜えび しらす 釜揚げ","","","","","0","0","0","0","","","","6,012","6,012","","-","no","","","","","","100 %","1","1","6,012","6,012","","","","","-","6,012","6,012","","-","7,214","7,214","0 %","1","1","","https://www.amazon.co.jp/dp/B0GY42TRTQ?psc=1","https://keepa.com/#!product/5-B0GY42TRTQ","食品・飲料・お酒","魚介類・水産加工品ギフト","食品・飲料・お酒 › グルメギフト › 魚介類・水産加工品ギフト","B0GY42TRTQ","","---","ノーブランド品","1","","","","","","","","","","","","no","","","0 %","0 %","0 %","0 %","100 %","100 %","100 %","100 %","1","1","1","1","-","-","-","8","8","4"
"https://m.media-amazon.com/images/I/31K4xDImniL.jpg;https://m.media-amazon.com/images/I/31GXln1vfQL.jpg;https://m.media-amazon.com/images/I/31+zLE1ywbL.jpg","【朝市場直行】石原水産 冷凍カツオ 炙りかつお黒胡椒にんにく(1パック・1切入）日本 300g位【冷凍】","","","","","0","0","0","0","","","","2,373","2,383","0 %","ビーライフショップ（B-Life Shop） (97%) / AMB14V5MYAXIV","no","","","","","","100 %","1","1","2,373","2,349","0 %","","","","-","2,383","3,001","","-","","","","1","1","0 %","https://www.amazon.co.jp/dp/B0CKX4QRD2","https://keepa.com/#!product/5-B0CKX4QRD2","食品・飲料・お酒","鮮魚","食品・飲料・お酒 › 生鮮魚介類・水産加工品 › 鮮魚","B0CKX4QRD2","","朝市場直行","ノーブランド品","1","","","","","","","1","","","","300","no","","","0 %","0 %","0 %","0 %","100 %","100 %","100 %","100 %","1","1","1","1","-","96","602","8","8","61"
"https://m.media-amazon.com/images/I/71-eKfFEaJL.jpg;https://m.media-amazon.com/images/I/61wS5Kwcj9L.jpg","静岡 石原水産 駿河湾産 釜揚げ 桜えび しらす セット 計290g シラス","","","","","0","0","0","0","","","","5,400","5,400","0 %","わが街とくさんネット [8/11～16まで夏季休業とさせていただきます] (86%) / A1NINKCD5R45M1","no","","","","","","100 %","1","1","5,400","5,400","0 %","","","","-","5,400","5,400","","-","","","","1","1","0 %","https://www.amazon.co.jp/dp/B0CP4YZZXT","https://keepa.com/#!product/5-B0CP4YZZXT","食品・飲料・お酒","シーフードミックス","食品・飲料・お酒 › 生鮮魚介類・水産加工品 › シーフードミックス","B0CP4YZZXT","","わが街とくさんネット","わが街とくさんネット","1","","","","","","","1","","","","","no","","","0 %","0 %","0 %","0 %","100 %","87 %","93 %","96 %","1","1","1","1","-","-","-","8","8","8"
"https://m.media-amazon.com/images/I/61VNyVvfKbL.jpg;https://m.media-amazon.com/images/I/61VNyVvfKbL.jpg","静岡 石原水産 駿河湾産 釜揚げ 桜えび しらす セット 計340g シラス","","","","","0","0","0","0","","","","5,400","5,400","0 %","わが街とくさんネット [8/11～16まで夏季休業とさせていただきます] (86%) / A1NINKCD5R45M1","no","","","","","","100 %","1","1","5,400","5,400","0 %","","","","-","5,400","5,400","","-","","","","1","1","0 %","https://www.amazon.co.jp/dp/B0CP529LVY","https://keepa.com/#!product/5-B0CP529LVY","食品・飲料・お酒","シーフードミックス","食品・飲料・お酒 › 生鮮魚介類・水産加工品 › シーフードミックス","B0CP529LVY","","わが街とくさんネット","わが街とくさんネット","1","","","","","","","1","","","","","no","","","0 %","0 %","0 %","0 %","100 %","100 %","100 %","99 %","1","1","1","1","-","-","-","8","8","8"
"https://m.media-amazon.com/images/I/61eZ4Fb0Q5L.jpg","焼津石原水産 魚屋がつくった食べるおだし 乾物【お届け不可地域：離島】","","","","","0","0","0","0","","","","","","","-","no","","","","","","100 %","1","1","","","","","","","-","","","","-","","","","","","","https://www.amazon.co.jp/dp/B0D93BRZ1D","https://keepa.com/#!product/5-B0D93BRZ1D","食品・飲料・お酒","乾燥野菜","食品・飲料・お酒 › 乾物 › 乾燥野菜","B0D93BRZ1D","","わが街とくさんネット","わが街とくさんネット","1","","","","","","","1","","","","","no","","","0 %","0 %","0 %","0 %","0 %","0 %","0 %","0 %","0","0","0","0","-","-","-","5","5","5"
"https://m.media-amazon.com/images/I/71-eKfFEaJL.jpg;https://m.media-amazon.com/images/I/61DMXkjJ-zL.jpg","静岡 石原水産 駿河湾産 釜揚げ 桜えび しらす セット 計970g シラス","","","","","0","0","0","0","","","","12,960","12,960","0 %","わが街とくさんネット [8/11～16まで夏季休業とさせていただきます] (86%) / A1NINKCD5R45M1","no","","","","","","100 %","1","1","12,960","12,960","0 %","","","","-","12,960","12,960","","-","","","","1","1","0 %","https://www.amazon.co.jp/dp/B0CP4Z1782","https://keepa.com/#!product/5-B0CP4Z1782","食品・飲料・お酒","シーフードミックス","食品・飲料・お酒 › 生鮮魚介類・水産加工品 › シーフードミックス","B0CP4Z1782","","わが街とくさんネット","わが街とくさんネット","1","","","","","","","1","","","","","no","","","0 %","0 %","0 %","0 %","100 %","100 %","100 %","100 %","1","1","1","1","-","-","-","","",""
"https://m.media-amazon.com/images/I/71-eKfFEaJL.jpg;https://m.media-amazon.com/images/I/6135COfuQhL.jpg","静岡 石原水産 駿河湾産 釜揚げ 桜えび しらす セット 1.47kg シラス","","","","","0","0","0","0","","","","21,600","21,600","0 %","わが街とくさんネット [8/11～16まで夏季休業とさせていただきます] (86%) / A1NINKCD5R45M1","no","","","","","","100 %","1","1","21,600","21,600","0 %","","","","-","21,600","22,371","","-","","","","1","1","0 %","https://www.amazon.co.jp/dp/B0CP4ZBBHV","https://keepa.com/#!product/5-B0CP4ZBBHV","食品・飲料・お酒","シーフードミックス","食品・飲料・お酒 › 生鮮魚介類・水産加工品 › シーフードミックス","B0CP4ZBBHV","","わが街とくさんネット","わが街とくさんネット","1","","","","","","","1","","","","","no","","","0 %","0 %","0 %","0 %","100 %","100 %","100 %","99 %","1","1","1","1","-","-","-","8","8","8"
"https://m.media-amazon.com/images/I/71-eKfFEaJL.jpg;https://m.media-amazon.com/images/I/61640OsnYfL.jpg","静岡 石原水産 駿河湾産 釜揚げ 桜えび しらす セット 計1.48kg シラス","","","","","0","0","0","0","","","","10,800","10,800","0 %","わが街とくさんネット [8/11～16まで夏季休業とさせていただきます] (86%) / A1NINKCD5R45M1","no","","","","","","100 %","1","1","10,800","10,795","0 %","","","","-","10,800","10,800","","-","","","","1","1","0 %","https://www.amazon.co.jp/dp/B0CP51FFNQ","https://keepa.com/#!product/5-B0CP51FFNQ","食品・飲料・お酒","シーフードミックス","食品・飲料・お酒 › 生鮮魚介類・水産加工品 › シーフードミックス","B0CP51FFNQ","","わが街とくさんネット","わが街とくさんネット","1","","","","","","","1","","","","","no","","","0 %","0 %","0 %","0 %","100 %","100 %","100 %","99 %","1","1","1","1","-","-","-","8","8","8"
"https://m.media-amazon.com/images/I/71mP2p1KX3L.jpg","石原水産「まぐろチーズ」2袋+「チーズかつお」2袋の4袋セット","","","","","0","0","0","0","","4.4","5","","","","-","no","","","","","","100 %","1","1","","","","","","","-","","","","-","","","","","","","https://www.amazon.co.jp/dp/B095WZ1MZG","https://keepa.com/#!product/5-B095WZ1MZG","食品・飲料・お酒","カテゴリー別","","B095WZ1MZG","4589681390939","石原水産株式会社","石原水産株式会社","4","","","28.4","23.8","10.8","1050","4","","","","220","no","","","0 %","0 %","0 %","0 %","0 %","0 %","0 %","0 %","0","0","0","0","-","-","-","5","5","5"
"https://m.media-amazon.com/images/I/51zyb4KQmUL.jpg","石原水産 食べるおだし 33g","","","","","0","0","0","0","","","","","","","-","no","","","","","","100 %","1","1","","","","","","","-","","","","-","","","","","","","https://www.amazon.co.jp/dp/B09K3RCV54","https://keepa.com/#!product/5-B09K3RCV54","食品・飲料・お酒","おつまみ・珍味","食品・飲料・お酒 › 菓子・スナック › おつまみ・珍味","B09K3RCV54","4906283045218","石原水産","石原水産","33","1","","","","","","1","","","","","no","","","0 %","0 %","0 %","0 %","0 %","0 %","0 %","0 %","0","0","0","0","-","-","-","5","5","5"
"https://m.media-amazon.com/images/I/31Kk0b53IJL.jpg;https://m.media-amazon.com/images/I/31GXln1vfQL.jpg;https://m.media-amazon.com/images/I/31+zLE1ywbL.jpg","【朝市場直行】石原水産 冷凍カツオ かつおタタキ（並）(1パック・1切入）太平洋 300g位【冷凍】","","","","","0","0","0","0","","","","2,243","2,398","6 %","ビーライフショップ（B-Life Shop） (97%) / AMB14V5MYAXIV","no","","","","","","100 %","1","1","2,398","2,392","6 %","","","","-","2,398","2,099","","-","","","","1","1","0 %","https://www.amazon.co.jp/dp/B0CKX6CJ5T","https://keepa.com/#!product/5-B0CKX6CJ5T","食品・飲料・お酒","鮮魚","食品・飲料・お酒 › 生鮮魚介類・水産加工品 › 鮮魚","B0CKX6CJ5T","","朝市場直行","ノーブランド品","1","","","","","","","1","","","","300","no","","","0 %","0 %","0 %","0 %","100 %","100 %","100 %","100 %","1","1","1","1","-","345","516","8","8","61"
"https://m.media-amazon.com/images/I/71GtI-bQiZL.jpg","石原水産 かつおしぐれ煮 200g","","","","","0","0","0","0","","5","1","","","","-","no","","","","","","100 %","1","1","","","","","","","-","","","","-","840","840","0 %","","","","https://www.amazon.co.jp/dp/B00DZIOOXI","https://keepa.com/#!product/5-B00DZIOOXI","食品・飲料・お酒","魚介類の佃煮","食品・飲料・お酒 › 漬物・佃煮・煮豆 › 佃煮 › 魚介類の佃煮","B00DZIOOXI","4906283028587","石原水産","石原水産","1","","","20.6","15.8","3.5","226","1","20.6","15.8","3.5","230","no","","","0 %","0 %","0 %","0 %","0 %","0 %","0 %","0 %","0","0","0","0","-","-","-","","",""
"https://m.media-amazon.com/images/I/71Gsjchf7vL.jpg","石原水産 まぐろしぐれ煮 120g","","","","","0","0","0","0","","5","1","","","","-","no","","","","","","100 %","1","1","","","","","","","-","","","","-","631","631","0 %","","","","https://www.amazon.co.jp/dp/B00DZIOMF8","https://keepa.com/#!product/5-B00DZIOMF8","食品・飲料・お酒","魚介類の佃煮","食品・飲料・お酒 › 漬物・佃煮・煮豆 › 佃煮 › 魚介類の佃煮","B00DZIOMF8","4906283020550","石原水産","石原水産","1","","","19.7","14.3","1.3","136","1","","","","120","no","","","0 %","0 %","0 %","0 %","0 %","0 %","0 %","0 %","0","0","0","0","-","-","-","","",""
"https://m.media-amazon.com/images/I/713jWRKhARL.jpg","石原水産 かつお角煮 250g","","","","","0","0","0","0","","5","2","","","","-","no","","","","","","100 %","1","1","","","","","","","-","","","","-","840","840","0 %","","","","https://www.amazon.co.jp/dp/B00DZIOK0U","https://keepa.com/#!product/5-B00DZIOK0U","食品・飲料・お酒","魚介類の佃煮","食品・飲料・お酒 › 漬物・佃煮・煮豆 › 佃煮 › 魚介類の佃煮","B00DZIOK0U","4906283028389","石原水産","石原水産","1","","","20.8","16.4","3.6","280","1","","","","","no","","","0 %","0 %","0 %","0 %","0 %","0 %","0 %","0 %","0","0","0","0","-","-","-","","",""
"https://m.media-amazon.com/images/I/81mVNUnapeL.jpg","石原水産 つぶっこまぐろ 200g","","","","","0","0","0","0","","","","","","","-","no","","","","","","100 %","1","1","","","","","","","-","","","","-","840","840","0 %","","","","https://www.amazon.co.jp/dp/B00DZIOH08","https://keepa.com/#!product/5-B00DZIOH08","食品・飲料・お酒","魚介類の佃煮","食品・飲料・お酒 › 漬物・佃煮・煮豆 › 佃煮 › 魚介類の佃煮","B00DZIOH08","4906283021786","石原水産","石原水産","1","","","22.8","15.4","2.1","252","1","22.8","15.4","2.1","250","no","","","0 %","0 %","0 %","0 %","0 %","0 %","0 %","0 %","0","0","0","0","-","-","-","","",""
"https://m.media-amazon.com/images/I/71c5F7wU-pL.jpg","石原水産 まぐろのチーズフランク 49g×5袋","","","","","0","0","0","0","","3.1","3","","","","-","no","","","","","","100 %","1","1","","","","","","","-","","","","-","1,500","1,500","0 %","","","","https://www.amazon.co.jp/dp/B00DZIO7US","https://keepa.com/#!product/5-B00DZIO7US","食品・飲料・お酒","おつまみ・珍味","食品・飲料・お酒 › 菓子・スナック › おつまみ・珍味","B00DZIO7US","4906283022585","石原水産","石原水産","5","","","31.9","26.1","7.7","330","5","","","","","no","","","0 %","0 %","0 %","0 %","0 %","0 %","0 %","0 %","0","0","0","0","-","-","-","5","5","5"
"https://m.media-amazon.com/images/I/71Ho7+hGDZL.jpg","石原水産 ぷちぷちししゃも明太 38g×5袋","","","","","0","0","0","0","","3.6","3","","","","-","no","","","","","","100 %","1","1","","","","","","","-","","","","-","1,500","1,500","0 %","","","","https://www.amazon.co.jp/dp/B00DZIOCI0","https://keepa.com/#!product/5-B00DZIOCI0","食品・飲料・お酒","おつまみ・珍味","食品・飲料・お酒 › 菓子・スナック › おつまみ・珍味","B00DZIOCI0","4906283022684","石原水産","石原水産","5","","","24.8","19.8","6.6","300","5","6.6","24.8","19.8","300","no","","","0 %","0 %","0 %","0 %","0 %","0 %","0 %","0 %","0","0","0","0","-","-","-","","",""
"https://m.media-amazon.com/images/I/810OFG54NiL.jpg","石原水産 子持ち風かつお 170g","","","","","0","0","0","0","","","","","","","-","no","","","","","","100 %","1","1","","","","","","","-","","","","-","631","631","0 %","","","","https://www.amazon.co.jp/dp/B00DZIOQPE","https://keepa.com/#!product/5-B00DZIOQPE","食品・飲料・お酒","おつまみ・珍味, 佃煮","食品・飲料・お酒 › 菓子・スナック › おつまみ・珍味","B00DZIOQPE","4906283023384","石原水産","石原水産","1","","","20.9","15.9","1.9","192","1","","","","","no","","","0 %","0 %","0 %","0 %","0 %","0 %","0 %","0 %","0","0","0","0","-","-","-","","",""
"https://m.media-amazon.com/images/I/81+Q3CDkNCL.jpg","石原水産 まぐろ角煮 150g","","","","","0","0","0","0","","3.5","8","","","","-","no","","","","","","100 %","3","3","","","","","","","-","","","","-","631","631","0 %","","","","https://www.amazon.co.jp/dp/B00DZIOILQ","https://keepa.com/#!product/5-B00DZIOILQ","食品・飲料・お酒","魚介類の佃煮","食品・飲料・お酒 › 漬物・佃煮・煮豆 › 佃煮 › 魚介類の佃煮","B00DZIOILQ","4906283028280","石原水産","石原水産","1","","","19.6","14.3","2.6","166","1","","","","","no","","","0 %","0 %","0 %","0 %","0 %","0 %","0 %","0 %","0","0","0","0","-","-","-","","",""
"https://m.media-amazon.com/images/I/71ZnICdMoUL.jpg","石原水産 まぐろチーズ 220g","","","","","0","0","0","0","","4","70","","","","-","no","","","","","","100 %","1","1","","","","","","","-","","","","-","","","","","","","https://www.amazon.co.jp/dp/B00CRE76S6","https://keepa.com/#!product/5-B00CRE76S6","食品・飲料・お酒","おつまみ・珍味","食品・飲料・お酒 › 菓子・スナック › おつまみ・珍味","B00CRE76S6","4906283022714","石原水産","石原バイオサイエンス","220","","1995-10-01","30","19.2","3.6","250","1","","","","","no","","","0 %","0 %","0 %","0 %","0 %","0 %","0 %","0 %","0","0","0","0","-","-","-","5","5","5"
"https://m.media-amazon.com/images/I/51pl+yrFvUL.jpg","10284　石原水産　本場焼津の南まぐろとかつおの尽くし","","","","","0","0","0","0","","","","","","","-","no","","","","","","100 %","0","0","","","","","","","-","","","","-","","","","","","","https://www.amazon.co.jp/dp/B00J4FTH6U","https://keepa.com/#!product/5-B00J4FTH6U","本","ジャンル別","本 › ジャンル別","B00J4FTH6U","4990911063293","","","","","","","","","","1","","","","","no","","","0 %","0 %","0 %","0 %","0 %","0 %","0 %","0 %","0","0","0","0","-","-","-","","",""
"https://m.media-amazon.com/images/I/31A9DK6TMML.jpg","10283　石原水産　本場焼津のかつおまぐろ尽くし 0206327","","","","","0","0","0","0","","","","","","","-","no","","","","","","100 %","0","0","","","","","","","-","","","","-","","","","","","","https://www.amazon.co.jp/dp/B00925QNXC","https://keepa.com/#!product/5-B00925QNXC","食品・飲料・お酒","カテゴリー別","","B00925QNXC","4990911063279","","コモライフ","","","","","","","","1","","","","","no","","","0 %","0 %","0 %","0 %","0 %","0 %","0 %","0 %","0","0","0","0","-","-","-","","",""
"https://m.media-amazon.com/images/I/51VRyhYbSHL.jpg;https://m.media-amazon.com/images/I/51n4PAGMAiL.jpg;https://m.media-amazon.com/images/I/51wo-LazdqL.jpg","10274　石原水産　本場焼津のまぐろ丼三昧","","","","","0","0","0","0","","","","","","","-","no","","","","","","100 %","0","0","","","","","","","-","","","","-","","","","","","","https://www.amazon.co.jp/dp/B00J4FTB3Y","https://keepa.com/#!product/5-B00J4FTB3Y","本","ジャンル別","本 › ジャンル別","B00J4FTB3Y","4990911063231","","","","","","","","","","1","","","","","no","","","0 %","0 %","0 %","0 %","0 %","0 %","0 %","0 %","0","0","0","0","-","-","-","","",""
"https://m.media-amazon.com/images/I/31cYpplZBBL.jpg","10273　石原水産　まぐろ丼贅沢三昧 0206334","","","","","0","0","0","0","","","","","","","-","no","","","","","","100 %","0","0","","","","","","","-","","","","-","","","","","","","https://www.amazon.co.jp/dp/B00925U0YA","https://keepa.com/#!product/5-B00925U0YA","食品・飲料・お酒","カテゴリー別","","B00925U0YA","","","コモライフ","","","","","","","","","","","","","no","","","0 %","0 %","0 %","0 %","0 %","0 %","0 %","0 %","0","0","0","0","-","-","-","","",""
"https://m.media-amazon.com/images/I/41-Gg2n8NbL.jpg;https://m.media-amazon.com/images/I/51V8g7K-liL.jpg;https://m.media-amazon.com/images/I/71G+FI4Q3YL.jpg;https://m.media-amazon.com/images/I/51S8Xy85egL.jpg;https://m.media-amazon.com/images/I/51E6okHmldL.jpg","マグロ 漬け づけまぐろ 山かけ丼 70g 2パック 計140g 2人前 [石原水産 静岡県 吉田町 22424375] 冷凍 漬けマグロ 漬け丼 鮪 ふるさと納税","","","","","0","0","0","0","","","","","","","-","no","","","","","","100 %","0","0","","","","","","","-","","","","-","","","","","","","https://www.amazon.co.jp/dp/B0FFLJ28J6","https://keepa.com/#!product/5-B0FFLJ28J6","食品・飲料・お酒","冷凍魚","食品・飲料・お酒 › 冷凍食品 › 冷凍魚介類 › 冷凍魚","B0FFLJ28J6","","石原水産株式会社","ノーブランド","2","2","","","","","","","","","","","no","","","0 %","0 %","0 %","0 %","0 %","0 %","0 %","0 %","0","0","0","0","-","-","-","","",""
"https://m.media-amazon.com/images/I/41yFZrad+UL.jpg;https://m.media-amazon.com/images/I/61pkCS-im5L.jpg;https://m.media-amazon.com/images/I/71G+FI4Q3YL.jpg;https://m.media-amazon.com/images/I/51QzqlV950L.jpg;https://m.media-amazon.com/images/I/61PTgrckqbL.jpg","マグロ 漬け づけまぐろ 旨辛丼 70g 2パック 計140g 2人前 [石原水産 静岡県 吉田町 22424376] 冷凍 漬けマグロ 漬け丼 ふるさと納税","","","","","0","0","0","0","","","","","","","-","no","","","","","","100 %","0","0","","","","","","","-","","","","-","","","","","","","https://www.amazon.co.jp/dp/B0FFLJQ5K5","https://keepa.com/#!product/5-B0FFLJQ5K5","食品・飲料・お酒","冷凍魚","食品・飲料・お酒 › 冷凍食品 › 冷凍魚介類 › 冷凍魚","B0FFLJQ5K5","","石原水産株式会社","ノーブランド","2","2","","","","","","","","","","","no","","","0 %","0 %","0 %","0 %","0 %","0 %","0 %","0 %","0","0","0","0","-","-","-","","",""
"https://m.media-amazon.com/images/I/41yJSmN99VL.jpg;https://m.media-amazon.com/images/I/612T5KR9ouL.jpg;https://m.media-amazon.com/images/I/71G+FI4Q3YL.jpg;https://m.media-amazon.com/images/I/61NoTfV-jCL.jpg;https://m.media-amazon.com/images/I/51XMWy6zBiL.jpg","マグロ 漬け づけまぐろ 旨塩丼 80g 2パック 計160g 2人前 [石原水産 静岡県 吉田町 22424377] 冷凍 漬けマグロ 漬け丼 鮪 まぐろ ふるさと納税","","","","","0","0","0","0","","","","","","","-","no","","","","","","100 %","0","0","","","","","","","-","","","","-","","","","","","","https://www.amazon.co.jp/dp/B0FFM37R1F","https://keepa.com/#!product/5-B0FFM37R1F","食品・飲料・お酒","冷凍魚","食品・飲料・お酒 › 冷凍食品 › 冷凍魚介類 › 冷凍魚","B0FFM37R1F","","石原水産株式会社","ノーブランド","2","2","","","","","","","","","","","no","","","0 %","0 %","0 %","0 %","0 %","0 %","0 %","0 %","0","0","0","0","-","-","-","","",""
"https://m.media-amazon.com/images/I/51lrwxIc60L.jpg;https://m.media-amazon.com/images/I/71G+FI4Q3YL.jpg;https://m.media-amazon.com/images/I/61BRPysne2L.jpg;https://m.media-amazon.com/images/I/51nf8vJXKWL.jpg;https://m.media-amazon.com/images/I/5127iWVAZ9L.jpg;https://m.media-amazon.com/images/I/61Pn7ml-zOL.jpg;https://m.media-amazon.com/images/I/51aYD74frHL.jpg","【お試しセット】おつまみ チーズかつお 47g 1袋 ＆ まぐろチーズ 41g 1袋 [石原水産 静岡県 吉田町 22424388] おつまみセット ふるさと納税","","","","0 %","0","0","0","0","","","","","","","-","no","","","","","","100 %","0","0","","","","","","","-","","","","-","","","","","","","https://www.amazon.co.jp/dp/B0FFLSVMPH","https://keepa.com/#!product/5-B0FFLSVMPH","食品・飲料・お酒","おつまみ・珍味","食品・飲料・お酒 › 菓子・スナック › おつまみ・珍味","B0FFLSVMPH","","石原水産","ノーブランド品","2","","","","","","","","","","","","no","","","0 %","0 %","0 %","0 %","0 %","0 %","0 %","0 %","0","0","0","0","-","-","-","","",""
"https://m.media-amazon.com/images/I/51M7rMG7pBL.jpg;https://m.media-amazon.com/images/I/61OCdwcGOQL.jpg;https://m.media-amazon.com/images/I/71G+FI4Q3YL.jpg;https://m.media-amazon.com/images/I/61BRPysne2L.jpg;https://m.media-amazon.com/images/I/5127iWVAZ9L.jpg;https://m.media-amazon.com/images/I/51EI+7XkrdL.jpg","【お試しセット】 チーズ おつまみ まぐろチーズ 41g 2袋 計82g [石原水産株式会社 静岡県 吉田町 22424386]","","","","","0","0","0","0","","","","","","","-","no","","","","","","100 %","0","0","","","","","","","-","","","","-","","","","","","","https://www.amazon.co.jp/dp/B0FFHCS32J","https://keepa.com/#!product/5-B0FFHCS32J","食品・飲料・お酒","おつまみ・珍味","食品・飲料・お酒 › 菓子・スナック › おつまみ・珍味","B0FFHCS32J","","石原水産","ノーブランド品","2","","","","","","","","","","","","no","","","0 %","0 %","0 %","0 %","0 %","0 %","0 %","0 %","0","0","0","0","-","-","-","","",""
"https://m.media-amazon.com/images/I/41itaa2aPIL.jpg;https://m.media-amazon.com/images/I/61DcCT4018L.jpg;https://m.media-amazon.com/images/I/71G+FI4Q3YL.jpg;https://m.media-amazon.com/images/I/51UzgsthkVL.jpg;https://m.media-amazon.com/images/I/71skadyzr2L.jpg","まぐろ丼 90g 2パック 計180g 2人前 [石原水産 静岡県 吉田町 22424378] 冷凍 丼 マグロ 鮪 刺身 刺し身 海鮮丼 ふるさと納税","","","","","0","0","0","0","","","","","","","-","no","","","","","","100 %","0","0","","","","","","","-","","","","-","","","","","","","https://www.amazon.co.jp/dp/B0FFM14VTV","https://keepa.com/#!product/5-B0FFM14VTV","食品・飲料・お酒","冷凍魚","食品・飲料・お酒 › 冷凍食品 › 冷凍魚介類 › 冷凍魚","B0FFM14VTV","","石原水産株式会社","ノーブランド","2","2","","","","","","","","","","","no","","","0 %","0 %","0 %","0 %","0 %","0 %","0 %","0 %","0","0","0","0","-","-","-","","",""
"https://m.media-amazon.com/images/I/51YhncWMVQL.jpg;https://m.media-amazon.com/images/I/61yThinWbWL.jpg;https://m.media-amazon.com/images/I/71G+FI4Q3YL.jpg;https://m.media-amazon.com/images/I/51RBnKWRxDL.jpg;https://m.media-amazon.com/images/I/51R8IDJelGL.jpg;https://m.media-amazon.com/images/I/61oyU3xzsfL.jpg;https://m.media-amazon.com/images/I/41ItGZaBI2L.jpg;https://m.media-amazon.com/images/I/613Dr8KEjeL.jpg","絶旨グルメ 【 まぐろの 生ハム 】180g×3本 [石原水産 静岡県 吉田町 22424096]","","","","0 %","0","0","0","0","","","","","","","-","no","","","","","","100 %","0","0","","","","","","","-","","","","-","","","","","","","https://www.amazon.co.jp/dp/B0DK68FTGC","https://keepa.com/#!product/5-B0DK68FTGC","食品・飲料・お酒","ハム","食品・飲料・お酒 › 精肉・肉加工品 › 肉加工品 › ハム","B0DK68FTGC","","石原水産株式会社","ノーブランド品","3","","","","","","","","","","","","no","","","0 %","0 %","0 %","0 %","0 %","0 %","0 %","0 %","0","0","0","0","-","-","-","","",""
"https://m.media-amazon.com/images/I/31IncT0CUrL.jpg;https://m.media-amazon.com/images/I/41V3jTbcKjL.jpg;https://m.media-amazon.com/images/I/51c3VcCsQlL.jpg;https://m.media-amazon.com/images/I/51vbcCKPbaL.jpg;https://m.media-amazon.com/images/I/31gg6B4WtiL.jpg","石原水産の「マグロの生ハム」","","","","","0","0","0","0","","","","","","","-","no","","","","","","100 %","1","1","","","","","","","-","","","","-","","","","","","","https://www.amazon.co.jp/dp/B09R9V48Q7","https://keepa.com/#!product/5-B09R9V48Q7","食品・飲料・お酒","刺身","食品・飲料・お酒 › 生鮮魚介類・水産加工品 › 刺身","B09R9V48Q7","","石原水産","umaimon","900","","","","","","","960","","","","","no","","","0 %","0 %","0 %","0 %","0 %","0 %","0 %","0 %","0","0","0","0","-","-","-","5","5","5"
"https://m.media-amazon.com/images/I/71OEbofWgIL.jpg","石原水産 チーズかつお 47g×5袋","","","","","0","0","0","0","","4.4","16","","","","-","no","","","","","","100 %","1","1","","","","","","","-","","","","-","1,750","1,750","0 %","","","","https://www.amazon.co.jp/dp/B00DZIOAFK","https://keepa.com/#!product/5-B00DZIOAFK","食品・飲料・お酒","おつまみ・珍味","食品・飲料・お酒 › 菓子・スナック › おつまみ・珍味","B00DZIOAFK","4906283022387","石原水産","石原水産","235","5","2023-03-11","27.1","19.3","9.2","308","5","","","","","no","","","0 %","0 %","0 %","0 %","0 %","0 %","0 %","0 %","0","0","0","0","-","-","-","5","5","5"
"https://m.media-amazon.com/images/I/51CYXaW9SqL.jpg;https://m.media-amazon.com/images/I/61s-aQ-1DjL.jpg","【お試しセット】焼津石原水産 魚屋がつくった食べるおだし まぐろ旨塩 かつお醬油 乾物 2袋ずつ","","","","","0","0","0","0","","","","","","","-","no","","","","","","100 %","1","1","","","","","","","-","","","","-","","","0 %","","","","https://www.amazon.co.jp/dp/B0F6LNVLSL","https://keepa.com/#!product/5-B0F6LNVLSL","食品・飲料・お酒","乾燥野菜","食品・飲料・お酒 › 乾物 › 乾燥野菜","B0F6LNVLSL","","食べるおだし","ノーブランド品","50","4","","23","15","1","500","","23","15","1","","no","","","0 %","0 %","0 %","0 %","0 %","0 %","0 %","0 %","0","0","0","0","-","-","-","","",""
"https://m.media-amazon.com/images/I/51lVaqzkMhL.jpg;https://m.media-amazon.com/images/I/3180tyJXoqL.jpg","石原水産 チーズかつお 220g x 【10袋セット】 個包装 おつまみ お魚屋さんがつくった大人のおつまみ ポケットペーパーハンドタオル付き","","","","","0","0","0","0","","","","","","","-","no","","","","","","100 %","0","0","","","","","","","-","","","","-","","","0 %","","","","https://www.amazon.co.jp/dp/B0FJ74F5BP","https://keepa.com/#!product/5-B0FJ74F5BP","食品・飲料・お酒","おつまみ・珍味","食品・飲料・お酒 › 菓子・スナック › おつまみ・珍味","B0FJ74F5BP","","石原水産","ノーブランド品","10","10","","20","20","3","2200","","","","","","no","","","0 %","0 %","0 %","0 %","0 %","0 %","0 %","0 %","0","0","0","0","-","-","-","","",""
"https://m.media-amazon.com/images/I/61CDdaIcO4L.jpg","石原水産 チーズかつお 47g×5袋","","","","","0","0","0","0","","","","","","","-","no","","","","","","100 %","0","0","","","","","","","-","","","","-","","","0 %","","","","https://www.amazon.co.jp/dp/B0FDL3TMN6","https://keepa.com/#!product/5-B0FDL3TMN6","食品・飲料・お酒","おつまみ・珍味","食品・飲料・お酒 › 菓子・スナック › おつまみ・珍味","B0FDL3TMN6","","石原水産","ノーブランド品","235","5","","27.1","19.3","9.2","308","","","","","","no","","","0 %","0 %","0 %","0 %","0 %","0 %","0 %","0 %","0","0","0","0","-","-","-","","",""
"https://m.media-amazon.com/images/I/910280fFwOL.jpg;https://m.media-amazon.com/images/I/51MI9+NbIFL.jpg","石原水産 食べるおだし ぶり(鰤) 40g×15袋セット ケース販売 国産ぶり使用 生姜醤油仕立て 酒のおつまみ 焼津 乾物 干物","チャック付き袋入り オリジナルおしぼり付き","","","","0","0","0","0","","","","","6,840","","-","no","","","","","","100 %","1","1","6,840","6,644","","6,840","6,666","","-","","","","-","0","0","0 %","1","1","","https://www.amazon.co.jp/dp/B0GHNZ9ZR8?psc=1","https://keepa.com/#!product/5-B0GHNZ9ZR8","食品・飲料・お酒","おつまみ・珍味","食品・飲料・お酒 › 菓子・スナック › おつまみ・珍味","B0GHNZ9ZR8","4580865173072","石原水産","リフココ","15","15","","31.5","24.5","11","1000","","","","","","no","","","0 %","0 %","0 %","0 %","0 %","30 %","65 %","67 %","0","1","1","1","-","-","145","5","6","6"
"https://m.media-amazon.com/images/I/61c2S82YzAL.jpg;https://m.media-amazon.com/images/I/61c2S82YzAL.jpg;https://m.media-amazon.com/images/I/61t4dWahTfL.jpg","静岡 石原水産 めかじきのしゃぶすき鍋 150g×6 鍋セット すき焼き【二重包装不可】【お届け不可地域：離島】","","","","","0","0","0","0","","","","16,200","16,200","0 %","わが街とくさんネット [8/11～16まで夏季休業とさせていただきます] (86%) / A1NINKCD5R45M1","no","","","","","","100 %","1","1","16,200","16,200","0 %","","","","-","16,200","16,200","","-","","","","1","1","0 %","https://www.amazon.co.jp/dp/B0D8HSBJKJ","https://keepa.com/#!product/5-B0D8HSBJKJ","食品・飲料・お酒","牛肉","食品・飲料・お酒 › 精肉・肉加工品 › 牛肉","B0D8HSBJKJ","","わが街とくさんネット","わが街とくさんネット","1","","","","","","","1","","","","","no","","","0 %","0 %","0 %","0 %","100 %","100 %","100 %","98 %","1","1","1","1","-","-","-","8","8","8"
"https://m.media-amazon.com/images/I/61zD-XtYKgL.jpg;https://m.media-amazon.com/images/I/61zD-XtYKgL.jpg;https://m.media-amazon.com/images/I/61t4dWahTfL.jpg","静岡 石原水産 めかじきのしゃぶすき鍋 150g×5 鍋セット すき焼き【二重包装不可】【お届け不可地域：離島】","","","","","0","0","0","0","","","","14,040","14,040","0 %","わが街とくさんネット [8/11～16まで夏季休業とさせていただきます] (86%) / A1NINKCD5R45M1","no","","","","","","100 %","1","1","14,040","13,986","0 %","","","","-","14,040","14,040","","-","","","","1","1","0 %","https://www.amazon.co.jp/dp/B0D8HVYGK3","https://keepa.com/#!product/5-B0D8HVYGK3","食品・飲料・お酒","牛肉","食品・飲料・お酒 › 精肉・肉加工品 › 牛肉","B0D8HVYGK3","","わが街とくさんネット","わが街とくさんネット","1","","","","","","","1","","","","150","no","","","0 %","0 %","0 %","0 %","100 %","100 %","100 %","100 %","1","1","1","1","-","-","-","","",""
"https://m.media-amazon.com/images/I/61IHABBHHoL.jpg;https://m.media-amazon.com/images/I/61IHABBHHoL.jpg;https://m.media-amazon.com/images/I/61t4dWahTfL.jpg","静岡 石原水産 めかじきのしゃぶすき鍋 150g×4 鍋セット すき焼き【二重包装不可】【お届け不可地域：離島】","","","","","0","0","0","0","","","","10,800","10,800","0 %","わが街とくさんネット [8/11～16まで夏季休業とさせていただきます] (86%) / A1NINKCD5R45M1","no","","","","","","100 %","1","1","10,800","10,800","0 %","","","","-","10,800","10,800","","-","","","","1","1","0 %","https://www.amazon.co.jp/dp/B0D8HQ348H","https://keepa.com/#!product/5-B0D8HQ348H","食品・飲料・お酒","牛肉","食品・飲料・お酒 › 精肉・肉加工品 › 牛肉","B0D8HQ348H","","わが街とくさんネット","わが街とくさんネット","1","","","","","","","1","","","","","no","","","0 %","0 %","0 %","0 %","100 %","100 %","100 %","100 %","1","1","1","1","-","-","-","","",""
"https://m.media-amazon.com/images/I/61HI+Jsz2+L.jpg;https://m.media-amazon.com/images/I/61HI+Jsz2+L.jpg;https://m.media-amazon.com/images/I/61t4dWahTfL.jpg","静岡 石原水産 めかじきのしゃぶすき鍋 150g×3 鍋セット すき焼き【二重包装不可】【お届け不可地域：離島】","","","","","0","0","0","0","","","","7,560","7,560","0 %","わが街とくさんネット [8/11～16まで夏季休業とさせていただきます] (86%) / A1NINKCD5R45M1","no","","","","","","100 %","1","1","7,560","7,560","0 %","","","","-","7,560","7,560","","-","","","","1","1","0 %","https://www.amazon.co.jp/dp/B0D8HS7T73","https://keepa.com/#!product/5-B0D8HS7T73","食品・飲料・お酒","牛肉","食品・飲料・お酒 › 精肉・肉加工品 › 牛肉","B0D8HS7T73","","わが街とくさんネット","わが街とくさんネット","1","","","","","","","1","","","","","no","","","0 %","0 %","0 %","0 %","100 %","100 %","100 %","100 %","1","1","1","1","-","-","-","","",""
"https://m.media-amazon.com/images/I/61UnhG1hyrL.jpg;https://m.media-amazon.com/images/I/613S9JpYNDL.jpg;https://m.media-amazon.com/images/I/41rqZ1uNm6L.jpg","静岡 石原水産 簡単調理 ねぎとろ丼の具8食セット 惣菜【二重包装不可】【お届け不可地域：離島】","","","","","0","0","0","0","","","","5,940","5,940","0 %","わが街とくさんネット [8/11～16まで夏季休業とさせていただきます] (86%) / A1NINKCD5R45M1","no","","","","","","100 %","1","1","5,940","5,920","0 %","","","","-","5,940","5,940","","-","","","","1","1","0 %","https://www.amazon.co.jp/dp/B0DF6W4P44","https://keepa.com/#!product/5-B0DF6W4P44","食品・飲料・お酒","シーフードミックス","食品・飲料・お酒 › 生鮮魚介類・水産加工品 › シーフードミックス","B0DF6W4P44","","わが街とくさんネット","わが街とくさんネット","1","","","","","","","1","","","","","no","","","0 %","0 %","0 %","0 %","100 %","100 %","100 %","100 %","1","1","1","1","-","-","133","8","8","52"
"https://m.media-amazon.com/images/I/61xJn8PhKxL.jpg;https://m.media-amazon.com/images/I/61zdV2eawML.jpg;https://m.media-amazon.com/images/I/41rqZ1uNm6L.jpg","静岡 石原水産 まぐろ丼5種セット 惣菜 海鮮丼【二重包装不可】【お届け不可地域：離島】","","","","","0","0","0","0","","","","5,940","5,940","0 %","わが街とくさんネット [8/11～16まで夏季休業とさせていただきます] (86%) / A1NINKCD5R45M1","no","","","","","","100 %","1","1","5,940","5,920","0 %","","","","-","5,940","5,940","","-","","","","1","1","0 %","https://www.amazon.co.jp/dp/B0DF6WX3RV","https://keepa.com/#!product/5-B0DF6WX3RV","食品・飲料・お酒","シーフードミックス","食品・飲料・お酒 › 生鮮魚介類・水産加工品 › シーフードミックス","B0DF6WX3RV","","わが街とくさんネット","わが街とくさんネット","1","","","","","","","1","","","","","no","","","0 %","0 %","0 %","0 %","100 %","100 %","100 %","99 %","1","1","1","1","-","-","-","8","8","8"
"https://m.media-amazon.com/images/I/61j1eHTWnVL.jpg;https://m.media-amazon.com/images/I/61j1eHTWnVL.jpg;https://m.media-amazon.com/images/I/61t4dWahTfL.jpg","静岡 石原水産 めかじきのしゃぶすき鍋 150g×2 鍋セット すき焼き【二重包装不可】【お届け不可地域：離島】","","","","","0","0","0","0","","","","5,400","5,400","0 %","わが街とくさんネット [8/11～16まで夏季休業とさせていただきます] (86%) / A1NINKCD5R45M1","no","","","","","","100 %","1","1","5,400","5,400","0 %","","","","-","5,400","5,400","","-","","","","1","1","0 %","https://www.amazon.co.jp/dp/B0D8HP2XYR","https://keepa.com/#!product/5-B0D8HP2XYR","食品・飲料・お酒","牛肉","食品・飲料・お酒 › 精肉・肉加工品 › 牛肉","B0D8HP2XYR","","わが街とくさんネット","わが街とくさんネット","1","","","","","","","1","","","","","no","","","0 %","0 %","0 %","0 %","100 %","100 %","100 %","100 %","1","1","1","1","-","-","-","","",""
"https://m.media-amazon.com/images/I/51epaDGpdNL.jpg;https://m.media-amazon.com/images/I/51epaDGpdNL.jpg;https://m.media-amazon.com/images/I/61t4dWahTfL.jpg","静岡 石原水産 めかじきのしゃぶすき鍋 150g×1 鍋セット すき焼き【二重包装不可】【お届け不可地域：離島】","","","","","0","0","0","0","","","","4,104","4,104","0 %","わが街とくさんネット [8/11～16まで夏季休業とさせていただきます] (86%) / A1NINKCD5R45M1","no","","","","","","100 %","1","1","4,104","4,096","0 %","","","","-","4,104","4,104","","-","","","","1","1","0 %","https://www.amazon.co.jp/dp/B0D8HTFNMQ","https://keepa.com/#!product/5-B0D8HTFNMQ","食品・飲料・お酒","牛肉","食品・飲料・お酒 › 精肉・肉加工品 › 牛肉","B0D8HTFNMQ","","わが街とくさんネット","わが街とくさんネット","1","","","","","","","1","","","","150","no","","","0 %","0 %","0 %","0 %","100 %","100 %","100 %","99 %","1","1","1","1","-","-","-","8","8","8"
"https://m.media-amazon.com/images/I/61Pxs-CbvIL.jpg","焼津石原水産 魚屋がつくった食べるおだし 和風惣菜【二重包装不可】【お届け不可地域：離島】","","","","","0","0","0","0","","","","3,456","3,456","0 %","わが街とくさんネット [8/11～16まで夏季休業とさせていただきます] (86%) / A1NINKCD5R45M1","no","","","","","","100 %","1","1","3,456","3,454","0 %","","","","-","3,456","3,456","","-","","","","1","1","0 %","https://www.amazon.co.jp/dp/B0FDKWPJ5J","https://keepa.com/#!product/5-B0FDKWPJ5J","食品・飲料・お酒","惣菜","食品・飲料・お酒 › 惣菜・チルド食品 › 惣菜","B0FDKWPJ5J","","わが街とくさんネット","わが街とくさんネット","1","","","","","","","1","","","","","no","","","0 %","0 %","0 %","0 %","100 %","100 %","100 %","100 %","1","1","1","1","-","-","-","","",""
"https://m.media-amazon.com/images/I/71nHaXJCHCL.jpg;https://m.media-amazon.com/images/I/71LeqhdfpEL.jpg;https://m.media-amazon.com/images/I/61ZQFFcLWCL.jpg;https://m.media-amazon.com/images/I/71LuOMm1vLL.jpg;https://m.media-amazon.com/images/I/71w5-HZkjeL.jpg","焼津 石原水産 食べるおだし 詰め合わせ かつお50g×2、まぐろ35g×2 おつまみ 魚介","","","","","0","0","0","0","","","","3,456","3,456","0 %","産直お取り寄せＮセレクト (94%) / A2V69A2NGAXB3X","no","","","","","","100 %","1","1","3,456","3,456","0 %","","","","-","3,456","3,456","0 %","産直お取り寄せＮセレクト (94%) / A2V69A2NGAXB3X","","","","1","1","0 %","https://www.amazon.co.jp/dp/B0H93RF7G3","https://keepa.com/#!product/5-B0H93RF7G3","食品・飲料・お酒","刺身","食品・飲料・お酒 › 生鮮魚介類・水産加工品 › 刺身","B0H93RF7G3","","産直お取り寄せＮセレクト","ノーブランド品","1","","","","","","","1","","","","","no","","","0 %","0 %","0 %","0 %","46 %","46 %","46 %","46 %","1","1","1","1","-","-","-","6","3","2"
"https://m.media-amazon.com/images/I/81De8gjHa-L.jpg;https://m.media-amazon.com/images/I/81I+2EJOy3L.jpg","石原水産 ねぎとろ丼の具 160g×3袋 たれ25g×6袋 セット 冷凍 焼津 まぐろたたき ネギトロ丼 海鮮丼 丼のたれ付き 簡単調理","","","","","0","0","0","0","","","","3,330","3,330","0 %","通販パーク (98%) / A23HBMEHST6QLW","no","","","","","","100 %","1","1","3,330","3,330","0 %","","","","-","3,330","3,330","","-","4,320","4,320","0 %","1","1","0 %","https://www.amazon.co.jp/dp/B0H5VV2SRQ","https://keepa.com/#!product/5-B0H5VV2SRQ","食品・飲料・お酒","どんぶり","食品・飲料・お酒 › レトルト・料理の素 › どんぶり","B0H5VV2SRQ","","石原水産","通販パーク","1","","","","","","","","","","","","no","","","0 %","0 %","0 %","0 %","100 %","100 %","100 %","100 %","1","1","1","1","-","-","-","","",""
"https://m.media-amazon.com/images/I/51IhinWITJL.jpg;https://m.media-amazon.com/images/I/712JcPSIWWL.jpg","3種セット 食べるおだし かつお まぐろ ぶり アソート 石原水産 出汁 オリジナル開封管理ステッカー付 焼津 乾物 干物 大人のおつまみ アソート","","","","","0","0","0","0","","","","1,640","1,640","0 %","クオーレショップ (98%) / A3DMCD2I1OJDWC","no","","","","","","100 %","1","1","1,640","1,640","0 %","","","","-","1,640","1,640","0 %","クオーレショップ (98%) / A3DMCD2I1OJDWC","1,640","1,640","0 %","1","1","0 %","https://www.amazon.co.jp/dp/B0HD6M5KNP","https://keepa.com/#!product/5-B0HD6M5KNP","食品・飲料・お酒","削り節・鰹節","食品・飲料・お酒 › 乾物 › 削り節・鰹節","B0HD6M5KNP","","石原水産","ノーブランド品","3","3","","","","","","","","","","","no","","","0 %","0 %","0 %","0 %","100 %","100 %","100 %","100 %","1","1","1","1","-","-","-","","",""