"画像","商品名","商品ハイライト","売れ筋ランキング: 90 日平均","売れ筋ランキング: 365 日平均","売れ筋ランキング: 90日間の下落 %","売れ筋ランキング: 過去30日間の減少","売れ筋ランキング: 過去90日間の減少","売れ筋ランキング: 過去180日間の減少","売れ筋ランキング: 過去365日間の減少","月間売上トレンド: 先月の購入","レビュー: 評価","レビュー: 評価件数","Buy Box: 30 日平均","Buy Box: 90 日平均","Buy Box: 90日間の下落 %","Buy Box: Buy Box セラー","Buy Box: FBAです","Amazon: 現在価格","Amazon: 90 日平均","Amazon: 365 日平均","Amazon: 90日間の下落 %","Amazon: 在庫","Amazon: 90日間在庫切れ","Amazon: 在庫切れカウント 30 日間","Amazon: 在庫切れカウント 90 日間","新品: 90 日平均","新品: 365 日平均","新品: 90日間の下落 %","新しい、第三者FBA: 90 日平均","新しい、第三者FBA: 365 日平均","新しい、第三者FBA: 90日間の下落 %","最安の FBA セラー","新品 第三者 FBM: 90 日平均","新品 第三者 FBM: 365 日平均","新品 第三者 FBM: 90日間の下落 %","最安の FBM セラー","参考価格: 90 日平均","参考価格: 365 日平均","参考価格: 90日間の下落 %","新品アイテム数: 90 日平均","新品アイテム数: 365 日平均","新品アイテム数: 90日間の下落 %","URL: Amazon","URL: Keepa","カテゴリ: ルート","カテゴリ: サブ","カテゴリ: ツリー","ASIN","商品コード: EAN","製造者","ブランド","単位の詳細: 単位の価値","アイテム数","発売日","パッケージ: 長さ (cm)","パッケージ: 幅 (cm)","パッケージ: 高さ (cm)","パッケージ: 重さ (g)","パッケージ: 数量","商品: 長さ (cm)","商品: 幅 (cm)","商品: 高さ (cm)","商品: 重さ (g)","Buy Box: 定期おトク便","ワンタイムクーポン: 定期おトク便 %","ビジネス割引: パーセンテージ","Buy Box: % Amazon 30 日","Buy Box: % Amazon 90 日","Buy Box: % Amazon 180 日","Buy Box: % Amazon 365 日","Buy Box: % トップセラー 30 日","Buy Box: % トップセラー 90 日","Buy Box: % トップセラー 180 日","Buy Box: % トップセラー 365 日","Buy Box: 勝者数 30 日","Buy Box: 勝者数 90 日","Buy Box: 勝者数 180 日","Buy Box: 勝者数 365 日","Buy Box: 標準偏差 30 日","Buy Box: 標準偏差 90 日","Buy Box: 標準偏差 365 日","Buy Box: 変動性 30 日","Buy Box: 変動性 90 日","Buy Box: 変動性 365 日"
"https://m.media-amazon.com/images/I/71VmheUcVFL.jpg;https://m.media-amazon.com/images/I/61Ep4KZNwRL.jpg;https://m.media-amazon.com/images/I/61NS+4ET9TL.jpg;https://m.media-amazon.com/images/I/61OQhqzn8gL.jpg;https://m.media-amazon.com/images/I/61D96Kr11DL.jpg;https://m.media-amazon.com/images/I/61+1UYm9spL.jpg","五木食品 スープ付うどん 210g×6袋(電子レンジ調理可能)(常温保存商品)","","5867","8970","18 %","29","92","185","358","400","4","696","804","767","33 %","Amazon","yes","511","767","778","33 %","5","0 %","0","0","759","797","33 %","516","675","","-","1,006","1,083","7 %","ワールドファクトリー (89%) / A2WGUAQ33DDVJ3","738","757","0 %","8","6","63 %","https://www.amazon.co.jp/dp/B00CY5M714","https://keepa.com/#!product/5-B00CY5M714","食品・飲料・お酒","うどん","食品・飲料・お酒 › 麺類・パスタ › うどん","B00CY5M714","4901726005125","五木食品","五木食品","6","6","","26.5","15","5","1300","6","","","","210","no","","","99 %","100 %","100 %","91 %","99 %","100 %","100 %","91 %","2","2","2","4","89","66","66","57","42","21"
"https://m.media-amazon.com/images/I/71o3sG4LapL.jpg;https://m.media-amazon.com/images/I/611Pqr1y-5L.jpg;https://m.media-amazon.com/images/I/61utDCmNKFL.jpg;https://m.media-amazon.com/images/I/612j9dt4IPL.jpg","五木食品 中華細麺 280g×5個","","7513","8647","46 %","20","83","172","486","200","4.1","577","1,201","1,220","21 %","Amazon","yes","967","1,220","1,243","21 %","11","0 %","0","0","1,215","1,231","20 %","","1,263","","-","1,245","1,249","0 %","プレミアコンタクト_インボイス対応 (59%) / A1R6WV6NFQNZUO; ワールドファクトリー (89%) / A2WGUAQ33DDVJ3","1,200","1,216","0 %","6","5","50 %","https://www.amazon.co.jp/dp/B00XKNPPD6","https://keepa.com/#!product/5-B00XKNPPD6","食品・飲料・お酒","ラーメン","食品・飲料・お酒 › 麺類・パスタ › ラーメン","B00XKNPPD6","4901726013120","五木食品","五木食品","5","5","","23.1","10.8","8.5","1450","5","26.6","13.1","8.9","280","yes","","","98 %","97 %","95 %","92 %","98 %","97 %","95 %","92 %","3","5","7","8","48","37","45","4","4","62"
"https://m.media-amazon.com/images/I/81qAAWIWoIL.jpg;https://m.media-amazon.com/images/I/81GmwkNIWPL.jpg","五木食品 鍋焼えび天うどん 220g×9個(常温保存商品)(生タイプ即席麵)","","11326","11218","2 %","12","34","178","385","","4","62","2,199","2,354","2 %","Amazon","yes","2,315","2,354","2,170","2 %","16","0 %","0","0","2,354","2,154","2 %","","2,405","","-","","2,098","","-","2,556","2,556","0 %","1","1","0 %","https://www.amazon.co.jp/dp/B09WMMPXS6?psc=1","https://keepa.com/#!product/5-B09WMMPXS6","食品・飲料・お酒","うどん","食品・飲料・お酒 › 麺類・パスタ › うどん","B09WMMPXS6","2203250000334","五木食品","五木食品","9","9","2022-04-01","45","31.5","18","2310","9","","","","220","no","","","100 %","100 %","96 %","84 %","100 %","100 %","96 %","84 %","1","1","2","2","103","234","354","36","7","32"
"https://m.media-amazon.com/images/I/81RLhFIuRyL.jpg;https://m.media-amazon.com/images/I/81GmwkNIWPL.jpg;https://m.media-amazon.com/images/I/81WNnv6cSnL.jpg;https://m.media-amazon.com/images/I/81F7Jdf+XPL.jpg;https://m.media-amazon.com/images/I/81Ly6c4EgnL.jpg","五木食品 鍋焼うどん4種×各3個食べ比べセット(えび天/きつね/カレー/すき焼風 各種3個 計12個)(セット商品)(常温保存商品)","","11339","11156","2 %","8","39","160","296","","3.8","69","","3,542","","-","no","","3,542","3,534","","","96 %","1","3","3,542","3,087","","","3,980","","-","","2,728","","-","3,408","3,547","0 %","1","3","","https://www.amazon.co.jp/dp/B09CP5H4NJ?psc=1","https://keepa.com/#!product/5-B09CP5H4NJ","食品・飲料・お酒","うどん","食品・飲料・お酒 › 麺類・パスタ › うどん","B09CP5H4NJ","2108160000095","五木食品","五木食品","12","12","2021-08-16","55","38","18","3480","12","","","","3480","no","","","0 %","5 %","25 %","25 %","0 %","5 %","25 %","25 %","0","1","6","7","-","-","456","5","5","35"
"https://m.media-amazon.com/images/I/81GmwkNIWPL.jpg;https://m.media-amazon.com/images/I/51NVmzQEyYL.jpg","五木食品 鍋焼えび天うどん 220g×18個 (アルミ鍋うどん)(常温保存商品)","","11348","11105","3 %","10","40","134","327","100","4.6","68","2,909","2,915","0 %","Amazon","yes","2,909","2,915","3,053","0 %","5","0 %","0","0","2,915","3,043","0 %","","2,883","","-","","3,269","","-","5,112","5,112","0 %","1","1","0 %","https://www.amazon.co.jp/dp/B0CDLK51VH?psc=1","https://keepa.com/#!product/5-B0CDLK51VH","食品・飲料・お酒","うどん","食品・飲料・お酒 › 麺類・パスタ › うどん","B0CDLK51VH","4901726009550","五木食品","五木食品","18","18","2023-09-08","55","37","14","5220","18","","","","220","yes","","","100 %","100 %","95 %","85 %","100 %","100 %","95 %","85 %","1","1","3","4","-","20","322","4","4","17"
"https://m.media-amazon.com/images/I/81N55QTSx0L.jpg;https://m.media-amazon.com/images/I/81WNnv6cSnL.jpg","五木食品 鍋焼きつねうどん 210g×9個(常温保存商品)(生タイプ即席麵)","","11411","11145","3 %","9","36","148","310","","4.1","62","","2,030","","-","no","","2,215","2,108","","","65 %","1","1","1,777","1,949","","1,649","1,758","","-","1,980","1,657","","-","2,556","2,645","0 %","2","2","","https://www.amazon.co.jp/dp/B09WMNQX6S?psc=1","https://keepa.com/#!product/5-B09WMNQX6S","食品・飲料・お酒","うどん","食品・飲料・お酒 › 麺類・パスタ › うどん","B09WMNQX6S","2203250000341","五木食品","五木食品","9","9","2022-04-01","39.5","37.8","15.9","2230","9","","","","210","no","","","0 %","21 %","25 %","50 %","0 %","21 %","44 %","50 %","0","2","2","2","-","345","439","5","47","61"
"https://m.media-amazon.com/images/I/71BPtKeZDrL.jpg;https://m.media-amazon.com/images/I/61TwluLzYCL.jpg;https://m.media-amazon.com/images/I/61l7WniJirL.jpg;https://m.media-amazon.com/images/I/71exssPNCQL.jpg","五木食品 五木庵カレーうどん 225g ×10個(電子レンジ調理可能)(常温保存商品)","","12486","11627","21 %","11","55","131","329","100","4.2","456","1,782","1,662","17 %","Amazon","yes","1,382","1,661","1,685","17 %","11","0 %","0","0","1,659","1,690","17 %","1,285","1,283","","-","1,890","2,333","0 %","プレミアコンタクト_インボイス対応 (59%) / A1R6WV6NFQNZUO; ワールドファクトリー (89%) / A2WGUAQ33DDVJ3","1,760","1,827","0 %","7","6","43 %","https://www.amazon.co.jp/dp/B08D9SWVPV","https://keepa.com/#!product/5-B08D9SWVPV","食品・飲料・お酒","うどん","食品・飲料・お酒 › 麺類・パスタ › うどん","B08D9SWVPV","4901726015087","五木食品","五木食品","10","10","2020-08-17","29.2","26.5","9.4","2401","10","","","","2250","yes","","","100 %","100 %","96 %","91 %","100 %","100 %","96 %","91 %","1","2","3","5","162","185","185","4","54","39"
"https://m.media-amazon.com/images/I/71eYpuCd3QL.jpg;https://m.media-amazon.com/images/I/71fQAqDWjQL.jpg;https://m.media-amazon.com/images/I/71hCjJF9YCL.jpg;https://m.media-amazon.com/images/I/6108gTsfTPL.jpg;https://m.media-amazon.com/images/I/71xkJF2y3JL.jpg;https://m.media-amazon.com/images/I/71dIm6S6nkL.jpg","五木食品 2食生タイプめん5種×各2個セット(ナポリタン/焼そば/チャンポン/焼うどんしょうゆ/焼うどんソース 各2個 計10個)(常温保存商品)","","12877","14908","31 %","9","20","45","104","","3.9","41","2,819","2,785","-1 %","Amazon","yes","2,819","2,785","2,713","-1 %","1000","0 %","0","0","2,785","2,701","-1 %","","2,126","","-","","","","-","2,610","2,680","0 %","1","1","0 %","https://www.amazon.co.jp/dp/B0B9GC8DTN?psc=1","https://keepa.com/#!product/5-B0B9GC8DTN","食品・飲料・お酒","焼きそば","食品・飲料・お酒 › 麺類・パスタ › 焼きそば","B0B9GC8DTN","2207280000272","五木食品","五木食品","10","10","2022-09-01","44.9","32.1","18.2","4190","10","","","","","yes","","","100 %","100 %","100 %","99 %","100 %","100 %","100 %","99 %","1","1","1","2","-","91","180","4","4","26"
"https://m.media-amazon.com/images/I/71i8fiGY1QL.jpg;https://m.media-amazon.com/images/I/71t+JtqodEL.jpg;https://m.media-amazon.com/images/I/61jtvMVhBuL.jpg;https://m.media-amazon.com/images/I/61EkZjHSq3L.jpg;https://m.media-amazon.com/images/I/61SUECB3BBL.jpg","五木食品 2コチャンポン 320g×6個(常温保存商品)(生タイプ即席麵)","","12934","14934","32 %","12","29","70","129","","4","404","1,547","1,553","-4 %","Amazon","yes","1,612","1,553","1,568","-4 %","1000","0 %","0","0","1,553","1,567","-4 %","","1,533","","-","","","","-","1,566","1,615","0 %","1","1","0 %","https://www.amazon.co.jp/dp/B007JQD302?psc=1","https://keepa.com/#!product/5-B007JQD302","食品・飲料・お酒","ラーメン","食品・飲料・お酒 › 麺類・パスタ › ラーメン","B007JQD302","4901726005521","五木食品","五木食品","6","6","","28.9","20.6","12.3","2110","6","","","","150","yes","","","100 %","100 %","100 %","92 %","100 %","100 %","100 %","92 %","1","1","1","1","26","34","64","4","4","11"
"https://m.media-amazon.com/images/I/71JBsXZH5GL.jpg;https://m.media-amazon.com/images/I/71soGzVNYNL.jpg;https://m.media-amazon.com/images/I/7105n4f7xXL.jpg;https://m.media-amazon.com/images/I/71IuBkrSisL.jpg","五木食品 2コ生タイプめん 3種×各3個セット (ナポリタン/焼そば/ちゃんぽん 計9個)(セット商品)(常温保存商品)","","12946","15009","31 %","8","19","57","138","","3.9","41","2,367","2,490","-2 %","Amazon","yes","2,537","2,490","2,486","-2 %","","9 %","1","1","2,489","2,480","-2 %","1,547","2,523","","-","","","","-","2,349","2,412","0 %","1","1","0 %","https://www.amazon.co.jp/dp/B084MYZWXJ?psc=1","https://keepa.com/#!product/5-B084MYZWXJ","食品・飲料・お酒","焼きそば","食品・飲料・お酒 › 麺類・パスタ › 焼きそば","B084MYZWXJ","2001240000186","五木食品","五木食品","1","9","","26.2","22.2","17","3360","1","","","","318","no","","","74 %","91 %","96 %","89 %","74 %","91 %","96 %","89 %","1","1","1","1","139","104","94","9","7","13"
"https://m.media-amazon.com/images/I/71nX6JsRuTL.jpg;https://m.media-amazon.com/images/I/71ipl5mPOtL.jpg;https://m.media-amazon.com/images/I/610rLeTz9VL.jpg;https://m.media-amazon.com/images/I/610-tVJUcBL.jpg;https://m.media-amazon.com/images/I/71bbxAYmppL.jpg","五木食品 2コ焼うどん ソース味 406g×6個(常温保存商品)(生タイプ即席麵)","","13067","14838","32 %","10","23","58","122","","4","404","1,566","1,559","-4 %","Amazon","yes","1,616","1,559","1,563","-4 %","","0 %","0","0","1,559","1,564","-4 %","","1,585","","-","","","","-","1,566","1,638","0 %","1","1","0 %","https://www.amazon.co.jp/dp/B0B9WV5YN7?psc=1","https://keepa.com/#!product/5-B0B9WV5YN7","食品・飲料・お酒","うどん","食品・飲料・お酒 › 麺類・パスタ › うどん","B0B9WV5YN7","2208170000044","五木食品","五木食品","6","6","2022-09-01","28","20","11.7","2590","","","","","406","yes","","","100 %","100 %","100 %","91 %","100 %","100 %","100 %","91 %","1","1","1","1","33","30","67","4","4","13"
"https://m.media-amazon.com/images/I/71CTyWxHt9L.jpg;https://m.media-amazon.com/images/I/71b2-lYJNiL.jpg;https://m.media-amazon.com/images/I/619t7K9rosL.jpg;https://m.media-amazon.com/images/I/61TdSRNeNJL.jpg;https://m.media-amazon.com/images/I/51P4ERctOkL.jpg","五木食品 2コ焼そば 340g×6個(常温保存商品)(生タイプ即席麵)","","13096","14885","32 %","15","34","82","154","50","4","404","1,388","1,410","-20 %","Amazon","yes","1,691","1,410","1,427","-20 %","6","11 %","0","1","1,410","1,425","-20 %","","1,255","","-","","","","-","1,566","1,624","0 %","1","1","0 %","https://www.amazon.co.jp/dp/B00L4RUJVS?psc=1","https://keepa.com/#!product/5-B00L4RUJVS","食品・飲料・お酒","焼きそば","食品・飲料・お酒 › 麺類・パスタ › 焼きそば","B00L4RUJVS","4901726012482","五木食品","五木食品","6","6","","29","20.1","10.8","2250","6","20","2.5","12","370","yes","","","100 %","90 %","95 %","84 %","100 %","90 %","95 %","84 %","1","1","1","1","161","156","182","57","71","73"
"https://m.media-amazon.com/images/I/71qGkXfdivL.jpg;https://m.media-amazon.com/images/I/71MGpNtJ0VL.jpg;https://m.media-amazon.com/images/I/616Bw1qJNTL.jpg;https://m.media-amazon.com/images/I/616fOw3fHqL.jpg;https://m.media-amazon.com/images/I/61XGf5deupL.jpg;https://m.media-amazon.com/images/I/61nSM+k0pRL.jpg","五木食品 2コナポリタン 318g×6個(電子レンジ調理可能)(常温保存商品)","","13220","14981","33 %","11","31","72","144","","4","404","1,569","1,563","-8 %","Amazon","yes","1,691","1,563","1,577","-8 %","","0 %","0","0","1,562","1,606","-8 %","1,221","1,495","","-","","4,150","","-","1,566","1,632","0 %","1","1","0 %","https://www.amazon.co.jp/dp/B00L4RUJP4?psc=1","https://keepa.com/#!product/5-B00L4RUJP4","食品・飲料・お酒","パスタ","食品・飲料・お酒 › 麺類・パスタ › パスタ","B00L4RUJP4","4901726012499","五木食品","五木食品","6","6","","26.7","18.7","12.1","2050","6","","","","145","yes","","","100 %","100 %","100 %","95 %","100 %","100 %","100 %","95 %","1","1","1","1","57","45","63","4","4","10"
"https://m.media-amazon.com/images/I/71mMtQx6joL.jpg;https://m.media-amazon.com/images/I/615tcn6cLjL.jpg;https://m.media-amazon.com/images/I/617VJHV9t9L.jpg;https://m.media-amazon.com/images/I/61nid5-dopL.jpg;https://m.media-amazon.com/images/I/61mn2zTbvjL.jpg","五木食品 熊本もっこすラーメン 123g×10個","","13952","13214","69 %","19","50","94","254","100","4.3","882","1,614","1,570","-25 %","Amazon","yes","2,009","1,613","1,616","-25 %","1000","0 %","0","0","1,564","1,556","-28 %","","1,583","","-","1,589","1,577","","-","1,860","1,946","0 %","11","9","91 %","https://www.amazon.co.jp/dp/B007JQBS7C","https://keepa.com/#!product/5-B007JQBS7C","食品・飲料・お酒","ラーメン","食品・飲料・お酒 › 麺類・パスタ › ラーメン","B007JQBS7C","4901726003176","五木食品","五木食品","10","10","","24.3","17.1","6.4","1330","10","24.5","8.3","15","1230","yes","","","58 %","65 %","44 %","53 %","58 %","65 %","44 %","53 %","8","8","10","12","90","67","53","5","9","15"
"https://m.media-amazon.com/images/I/61cmRrfzPeL.jpg;https://m.media-amazon.com/images/I/51ehvBkDI1L.jpg;https://m.media-amazon.com/images/I/61RapHPwjSL.jpg;https://m.media-amazon.com/images/I/51TaGgdIYrL.jpg","五木食品 くまモンの熊本ラーメン 176g×10個","","14902","14680","19 %","19","47","94","184","200","4.3","318","1,888","1,737","-29 %","Amazon","yes","2,246","1,737","1,737","-29 %","1000","0 %","0","0","1,737","1,733","-29 %","","1,732","","-","2,618","2,571","9 %","ジャパネットKN【適格請求書発行事業者】 (86%) / A3IRAE6MWRQR5Y","2,080","2,175","0 %","3","3","0 %","https://www.amazon.co.jp/dp/B00L4RUJTU","https://keepa.com/#!product/5-B00L4RUJTU","食品・飲料・お酒","ラーメン","食品・飲料・お酒 › 麺類・パスタ › ラーメン","B00L4RUJTU","4901726012116","五木食品","五木食品","10","10","","23","15.4","9","1880","10","8.1","25.8","21.4","1860","yes","","","100 %","100 %","100 %","100 %","100 %","100 %","100 %","100 %","1","1","1","2","275","191","153","4","4","49"
"https://m.media-amazon.com/images/I/71c0EmyezcL.jpg;https://m.media-amazon.com/images/I/61Mgu9DqqZL.jpg;https://m.media-amazon.com/images/I/61qqeF3uNuL.jpg;https://m.media-amazon.com/images/I/611Uvn5HGKL.jpg;https://m.media-amazon.com/images/I/61-7kNiCzxL.jpg;https://m.media-amazon.com/images/I/61jdzPml2wL.jpg","五木食品 ナポリ風スパゲティ 200g×6袋(電子レンジ調理可能)(常温保存商品)","","15694","21524","18 %","17","46","95","194","100","4.1","371","954","899","-37 %","Amazon","yes","1,228","930","973","-32 %","1000","0 %","0","0","896","927","-37 %","","573","","-","1,088","1,092","","-","","","","6","5","83 %","https://www.amazon.co.jp/dp/B00CY5M7LO","https://keepa.com/#!product/5-B00CY5M7LO","食品・飲料・お酒","パスタ","食品・飲料・お酒 › 麺類・パスタ › パスタ","B00CY5M7LO","4901726005040","五木食品","五木食品","6","6","","24.5","15","5.5","1250","6","7.2","24.2","17","","yes","","","78 %","75 %","63 %","64 %","78 %","75 %","63 %","64 %","6","6","7","7","188","152","219","71","65","78"
"https://m.media-amazon.com/images/I/71HoB6teSKL.jpg;https://m.media-amazon.com/images/I/615dBt-60fL.jpg;https://m.media-amazon.com/images/I/61pYxf4s-sL.jpg;https://m.media-amazon.com/images/I/61CEL0CqdnL.jpg","五木食品 業務用中華麺 500g×2個","","16071","18807","40 %","13","41","87","170","50","4","250","1,024","1,028","0 %","Amazon","yes","1,031","1,028","1,053","0 %","1000","9 %","1","1","1,028","1,053","0 %","","1,105","","-","","","","-","","","","1","1","0 %","https://www.amazon.co.jp/dp/B0BTY9TJS4?psc=1","https://keepa.com/#!product/5-B0BTY9TJS4","食品・飲料・お酒","ラーメン","食品・飲料・お酒 › 麺類・パスタ › ラーメン","B0BTY9TJS4","2302060000111","五木食品","五木食品","2","2","2023-03-01","21.5","21.4","3.2","1020","2","","","","500","yes","","","76 %","92 %","96 %","98 %","76 %","92 %","96 %","98 %","1","1","1","1","29","19","50","12","9","13"
"https://m.media-amazon.com/images/I/61OYAVC3r4L.jpg;https://m.media-amazon.com/images/I/618HsGLka8L.jpg;https://m.media-amazon.com/images/I/61vOCt9AcFL.jpg;https://m.media-amazon.com/images/I/61544cIKiNL.jpg;https://m.media-amazon.com/images/I/61-BN0CdI5L.jpg","五木食品 業務用中華麺 500g","","16259","18869","41 %","13","43","95","172","","4","250","741","719","-51 %","Amazon","yes","1,088","786","855","-38 %","1000","0 %","0","0","716","593","-52 %","","951","","-","728","900","-66 %","ちむぐくる（リサイクル段ボール利用で安価販売） (79%) / A2D9USOWENKI27","","","","3","3","33 %","https://www.amazon.co.jp/dp/B006ZSKYXY?psc=1","https://keepa.com/#!product/5-B006ZSKYXY","食品・飲料・お酒","ラーメン","食品・飲料・お酒 › 麺類・パスタ › ラーメン","B006ZSKYXY","4901726002438","五木食品","五木食品","1","1","","22.2","11","3.1","500","1","","","","500","yes","","","36 %","29 %","50 %","75 %","64 %","71 %","50 %","75 %","2","2","2","2","139","123","172","59","71","71"
"https://m.media-amazon.com/images/I/71WcP5HbiGL.jpg;https://m.media-amazon.com/images/I/61bhl6kSstL.jpg;https://m.media-amazon.com/images/I/51TYXuKmzzL.jpg;https://m.media-amazon.com/images/I/610C9vPyDmL.jpg","五木食品 中華めん 250g×5袋","","17151","16340","-7 %","11","36","78","156","100","4.2","264","1,010","1,002","0 %","ワールドファクトリー (89%) / A2WGUAQ33DDVJ3","no","1,113","1,169","1,116","5 %","11","8 %","1","1","1,001","1,003","0 %","996","1,039","","-","998","1,001","0 %","ワールドファクトリー (89%) / A2WGUAQ33DDVJ3; プレミアコンタクト_インボイス対応 (59%) / A1R6WV6NFQNZUO","1,085","1,144","0 %","7","5","43 %","https://www.amazon.co.jp/dp/B079TCT3WW","https://keepa.com/#!product/5-B079TCT3WW","食品・飲料・お酒","麺類・パスタ","食品・飲料・お酒 › 麺類・パスタ","B079TCT3WW","4901726014363","五木食品","五木食品","5","5","2018-03-01","33","21","2","1300","5","","","","1250","no","","","8 %","3 %","2 %","28 %","29 %","36 %","41 %","32 %","7","8","8","8","41","25","44","14","46","22"
"https://m.media-amazon.com/images/I/618st+JmB4L.jpg;https://m.media-amazon.com/images/I/61hFN2+-wxL.jpg;https://m.media-amazon.com/images/I/61EZgMk72IL.jpg;https://m.media-amazon.com/images/I/71evHjElKzL.jpg","五木食品 3食入スープ付うどん 564g ×12個(電子レンジ調理可能)(常温保存商品)","","18074","28876","39 %","10","30","63","141","","4.1","118","3,469","3,679","10 %","Amazon","yes","3,321","3,679","3,597","10 %","","9 %","1","1","3,994","3,755","17 %","","3,448","","-","7,490","7,424","","-","3,480","3,599","0 %","2","2","0 %","https://www.amazon.co.jp/dp/B07X1S4RMX?psc=1","https://keepa.com/#!product/5-B07X1S4RMX","食品・飲料・お酒","うどん","食品・飲料・お酒 › 麺類・パスタ › うどん","B07X1S4RMX","4901726060261","五木食品","五木食品","12","12","","38","25.6","16.2","7480","1","","","","6768","no","","","76 %","92 %","84 %","83 %","76 %","92 %","84 %","83 %","1","1","2","2","235","178","218","54","53","41"
"https://m.media-amazon.com/images/I/71+8SsDSX9L.jpg;https://m.media-amazon.com/images/I/61CfegW6VcL.jpg;https://m.media-amazon.com/images/I/61zfWmiPEJL.jpg;https://m.media-amazon.com/images/I/61ttLed+SWL.jpg","五木食品 3食入スープ付うどん 564g×6個(電子レンジ調理可能)(常温保存商品)","","18399","29270","41 %","13","44","96","175","100","4.2","119","1,739","1,809","8 %","Amazon","yes","1,661","1,809","1,791","8 %","11","9 %","1","10","1,985","1,958","16 %","","1,806","","-","3,848","3,348","","-","1,740","1,821","0 %","2","2","0 %","https://www.amazon.co.jp/dp/B09WMP2C49?psc=1","https://keepa.com/#!product/5-B09WMP2C49","食品・飲料・お酒","うどん","食品・飲料・お酒 › 麺類・パスタ › うどん","B09WMP2C49","2203250000310","五木食品","五木食品","6","6","2022-04-01","38.9","24.1","12","3600","6","","","","","yes","","","100 %","91 %","94 %","80 %","100 %","91 %","94 %","80 %","1","1","1","1","104","100","116","34","30","60"
"https://m.media-amazon.com/images/I/615tcn6cLjL.jpg;https://m.media-amazon.com/images/I/61nid5-dopL.jpg;https://m.media-amazon.com/images/I/61mn2zTbvjL.jpg;https://m.media-amazon.com/images/I/61XjzAHLPgL.jpg;https://m.media-amazon.com/images/I/61Y3K3GUEJL.jpg;https://m.media-amazon.com/images/I/71yH1YeyUpL.jpg","五木食品 熊本もっこすラーメン 123g×20袋","","21414","22316","55 %","15","41","79","157","100","4.3","556","2,772","2,762","-7 %","Amazon","yes","2,962","2,762","2,860","-7 %","1000","0 %","0","0","2,740","2,787","-7 %","","2,583","","-","2,784","2,848","-5 %","ワールドファクトリー (89%) / A2WGUAQ33DDVJ3","3,720","3,720","0 %","11","10","73 %","https://www.amazon.co.jp/dp/B01987YMCM","https://keepa.com/#!product/5-B01987YMCM","食品・飲料・お酒","ラーメン","食品・飲料・お酒 › 麺類・パスタ › ラーメン","B01987YMCM","4901726003176, 4901726008270","五木食品","五木食品","20","20","","35.7","26.1","8.4","3041","1","35.3","25.6","7.5","123","yes","","","100 %","99 %","79 %","57 %","100 %","99 %","79 %","57 %","1","2","3","7","54","32","115","4","4","20"
"https://m.media-amazon.com/images/I/71e5ACtZPKL.jpg;https://m.media-amazon.com/images/I/61crdGZ3ZdL.jpg;https://m.media-amazon.com/images/I/51vRL0QddsL.jpg;https://m.media-amazon.com/images/I/51DzK4jKNCL.jpg","五木食品 熊本赤辛ラーメン 120g ×10個","","22357","21842","75 %","15","42","82","166","50","4.2","198","1,592","1,591","0 %","Amazon","yes","1,592","1,592","1,621","0 %","11","0 %","0","0","1,581","1,581","0 %","","","","-","1,599","1,589","1 %","First Contact (79%) / A8A8J1IIL0YMB; プレミアコンタクト_インボイス対応 (59%) / A1R6WV6NFQNZUO; ワールドファクトリー (89%) / A2WGUAQ33DDVJ3","1,860","1,964","0 %","7","5","14 %","https://www.amazon.co.jp/dp/B07X5X25K6","https://keepa.com/#!product/5-B07X5X25K6","食品・飲料・お酒","ラーメン","食品・飲料・お酒 › 麺類・パスタ › ラーメン","B07X5X25K6","4901726014707","五木食品","五木食品","10","10","","24.6","17.2","5.8","1360","10","24.5","8.3","15","1200","yes","","","100 %","93 %","92 %","81 %","100 %","93 %","92 %","81 %","1","2","2","6","-","3","49","4","4","13"
"https://m.media-amazon.com/images/I/81Bw8NIWyEL.jpg;https://m.media-amazon.com/images/I/71idupObjXL.jpg;https://m.media-amazon.com/images/I/61edoZLTNtL.jpg;https://m.media-amazon.com/images/I/61ScYKPW4wL.jpg","五木食品 五木庵チャンポン 170g×10個(電子レンジ調理可能)(常温保存商品)","","22714","24520","10 %","13","42","83","176","50","4","324","1,600","1,583","6 %","Amazon","yes","1,495","1,594","1,532","6 %","11","0 %","0","0","1,580","1,516","5 %","1,271","1,418","","-","1,707","1,703","","-","1,800","1,859","0 %","7","6","86 %","https://www.amazon.co.jp/dp/B007JQBJMQ","https://keepa.com/#!product/5-B007JQBJMQ","食品・飲料・お酒","ラーメン","食品・飲料・お酒 › 麺類・パスタ › ラーメン","B007JQBJMQ","4901726005620","五木食品","五木食品","10","10","","27.9","22.6","10.8","1870","10","","","","1700","yes","","","81 %","94 %","92 %","85 %","81 %","94 %","92 %","85 %","4","4","6","8","162","109","122","44","20","33"
"https://m.media-amazon.com/images/I/71q2B4y-2ML.jpg;https://m.media-amazon.com/images/I/51tKhnSjHyL.jpg;https://m.media-amazon.com/images/I/61+mZvHiEfL.jpg;https://m.media-amazon.com/images/I/81hT66XMUaL.jpg;https://m.media-amazon.com/images/I/61v+z9ZW+eL.jpg","五木食品 アベックラーメン 175g×10個","","23380","29284","65 %","14","37","78","162","","4.2","340","2,041","2,001","-7 %","Amazon","yes","2,133","2,178","2,171","2 %","44","8 %","1","1","1,996","1,991","-7 %","","1,687","","-","1,996","1,998","-19 %","ジャパネットKN【適格請求書発行事業者】 (86%) / A3IRAE6MWRQR5Y","2,350","2,461","0 %","8","7","75 %","https://www.amazon.co.jp/dp/B007JQBD2C?psc=1","https://keepa.com/#!product/5-B007JQBD2C","食品・飲料・お酒","ラーメン","食品・飲料・お酒 › 麺類・パスタ › ラーメン","B007JQBD2C","4901726003053","五木食品","五木食品","10","10","","22","16","8","1860","10","8","22","14","175","yes","","12 %","19 %","8 %","26 %","19 %","20 %","39 %","28 %","36 %","7","9","10","10","130","78","80","58","57","33"
"https://m.media-amazon.com/images/I/711tdgibbRL.jpg;https://m.media-amazon.com/images/I/618mCgUY3LL.jpg;https://m.media-amazon.com/images/I/61-cM5REtxL.jpg;https://m.media-amazon.com/images/I/51Yhs-se1BL.jpg","五木食品 アベックラーメンとんこつ味 180g×10個","","23549","29396","65 %","14","37","77","162","","4.2","340","2,089","2,097","0 %","First Contact (79%) / A8A8J1IIL0YMB","no","2,236","2,249","2,243","1 %","3","0 %","0","0","2,091","2,082","0 %","","1,739","","-","2,098","2,094","0 %","First Contact (79%) / A8A8J1IIL0YMB; プレミアコンタクト_インボイス対応 (59%) / A1R6WV6NFQNZUO","2,350","2,350","0 %","7","6","43 %","https://www.amazon.co.jp/dp/B007JQBDVS?psc=1","https://keepa.com/#!product/5-B007JQBDVS","食品・飲料・お酒","ラーメン","食品・飲料・お酒 › 麺類・パスタ › ラーメン","B007JQBDVS","4901726003060","五木食品","五木食品","10","10","","22","15","7","1550","10","","","","","yes","","","29 %","12 %","39 %","25 %","29 %","38 %","39 %","33 %","7","8","9","9","64","42","81","10","13","21"
"https://m.media-amazon.com/images/I/71vTqTd59bL.jpg;https://m.media-amazon.com/images/I/611--Px1jNL.jpg;https://m.media-amazon.com/images/I/4194rwWF1xL.jpg","五木食品 アベックラーメン食べ比べ 2種 6食セット(セット商品)","","23685","29492","65 %","13","34","74","156","50","4.2","340","1,178","1,178","0 %","東京トイズパーク (91%) / AGYY7R7SAAEKK","no","","","","","","100 %","1","1","1,178","1,168","0 %","","","","-","1,178","1,168","0 %","東京トイズパーク (91%) / AGYY7R7SAAEKK; First Contact (79%) / A8A8J1IIL0YMB; プレミアコンタクト_インボイス対応 (59%) / A1R6WV6NFQNZUO","1,410","1,410","0 %","7","6","57 %","https://www.amazon.co.jp/dp/B08PKVMHQX?psc=1","https://keepa.com/#!product/5-B08PKVMHQX","食品・飲料・お酒","ラーメン","食品・飲料・お酒 › 麺類・パスタ › ラーメン","B08PKVMHQX","2012030000071","五木食品","五木食品","1","6","","36","34","3.4","1280","1","","","","175","no","","","0 %","0 %","0 %","0 %","99 %","88 %","45 %","48 %","2","3","9","9","-","-","35","8","8","8"
"https://m.media-amazon.com/images/I/71RShAdQsML.jpg;https://m.media-amazon.com/images/I/61iGbk275ML.jpg;https://m.media-amazon.com/images/I/61AHm6RfEmL.jpg;https://m.media-amazon.com/images/I/61Pi-+fPjQL.jpg","五木食品 五木庵そば 161g×10個(電子レンジ調理可能)(常温保存商品)","","26019","26195","10 %","15","40","81","180","50","3.8","144","1,573","1,590","-6 %","Amazon","yes","1,686","1,589","1,398","-6 %","1000","14 %","0","3","1,589","1,402","-6 %","","","","-","1,480","1,594","","-","1,540","1,603","0 %","1","1","0 %","https://www.amazon.co.jp/dp/B074VWQCTP","https://keepa.com/#!product/5-B074VWQCTP","食品・飲料・お酒","麺類・パスタ","食品・飲料・お酒 › 麺類・パスタ","B074VWQCTP","4901726014134","五木食品","五木食品","10","10","","29.7","18.2","10.5","1760","10","","","","1610","yes","","","100 %","86 %","77 %","74 %","100 %","86 %","77 %","74 %","1","2","2","2","48","69","256","4","4","23"
"https://m.media-amazon.com/images/I/718cCnMZTdL.jpg;https://m.media-amazon.com/images/I/71+n6nikVJL.jpg;https://m.media-amazon.com/images/I/71xre00H20L.jpg;https://m.media-amazon.com/images/I/71mK3VK64TL.jpg;https://m.media-amazon.com/images/I/71ZPf33Q17L.jpg","五木食品 1食生タイプ即席めん4種×各3個食べ比べセット(カレーうどん/チャンポン/そば/だんご汁 計12個)(常温保存)(電子レンジ調理可能)","","29466","81904","-16 %","12","36","78","123","50","4","13","1,512","1,512","0 %","Amazon","yes","1,512","1,512","1,512","0 %","","0 %","6","6","1,512","1,512","0 %","","1,512","","-","","","","-","1,400","1,400","0 %","1","1","0 %","https://www.amazon.co.jp/dp/B0FK4N37KT","https://keepa.com/#!product/5-B0FK4N37KT","食品・飲料・お酒","うどん","食品・飲料・お酒 › 麺類・パスタ › うどん","B0FK4N37KT","2507240000039","五木食品","五木食品","12","12","2025-09-30","26.3","21.7","16.8","2610","","","","","","no","","","100 %","100 %","100 %","85 %","100 %","100 %","100 %","85 %","1","1","1","1","-","-","-","4","4","4"
"https://m.media-amazon.com/images/I/71PN4xeV4OL.jpg;https://m.media-amazon.com/images/I/61QhMpkYXBL.jpg;https://m.media-amazon.com/images/I/61B4vOOY7FL.jpg;https://m.media-amazon.com/images/I/613yC0D6zBL.jpg;https://m.media-amazon.com/images/I/61co+zG86NL.jpg","五木食品 彩菜そうめん 320g×5個","","29863","81935","-37 %","11","39","57","108","50","4.4","14","1,485","1,382","-9 %","Amazon","yes","1,508","1,382","1,445","-9 %","1000","0 %","0","0","1,382","1,445","-9 %","","1,490","","-","","","","-","1,515","1,571","0 %","1","1","0 %","https://www.amazon.co.jp/dp/B0BTYB4FWL","https://keepa.com/#!product/5-B0BTYB4FWL","食品・飲料・お酒","ラーメン","食品・飲料・お酒 › 麺類・パスタ › ラーメン","B0BTYB4FWL","2302060000081","五木食品","五木食品","5","5","2023-03-01","23.5","13","10","1670","5","","","","320","yes","","","100 %","100 %","100 %","85 %","100 %","100 %","100 %","85 %","1","1","1","1","65","100","93","4","4","4"
"https://m.media-amazon.com/images/I/7130nRXfyCL.jpg;https://m.media-amazon.com/images/I/615-AhS4CaL.jpg;https://m.media-amazon.com/images/I/61QScSgnvEL.jpg;https://m.media-amazon.com/images/I/71q3+5ht-mL.jpg;https://m.media-amazon.com/images/I/51hEQc5R3OL.jpg","五木食品 火の国熊本とんこつラーメン 250g×10個","","30455","36932","26 %","9","37","81","166","50","4.4","233","2,642","2,713","4 %","Amazon","yes","2,593","2,724","2,863","5 %","1000","0 %","0","0","2,690","2,804","4 %","","2,920","","-","2,858","2,857","0 %","ワールドファクトリー (89%) / A2WGUAQ33DDVJ3; プレミアコンタクト_インボイス対応 (59%) / A1R6WV6NFQNZUO","3,150","3,302","0 %","6","5","50 %","https://www.amazon.co.jp/dp/B002LDAKQS","https://keepa.com/#!product/5-B002LDAKQS","食品・飲料・お酒","ラーメン","食品・飲料・お酒 › 麺類・パスタ › ラーメン","B002LDAKQS","4901726003763","五木食品","五木食品","10","10","","24","21.2","8.6","2680","10","10","23","16","250","yes","","","82 %","63 %","67 %","67 %","82 %","63 %","67 %","67 %","4","5","7","7","103","140","112","9","7","13"
"https://m.media-amazon.com/images/I/71ExnPZwOfL.jpg;https://m.media-amazon.com/images/I/611uPjbKp6L.jpg;https://m.media-amazon.com/images/I/71sI69VjA1L.jpg;https://m.media-amazon.com/images/I/71piaH1AbwL.jpg","五木食品 3食入焼そば 510g×6個(常温保存商品)(生タイプ即席麵)","","32522","43381","31 %","11","37","74","138","50","3.9","128","1,716","1,714","0 %","Amazon","yes","1,721","1,714","1,777","0 %","11","0 %","0","0","1,714","1,778","0 %","","1,538","","-","2,280","2,280","","-","1,740","1,802","0 %","2","1","0 %","https://www.amazon.co.jp/dp/B00L4RV63I","https://keepa.com/#!product/5-B00L4RV63I","食品・飲料・お酒","焼きそば","食品・飲料・お酒 › 麺類・パスタ › 焼きそば","B00L4RV63I","4901726012390","五木食品","五木食品","6","6","","27.6","20.6","13.4","3310","6","13.9","31.3","23.2","510","yes","","","100 %","90 %","95 %","86 %","100 %","90 %","95 %","86 %","1","1","1","1","6","6","89","4","4","13"
"https://m.media-amazon.com/images/I/71DEuCUHtoL.jpg;https://m.media-amazon.com/images/I/61Ak5ynasmL.jpg;https://m.media-amazon.com/images/I/61KuEC1QIjL.jpg;https://m.media-amazon.com/images/I/51qP2WNKugL.jpg","五木食品 濃厚とまとラーメン 120g×10個","","33939","34154","2 %","11","46","83","165","50","4.3","75","1,797","1,771","-11 %","Amazon","yes","1,972","1,915","1,849","-3 %","1000","0 %","0","0","1,771","1,741","-11 %","","1,608","","-","1,758","1,764","","-","1,860","1,948","0 %","7","5","86 %","https://www.amazon.co.jp/dp/B09WHZG3TD","https://keepa.com/#!product/5-B09WHZG3TD","食品・飲料・お酒","ラーメン","食品・飲料・お酒 › 麺類・パスタ › ラーメン","B09WHZG3TD","2203250000082","五木食品","五木食品","10","10","2022-04-01","24.5","17.2","5.2","1300","10","","","","1200","no","","","20 %","7 %","27 %","26 %","39 %","60 %","41 %","39 %","7","8","8","8","82","51","144","14","11","20"
"https://m.media-amazon.com/images/I/71kx4C+gMEL.jpg;https://m.media-amazon.com/images/I/71ytghBcJLL.jpg;https://m.media-amazon.com/images/I/613AS22pbUL.jpg;https://m.media-amazon.com/images/I/61kii+wKezL.jpg","五木食品 五木庵天ぷらうどん 214g×10個(電子レンジ調理可能)(常温保存商品)","","34828","37340","-14 %","16","44","90","164","","3.9","98","1,792","1,740","-2 %","Amazon","yes","1,783","1,740","1,736","-2 %","1000","0 %","0","0","1,740","1,727","-2 %","","1,793","","-","","1,691","","-","1,660","1,726","0 %","1","1","0 %","https://www.amazon.co.jp/dp/B074VZ6FRM","https://keepa.com/#!product/5-B074VZ6FRM","食品・飲料・お酒","うどん","食品・飲料・お酒 › 麺類・パスタ › うどん","B074VZ6FRM","4901726014110","五木食品","五木食品","10","10","","31.6","20.9","13.4","2290","10","","","","104","yes","","","100 %","100 %","87 %","81 %","100 %","100 %","87 %","81 %","1","1","2","2","3","78","73","4","4","20"
"https://m.media-amazon.com/images/I/71ynlXoDl8L.jpg;https://m.media-amazon.com/images/I/61lRnkMXROL.jpg;https://m.media-amazon.com/images/I/71lB7fVj6uL.jpg;https://m.media-amazon.com/images/I/71qOcxDxAcL.jpg;https://m.media-amazon.com/images/I/61J8UQ-WeaL.jpg","五木食品 タカモリ 濃厚ナポリタン 185g ×10個 (電子レンジ調理可能)(生タイプ即席麵)","","35223","31592","47 %","14","35","72","152","50","4","35","1,447","1,447","0 %","Amazon","yes","1,447","1,447","1,435","0 %","1000","0 %","0","0","1,447","1,435","0 %","","1,370","","-","","","","-","1,340","1,386","0 %","1","1","0 %","https://www.amazon.co.jp/dp/B0CDLK1FLR","https://keepa.com/#!product/5-B0CDLK1FLR","食品・飲料・お酒","パスタ","食品・飲料・お酒 › 麺類・パスタ › パスタ","B0CDLK1FLR","2308030000044","五木食品","五木食品","10","10","2023-09-08","26","22","8","2000","10","","","","185","yes","","","100 %","100 %","100 %","100 %","100 %","100 %","100 %","100 %","1","1","1","1","-","-","27","4","4","7"
"https://m.media-amazon.com/images/I/617BmXl7NjL.jpg;https://m.media-amazon.com/images/I/61P7QLXbuEL.jpg;https://m.media-amazon.com/images/I/61-Z4j4bG1L.jpg;https://m.media-amazon.com/images/I/61DmDSyZYjL.jpg;https://m.media-amazon.com/images/I/61tiUwat6KL.jpg","五木食品 タカモリ あごだしうどん 158g ×10個 (常温保存商品)(生タイプ即席麵)","","36713","20869","-90 %","11","32","73","198","","4.1","46","","1,235","","-","no","","1,235","1,273","","","79 %","1","1","1,231","1,272","","797","1,217","","-","","","","-","1,340","1,398","0 %","1","1","","https://www.amazon.co.jp/dp/B0CDLKCHTR?psc=1","https://keepa.com/#!product/5-B0CDLKCHTR","食品・飲料・お酒","うどん","食品・飲料・お酒 › 麺類・パスタ › うどん","B0CDLKCHTR","2308030000068","五木食品","五木食品","10","10","2023-09-08","29","20.6","9","1700","10","","","","158","no","","","0 %","21 %","61 %","80 %","0 %","21 %","61 %","80 %","0","1","1","1","-","-","63","5","5","9"
"https://m.media-amazon.com/images/I/71QucoW8YuL.jpg;https://m.media-amazon.com/images/I/618vRRnHkDL.jpg;https://m.media-amazon.com/images/I/61QMbIvHS9L.jpg;https://m.media-amazon.com/images/I/61iScAyBvRL.jpg","五木食品 3食濃厚ナポリタン 483g ×6個(電子レンジ調理可能)(常温保存商品)","","37536","36842","15 %","12","39","83","159","","3.6","59","1,966","1,934","-6 %","Amazon","yes","2,048","1,934","1,958","-6 %","1000","8 %","1","1","2,068","1,981","1 %","","2,048","","-","3,800","3,229","0 %","輸入代行AIRPLANE（おまとめ購入の案内は出品者情報より） (93%) / A2WVM6NAKHYW9H","1,896","1,971","0 %","2","2","0 %","https://www.amazon.co.jp/dp/B09WMNGXKL?psc=1","https://keepa.com/#!product/5-B09WMNGXKL","食品・飲料・お酒","パスタソース","食品・飲料・お酒 › レトルト・料理の素 › 料理の素 › パスタソース","B09WMNGXKL","2203250000297","五木食品","五木食品","6","6","2022-04-01","27","21.1","13.8","3100","6","","","","2898","yes","","","78 %","93 %","96 %","81 %","78 %","93 %","96 %","81 %","1","1","1","2","112","97","110","9","11","15"
"https://m.media-amazon.com/images/I/61vL+k72KmL.jpg;https://m.media-amazon.com/images/I/61O6Cvm4MkL.jpg;https://m.media-amazon.com/images/I/610Pa8zS01L.jpg;https://m.media-amazon.com/images/I/613bveXtH3L.jpg;https://m.media-amazon.com/images/I/61RNpDelTwL.jpg","五木食品 山芋入り更科八割そば 240g×5個","","38198","64539","-28 %","13","38","71","134","50","3.5","10","1,962","1,997","2 %","Amazon","yes","1,960","1,997","2,021","2 %","1000","0 %","0","0","1,997","2,020","2 %","","2,035","","-","","","","-","2,070","2,173","0 %","1","1","0 %","https://www.amazon.co.jp/dp/B0B9WWBMNN","https://keepa.com/#!product/5-B0B9WWBMNN","食品・飲料・お酒","麺類・パスタ","食品・飲料・お酒 › 麺類・パスタ","B0B9WWBMNN","2208170000013","五木食品","五木食品","5","5","2022-09-01","35","23","2.5","1250","","","","","240","yes","","","100 %","100 %","100 %","100 %","100 %","100 %","100 %","100 %","1","1","1","1","7","39","37","4","4","7"
"https://m.media-amazon.com/images/I/71WQb52dlsL.jpg;https://m.media-amazon.com/images/I/71ReQguIESL.jpg;https://m.media-amazon.com/images/I/61CEL53LIAL.jpg;https://m.media-amazon.com/images/I/61wqVgPkLjL.jpg","五木食品 五木庵天ぷらそば 165g×10個(電子レンジ調理可能)(常温保存商品)","","40242","48930","-15 %","11","31","74","180","","3.7","61","1,767","1,766","-3 %","Amazon","yes","1,826","1,766","1,774","-3 %","1000","0 %","0","0","1,766","1,772","-3 %","","1,858","","-","","1,950","","-","1,720","1,801","0 %","1","1","0 %","https://www.amazon.co.jp/dp/B074VX72PT","https://keepa.com/#!product/5-B074VX72PT","食品・飲料・お酒","麺類・パスタ","食品・飲料・お酒 › 麺類・パスタ","B074VX72PT","4901726014127","五木食品","五木食品","10","10","","30.8","20.9","12.1","1810","10","","","","82","yes","","","100 %","100 %","100 %","87 %","100 %","100 %","100 %","87 %","1","1","1","3","30","35","73","4","4","13"
"https://m.media-amazon.com/images/I/81BmX2-4gHL.jpg;https://m.media-amazon.com/images/I/61nIxnctxYL.jpg;https://m.media-amazon.com/images/I/61r6pPonmSL.jpg;https://m.media-amazon.com/images/I/61f4b7fzFVL.jpg","五木食品 鴨だしそば 228g×6個","","41417","34080","20 %","12","35","70","152","","4.3","186","1,867","1,850","0 %","おもてなしストア『賞味期限商品はコンディション欄をご確認ください』 (91%) / AANDTPR1OTWQS","yes","1,917","1,915","1,918","0 %","1000","0 %","0","0","1,839","1,845","-1 %","1,859","1,858","","-","1,849","1,853","","-","1,962","2,062","0 %","8","6","50 %","https://www.amazon.co.jp/dp/B007JQBIR2","https://keepa.com/#!product/5-B007JQBIR2","食品・飲料・お酒","うどん","食品・飲料・お酒 › 麺類・パスタ › うどん","B007JQBIR2","4901726011409","五木食品","五木食品","6","6","","31.9","26.2","5.6","1490","6","","","","228","yes","","","64 %","30 %","41 %","37 %","64 %","46 %","41 %","37 %","4","8","9","11","14","30","37","5","5","10"
"https://m.media-amazon.com/images/I/71Ouz+-MsEL.jpg;https://m.media-amazon.com/images/I/71QOagxw2+L.jpg;https://m.media-amazon.com/images/I/61VPWGdWQVL.jpg;https://m.media-amazon.com/images/I/61mabABgHhL.jpg;https://m.media-amazon.com/images/I/611akAWmDDL.jpg","五木食品 タカモリ お蕎麦屋さんのまかない肉だしうどん 210g×10個 (常温保存商品)(生タイプ即席麵)","","44757","91092","4 %","9","32","72","121","","3.9","11","1,447","1,447","0 %","Amazon","yes","1,447","1,447","1,446","0 %","1000","0 %","4","4","1,447","1,446","0 %","","1,447","","-","","","","-","1,340","1,378","0 %","1","1","0 %","https://www.amazon.co.jp/dp/B0FJRRSH8Y","https://keepa.com/#!product/5-B0FJRRSH8Y","食品・飲料・お酒","うどん","食品・飲料・お酒 › 麺類・パスタ › うどん","B0FJRRSH8Y","2507140000092","五木食品","五木食品","10","10","2025-08-18","29","27.5","7","2220","","","","","","yes","","","100 %","100 %","100 %","89 %","100 %","100 %","100 %","89 %","1","1","1","1","-","-","7","4","4","4"
"https://m.media-amazon.com/images/I/61ofDLAiLXL.jpg","五木食品 濃厚とまとラーメン 120g×5袋","","45653","41191","39 %","9","30","71","150","50","4.4","38","898","898","0 %","ワールドファクトリー (89%) / A2WGUAQ33DDVJ3","no","","","","","","100 %","1","1","898","902","0 %","","898","","-","898","902","0 %","ワールドファクトリー (89%) / A2WGUAQ33DDVJ3","","","","7","5","86 %","https://www.amazon.co.jp/dp/B0CX8P6SR9","https://keepa.com/#!product/5-B0CX8P6SR9","食品・飲料・お酒","ラーメン","食品・飲料・お酒 › 麺類・パスタ › ラーメン","B0CX8P6SR9","4901726014677","五木食品","五木食品","5","5","","25","9","5","600","5","","","","120","no","","","0 %","0 %","0 %","0 %","18 %","28 %","27 %","33 %","7","7","8","8","-","-","34","8","8","25"
"https://m.media-amazon.com/images/I/71kxEiNzLtL.jpg;https://m.media-amazon.com/images/I/61aURoUByhL.jpg;https://m.media-amazon.com/images/I/61KohVvRwOL.jpg;https://m.media-amazon.com/images/I/61L7oMKp2LL.jpg;https://m.media-amazon.com/images/I/61WiS3N01kL.jpg","五木食品 五木庵だんご汁 192g×10個 (電子レンジ調理可能)(常温保存商品)","","47695","54069","16 %","10","31","64","143","","4.2","26","1,661","1,646","1 %","Amazon","yes","1,631","1,646","1,679","1 %","","0 %","0","0","1,646","1,678","1 %","","1,872","","-","1,880","1,880","","-","1,760","1,841","0 %","2","2","50 %","https://www.amazon.co.jp/dp/B0B9WPHPSV","https://keepa.com/#!product/5-B0B9WPHPSV","食品・飲料・お酒","味噌汁","食品・飲料・お酒 › レトルト・料理の素 › スープ・味噌汁 › 味噌汁","B0B9WPHPSV","2208170000020","五木食品","五木食品","10","10","2022-09-01","30","24.1","7.3","2080","10","","","","192","yes","","","100 %","100 %","100 %","91 %","100 %","100 %","100 %","91 %","1","1","1","2","44","35","91","4","4","6"
"https://m.media-amazon.com/images/I/71Ok+TBOLOL.jpg;https://m.media-amazon.com/images/I/51jsWlnR+5L.jpg;https://m.media-amazon.com/images/I/51hCKnZ-qPL.jpg;https://m.media-amazon.com/images/I/51PtLCWeKsL.jpg","五木食品 藪そば 180g×10個","","52522","54597","47 %","7","23","54","114","","4.4","11","1,671","1,671","0 %","Amazon","yes","1,671","1,671","1,731","0 %","11","26 %","1","2","1,671","1,731","0 %","","1,734","","-","","","","-","2,100","2,197","0 %","1","1","0 %","https://www.amazon.co.jp/dp/B0BTYDFZJ1?psc=1","https://keepa.com/#!product/5-B0BTYDFZJ1","食品・飲料・お酒","ラーメン","食品・飲料・お酒 › 麺類・パスタ › ラーメン","B0BTYDFZJ1","2302060000074","五木食品","五木食品","10","10","2023-03-01","24","19.6","6.3","1900","10","","","","","yes","","","100 %","75 %","87 %","93 %","100 %","75 %","87 %","93 %","1","1","1","1","-","-","132","4","5","52"
"https://m.media-amazon.com/images/I/61Ep4KZNwRL.jpg;https://m.media-amazon.com/images/I/61NS+4ET9TL.jpg;https://m.media-amazon.com/images/I/61OQhqzn8gL.jpg;https://m.media-amazon.com/images/I/61D96Kr11DL.jpg;https://m.media-amazon.com/images/I/61+1UYm9spL.jpg;https://m.media-amazon.com/images/I/61lkzMkI2FL.jpg","五木食品 スープ付うどん 210g×30個(電子レンジ調理可能)(常温保存商品)","","52550","48829","8 %","9","32","67","159","","4.3","38","3,591","3,609","-10 %","Amazon","yes","3,985","3,609","3,626","-10 %","1000","0 %","0","0","3,609","3,636","-10 %","","3,606","","-","7,000","6,230","0 %","輸入代行AIRPLANE（おまとめ購入の案内は出品者情報より） (93%) / A2WVM6NAKHYW9H","3,690","3,865","0 %","2","2","0 %","https://www.amazon.co.jp/dp/B09MZ8JZHD","https://keepa.com/#!product/5-B09MZ8JZHD","食品・飲料・お酒","うどん","食品・飲料・お酒 › 麺類・パスタ › うどん","B09MZ8JZHD","4901726008140","五木食品","五木食品","30","30","2021-12-03","40.2","25.6","12.4","6800","","","","","210","yes","","","100 %","100 %","100 %","85 %","100 %","100 %","100 %","85 %","1","1","1","2","229","163","158","4","23","13"
"https://m.media-amazon.com/images/I/71ng7VVELML.jpg;https://m.media-amazon.com/images/I/714fbQkgrEL.jpg;https://m.media-amazon.com/images/I/7197iC1FIML.jpg;https://m.media-amazon.com/images/I/61NNFaZB4IL.jpg;https://m.media-amazon.com/images/I/61vLB2l6b-L.jpg","五木食品 鶏だし醤油ラーメン 82g×10個","","52605","48894","37 %","13","39","81","197","","4.1","15","1,403","1,381","-2 %","Amazon","yes","1,404","1,381","1,382","-2 %","1000","0 %","0","0","1,373","1,378","-2 %","1,189","1,373","","-","1,498","1,404","0 %","-","1,300","1,336","0 %","1","1","-100 %","https://www.amazon.co.jp/dp/B0DF7MWTLS","https://keepa.com/#!product/5-B0DF7MWTLS","食品・飲料・お酒","ラーメン","食品・飲料・お酒 › 麺類・パスタ › ラーメン","B0DF7MWTLS","2408260000040","五木食品","五木食品","10","10","2024-08-19","24.9","17.7","4.9","910","","","","","82","yes","","","100 %","100 %","81 %","78 %","100 %","100 %","81 %","78 %","1","1","2","2","2","18","36","4","4","11"
"https://m.media-amazon.com/images/I/71GM-8bmP0L.jpg;https://m.media-amazon.com/images/I/71Qk-FOiBhL.jpg;https://m.media-amazon.com/images/I/71H1OmI8LhL.jpg","五木食品 ちっこいうどん柚子風味 109g×6食(常温保存商品)(生タイプ即席麵)","","54166","54912","44 %","5","24","51","99","","3.8","40","1,193","1,193","0 %","Amazon","yes","1,193","1,193","1,261","0 %","","0 %","0","0","1,193","1,262","0 %","","1,296","","-","","","","-","1,296","1,334","0 %","1","1","0 %","https://www.amazon.co.jp/dp/B00L4RUNHS?psc=1","https://keepa.com/#!product/5-B00L4RUNHS","食品・飲料・お酒","うどん","食品・飲料・お酒 › 麺類・パスタ › うどん","B00L4RUNHS","4901726011027","五木食品","五木食品","6","6","","26.9","25.8","12.7","794","6","","","","","yes","","","100 %","100 %","100 %","90 %","100 %","100 %","100 %","90 %","1","1","1","1","-","-","96","4","4","39"
"https://m.media-amazon.com/images/I/71AWOuA2CTL.jpg;https://m.media-amazon.com/images/I/71mEX9CdJyL.jpg;https://m.media-amazon.com/images/I/71Q0zCdjKbL.jpg","五木食品 おいしい冷し中華 2種×各5個(レモン風味/ごまだれ）（セット商品）（常温保存）","","54636","93567","19 %","11","26","44","44","50","3.5","2","2,132","2,285","-17 %","ジャパネットKN【適格請求書発行事業者】 (86%) / A3IRAE6MWRQR5Y","no","2,052","2,052","2,052","0 %","1000","0 %","0","0","2,052","2,052","0 %","","","","-","2,532","2,529","","-","1,900","1,900","0 %","2","1","0 %","https://www.amazon.co.jp/dp/B0GMFH45Y8","https://keepa.com/#!product/5-B0GMFH45Y8","食品・飲料・お酒","ラーメン","食品・飲料・お酒 › 麺類・パスタ › ラーメン","B0GMFH45Y8","2602090000038","五木食品","五木食品","10","10","2026-03-02","26.2","21.9","17.1","2470","","","","","","no","","","85 %","52 %","69 %","69 %","85 %","52 %","69 %","69 %","2","2","2","2","193","243","163","4","66","43"
"https://m.media-amazon.com/images/I/71XQn1jS73L.jpg;https://m.media-amazon.com/images/I/71Ibl8zW2ZL.jpg;https://m.media-amazon.com/images/I/71ckRZJkvTL.jpg;https://m.media-amazon.com/images/I/71H3zbnf7aL.jpg;https://m.media-amazon.com/images/I/716hl9I1I6L.jpg","五木食品 タカモリ1食シリーズセット(あごだしうどん/お蕎麦屋さんのカレーうどん/阿蘇のだんご汁/肉だしうどん)(4種×各3個)(常温保存)","","55199","92275","-178 %","5","30","65","109","","3.8","9","1,512","1,512","","-","no","","1,512","1,512","","","24 %","3","3","1,512","1,512","","","1,512","","-","","","","-","1,400","1,400","0 %","1","1","","https://www.amazon.co.jp/dp/B0FK4PSQW6","https://keepa.com/#!product/5-B0FK4PSQW6","食品・飲料・お酒","うどん","食品・飲料・お酒 › 麺類・パスタ › うどん","B0FK4PSQW6","2507240000022","五木食品","五木食品","12","12","2025-09-30","26.3","21.6","17","2570","","","","","","no","","","29 %","76 %","87 %","75 %","29 %","76 %","87 %","75 %","1","1","1","1","-","-","-","5","5","5"
"https://m.media-amazon.com/images/I/71O7hdFlmSL.jpg;https://m.media-amazon.com/images/I/618MKh-xNsL.jpg;https://m.media-amazon.com/images/I/512mdJkq3QL.jpg;https://m.media-amazon.com/images/I/51-BEe4RCYL.jpg","五木食品 おいしい冷し中華レモン風味 222g×10個 （常温保存）","","55588","85924","-38 %","10","32","47","47","50","5","3","2,021","2,011","-23 %","ジャパネットKN【適格請求書発行事業者】 (86%) / A3IRAE6MWRQR5Y","no","2,149","1,996","1,996","-8 %","","0 %","0","0","1,991","1,994","-8 %","","","","-","2,275","2,275","","-","1,990","1,990","0 %","2","1","0 %","https://www.amazon.co.jp/dp/B0GLNYW2M6","https://keepa.com/#!product/5-B0GLNYW2M6","食品・飲料・お酒","ラーメン","食品・飲料・お酒 › 麺類・パスタ › ラーメン","B0GLNYW2M6","","五木食品","五木食品","10","10","2026-03-02","24.4","17.7","8.1","2300","","","","","","no","","","86 %","95 %","97 %","97 %","86 %","95 %","97 %","97 %","2","2","2","2","200","152","87","57","54","31"
"https://m.media-amazon.com/images/I/71Fy5OjjAWL.jpg;https://m.media-amazon.com/images/I/71QB3BWBXCL.jpg;https://m.media-amazon.com/images/I/51gNBU+30jL.jpg;https://m.media-amazon.com/images/I/51ni9gjRo1L.jpg;https://m.media-amazon.com/images/I/61-QgHWQTRL.jpg","五木食品 たんぱく質がとれる山芋入りそば 180g×5個","","55605","97431","-25 %","9","30","60","88","","5","3","1,231","1,231","0 %","Amazon","yes","1,231","1,231","1,228","0 %","11","0 %","0","0","1,231","1,220","0 %","","1,231","","-","","999","","-","1,140","1,153","0 %","1","1","0 %","https://www.amazon.co.jp/dp/B0FJRN3FDV","https://keepa.com/#!product/5-B0FJRN3FDV","食品・飲料・お酒","そば","食品・飲料・お酒 › 麺類・パスタ › そば","B0FJRN3FDV","2507140000061","五木食品","五木食品","5","5","2025-08-18","23.1","9.5","7.4","940","","","","","","no","","","100 %","100 %","92 %","96 %","100 %","100 %","92 %","96 %","1","1","2","2","-","-","47","4","4","31"
"https://m.media-amazon.com/images/I/71SSkoxBZkL.jpg;https://m.media-amazon.com/images/I/712JZSYGVyL.jpg;https://m.media-amazon.com/images/I/61SPU-MAOLL.jpg;https://m.media-amazon.com/images/I/61gg1aJiSSL.jpg","五木食品 半生冷し中華 252g×4個 (常温保存) (2食入)","","55645","72764","-16 %","9","28","44","44","50","4","3","1,089","1,089","0 %","Amazon","yes","1,089","1,089","1,089","0 %","","4 %","1","1","1,089","1,089","0 %","","","","-","2,080","2,080","","-","1,008","1,008","0 %","2","2","0 %","https://www.amazon.co.jp/dp/B0GLNTVQNZ","https://keepa.com/#!product/5-B0GLNTVQNZ","食品・飲料・お酒","ラーメン","食品・飲料・お酒 › 麺類・パスタ › ラーメン","B0GLNTVQNZ","2601270000066","五木食品","五木食品","4","4","2026-03-02","32","18.3","7.5","1090","","","","","","no","","","90 %","97 %","98 %","98 %","90 %","97 %","98 %","98 %","1","1","1","1","-","-","-","4","4","3"
"https://m.media-amazon.com/images/I/71pI0ILprpL.jpg;https://m.media-amazon.com/images/I/71N+4zYF8gL.jpg;https://m.media-amazon.com/images/I/71Qk-FOiBhL.jpg;https://m.media-amazon.com/images/I/71k0Ic3yRHL.jpg","【セット商品】五木食品 ミニカップ生タイプ即席めん全3種コンプリート×各4個 食べ比べセット(松茸風味110g/柚子風味109g/にゅうめん90g 計12個)","","55834","55424","45 %","9","21","50","111","","3.3","8","2,799","2,799","0 %","Amazon","yes","2,799","2,799","2,776","0 %","1000","0 %","0","0","2,799","2,776","0 %","","2,799","","-","","","","-","2,592","2,634","0 %","1","1","0 %","https://www.amazon.co.jp/dp/B0B9GB49NP?psc=1","https://keepa.com/#!product/5-B0B9GB49NP","食品・飲料・お酒","うどん","食品・飲料・お酒 › 麺類・パスタ › うどん","B0B9GB49NP","2207280000265","五木食品","五木食品","12","12","2022-09-01","42.7","29.9","24.1","1920","12","","","","","yes","","","100 %","100 %","100 %","82 %","100 %","100 %","100 %","82 %","1","1","1","1","-","-","53","4","4","4"
"https://m.media-amazon.com/images/I/81At1KOHf8L.jpg;https://m.media-amazon.com/images/I/71JzipqBYDL.jpg;https://m.media-amazon.com/images/I/71JL0t+MxHL.jpg;https://m.media-amazon.com/images/I/71w6CurxB-L.jpg;https://m.media-amazon.com/images/I/716ZyO0JJXL.jpg","五木食品 タカモリスパゲティ全4種×各3個食べ比べセット(濃厚ナポリタン/和風たらこ/デミグラス/和風バター 計12個)(セット商品)(電子レンジ調理可能)","","58763","63050","27 %","11","33","65","147","","3.7","139","2,018","2,053","0 %","Amazon","yes","2,047","2,053","2,120","0 %","","0 %","0","0","2,045","2,108","0 %","1,555","2,010","","-","","","","-","","","","1","1","0 %","https://www.amazon.co.jp/dp/B08YFDCTWB","https://keepa.com/#!product/5-B08YFDCTWB","食品・飲料・お酒","そば","食品・飲料・お酒 › 麺類・パスタ › そば","B08YFDCTWB","2103080000019","五木食品","五木食品","1","12","","25.4","21.6","17.4","2380","1","","","","2380","yes","","","100 %","100 %","100 %","99 %","100 %","100 %","100 %","99 %","1","1","1","1","64","72","133","36","9","13"
"https://m.media-amazon.com/images/I/71CDUoMKJmL.jpg;https://m.media-amazon.com/images/I/6104b03e1lL.jpg;https://m.media-amazon.com/images/I/51+JMkw3kFL.jpg;https://m.media-amazon.com/images/I/515LvvJpMyL.jpg","五木食品 火の国熊本黒 244g×10個","","62303","67072","85 %","12","34","62","130","50","4.5","35","3,248","3,187","-7 %","Amazon","yes","3,402","3,187","2,943","-7 %","1000","4 %","0","2","3,238","2,961","-5 %","","3,291","","-","4,403","4,416","21 %","SanLana Groceries (81%) / A3IKGNQJW3JYQ5","3,150","3,239","0 %","2","1","-50 %","https://www.amazon.co.jp/dp/B09B9SCXF1","https://keepa.com/#!product/5-B09B9SCXF1","食品・飲料・お酒","ラーメン","食品・飲料・お酒 › 麺類・パスタ › ラーメン","B09B9SCXF1","2107270000018","五木食品","五木食品","10","10","2021-08-17","23","17","9.2","2560","10","","","","244","yes","","","100 %","97 %","96 %","97 %","100 %","97 %","96 %","97 %","1","1","1","1","236","161","371","4","49","50"
"https://m.media-amazon.com/images/I/71eQMPNk-OL.jpg;https://m.media-amazon.com/images/I/619aFty5kXL.jpg;https://m.media-amazon.com/images/I/71zWEOzKeKL.jpg;https://m.media-amazon.com/images/I/71u0K0DZl-L.jpg;https://m.media-amazon.com/images/I/71hiJNnteNL.jpg;https://m.media-amazon.com/images/I/71nozZ4paBL.jpg;https://m.media-amazon.com/images/I/710licus1zL.jpg","五木食品 1食棒状ラーメン ゆず塩＆鶏だし醤油&こく味噌セット(3種×各5個 計15個)(ゆず塩/鶏だし醤油/こく味噌)(常温保存)(即席袋麺)","","63902","63987","41 %","7","27","74","137","","4","14","1,676","1,676","0 %","Amazon","yes","1,676","1,676","1,673","0 %","11","0 %","1","1","1,676","1,672","0 %","","1,676","","-","","","","-","1,552","1,552","0 %","1","1","0 %","https://www.amazon.co.jp/dp/B0FK4MF551","https://keepa.com/#!product/5-B0FK4MF551","食品・飲料・お酒","ラーメン","食品・飲料・お酒 › 麺類・パスタ › ラーメン","B0FK4MF551","2506010000019","五木食品","五木食品","15","15","2025-09-30","26.3","21.6","16.9","1550","","","","","","no","","","100 %","100 %","100 %","100 %","100 %","100 %","100 %","100 %","1","1","1","1","-","-","23","4","4","7"
"https://m.media-amazon.com/images/I/71FQGC1yTGL.jpg;https://m.media-amazon.com/images/I/71p9UUXtDzL.jpg;https://m.media-amazon.com/images/I/71y6ECJR7BL.jpg;https://m.media-amazon.com/images/I/71TlhPDRx4L.jpg;https://m.media-amazon.com/images/I/61+jE-5SfjL.jpg","五木食品 タカモリ 和風たらこスパゲティ 156g ×10個 (電子レンジ調理可能)(生タイプ即席麵)","","64710","61676","-59 %","9","29","58","131","","3.2","5","1,354","1,354","0 %","Amazon","yes","1,354","1,354","1,362","0 %","","0 %","1","1","1,354","1,362","0 %","","1,354","","-","","","","-","1,340","1,391","0 %","1","1","0 %","https://www.amazon.co.jp/dp/B0CDLH1F4Q","https://keepa.com/#!product/5-B0CDLH1F4Q","食品・飲料・お酒","パスタ","食品・飲料・お酒 › 麺類・パスタ › パスタ","B0CDLH1F4Q","2308030000051","五木食品","五木食品","10","10","2023-09-08","38.3","25.5","5.5","1710","10","","","","156","yes","","","100 %","100 %","100 %","100 %","100 %","100 %","100 %","100 %","1","1","1","1","-","-","24","4","4","4"
"https://m.media-amazon.com/images/I/7131pMF3WNL.jpg;https://m.media-amazon.com/images/I/81KDACT690L.jpg","五木食品 アベックラーメン 175g×5個","","67383","85751","-39 %","5","25","54","113","","4.1","22","1,037","979","-12 %","東京トイズパーク (91%) / AGYY7R7SAAEKK","no","","","","","","100 %","1","1","979","983","-12 %","","","","-","978","983","-12 %","東京トイズパーク (91%) / AGYY7R7SAAEKK","","","","5","5","60 %","https://www.amazon.co.jp/dp/B09WHXV2H5","https://keepa.com/#!product/5-B09WHXV2H5","食品・飲料・お酒","ラーメン","食品・飲料・お酒 › 麺類・パスタ › ラーメン","B09WHXV2H5","2203250000174, 4901726003053","五木食品","五木食品","5","5","","22.7","10.9","7.7","940","5","","","","175","no","","","0 %","0 %","0 %","0 %","49 %","50 %","35 %","41 %","4","4","5","5","54","64","45","18","19","18"
"https://m.media-amazon.com/images/I/61XUngha8LL.jpg;https://m.media-amazon.com/images/I/61o9NabT+CL.jpg;https://m.media-amazon.com/images/I/61HsoqTTAPL.jpg","五木食品 タカモリ３食ナポリタン474ｇ","","67758","67704","32 %","9","32","65","89","","4.2","11","324","324","0 %","Amazon","yes","324","324","324","0 %","11","0 %","0","0","324","324","0 %","275","275","","-","","","","-","300","300","0 %","1","1","0 %","https://www.amazon.co.jp/dp/B0G2RS3JBD","https://keepa.com/#!product/5-B0G2RS3JBD","食品・飲料・お酒","パスタ","食品・飲料・お酒 › 麺類・パスタ › パスタ","B0G2RS3JBD","","五木食品","五木食品","1","1","2025-11-25","20.5","14.3","6","500","","","","","","no","","","100 %","100 %","100 %","100 %","100 %","100 %","100 %","100 %","1","1","1","1","-","-","-","4","4","4"
"https://m.media-amazon.com/images/I/61jP62t6icL.jpg;https://m.media-amazon.com/images/I/71X1J5xEi2L.jpg;https://m.media-amazon.com/images/I/51KrhNZlS9L.jpg;https://m.media-amazon.com/images/I/517KamSRoLL.jpg;https://m.media-amazon.com/images/I/61YGx1fsN6L.jpg","五木食品 博多うどん 400g×5個","","68305","80599","41 %","8","23","60","121","","3","2","1,724","1,689","-8 %","Amazon","yes","1,821","1,713","1,794","-6 %","1000","0 %","0","0","1,685","1,774","-8 %","1,600","1,707","","-","","1,656","","-","1,875","1,958","0 %","1","1","0 %","https://www.amazon.co.jp/dp/B0FJRQ5F92","https://keepa.com/#!product/5-B0FJRQ5F92","食品・飲料・お酒","うどん","食品・飲料・お酒 › 麺類・パスタ › うどん","B0FJRQ5F92","2507140000054","五木食品","五木食品","5","5","2025-08-18","24.3","17.8","9.2","2090","","","","","","yes","","","69 %","69 %","85 %","84 %","69 %","69 %","85 %","84 %","2","2","2","3","90","84","108","5","9","13"
"https://m.media-amazon.com/images/I/41js-XuMgPL.jpg","五木食品 スープ付うどん 生タイプ 210g×30個入","","69788","45901","-107 %","7","34","70","145","","4.6","132","3,182","3,099","","-","no","","","","","","100 %","1","1","3,164","3,126","","3,158","3,092","","-","3,161","3,130","","-","","","","12","9","","https://www.amazon.co.jp/dp/B004TW20L2","https://keepa.com/#!product/5-B004TW20L2","食品・飲料・お酒","うどん","食品・飲料・お酒 › 麺類・パスタ › うどん","B004TW20L2","4901726005125","五木食品","五木食品","30","30","","40.4","25.7","12.2","6840","30","5","5","5","6300","no","","","0 %","0 %","0 %","0 %","32 %","44 %","28 %","28 %","5","9","10","15","49","114","142","8","29","40"
"https://m.media-amazon.com/images/I/8118HNtdvRL.jpg;https://m.media-amazon.com/images/I/6184oYI+jYL.jpg;https://m.media-amazon.com/images/I/61PFBDFJhcL.jpg;https://m.media-amazon.com/images/I/51J+2us+tuL.jpg","五木食品 ざるラーメン和風しょうゆ 280g ×6個(常温保存商品)","","70856","96899","43 %","11","34","34","93","50","4.9","17","2,088","2,301","11 %","Amazon","yes","2,051","2,017","1,921","-2 %","18","43 %","0","1","2,290","1,967","11 %","2,410","1,934","0 %","I　りんく (99%) / A3NHVT65TJ2YFL","2,337","2,190","13 %","Smile Spoon (96%) / ANX50H5BJ2R33","1,938","2,010","0 %","3","3","-67 %","https://www.amazon.co.jp/dp/B0842WK8DN","https://keepa.com/#!product/5-B0842WK8DN","食品・飲料・お酒","ラーメン","食品・飲料・お酒 › 麺類・パスタ › ラーメン","B0842WK8DN","4901726013168","五木食品","五木食品","6","6","2020-03-02","32.5","26.2","6.4","1890","6","28","9.5","16.8","1680","yes","","","75 %","45 %","45 %","26 %","75 %","45 %","45 %","26 %","5","6","6","12","126","353","367","56","77","71"
"https://m.media-amazon.com/images/I/61TwluLzYCL.jpg;https://m.media-amazon.com/images/I/71jMl1PrSNL.jpg;https://m.media-amazon.com/images/I/61l7WniJirL.jpg;https://m.media-amazon.com/images/I/71exssPNCQL.jpg;https://m.media-amazon.com/images/I/61WvqE6avYL.jpg","五木食品 五木庵カレーうどん 225g×20個(常温保存商品)(まとめ買い)","","71547","60646","31 %","5","24","60","150","","3.8","25","3,139","3,117","-15 %","Amazon","yes","3,569","3,117","3,118","-15 %","","0 %","0","0","3,117","3,122","-15 %","","2,877","","-","","","","-","3,520","3,520","0 %","1","1","0 %","https://www.amazon.co.jp/dp/B0CDLKFGZP","https://keepa.com/#!product/5-B0CDLKFGZP","食品・飲料・お酒","うどん","食品・飲料・お酒 › 麺類・パスタ › うどん","B0CDLKFGZP","4901726041222","五木食品","五木食品","20","20","2023-09-08","41.9","26.2","11.5","5130","20","","","","225","yes","","","100 %","100 %","100 %","92 %","100 %","100 %","100 %","92 %","1","1","1","1","150","177","243","4","16","33"
"https://m.media-amazon.com/images/I/8193FlDb3UL.jpg;https://m.media-amazon.com/images/I/61mGr4HkFzL.jpg;https://m.media-amazon.com/images/I/614jonGh37L.jpg;https://m.media-amazon.com/images/I/51ZCruEkrLL.jpg","五木食品 えび味噌ラーメン 120g ×10個","","74842","69957","39 %","12","39","75","152","","4.2","93","1,630","1,622","0 %","プレミアコンタクト_インボイス対応 (59%) / A1R6WV6NFQNZUO","no","1,823","1,825","1,832","0 %","1000","0 %","0","0","1,614","1,698","0 %","1,366","1,742","","-","1,618","1,697","0 %","プレミアコンタクト_インボイス対応 (59%) / A1R6WV6NFQNZUO","1,860","1,961","0 %","7","6","71 %","https://www.amazon.co.jp/dp/B0869VVS2M","https://keepa.com/#!product/5-B0869VVS2M","食品・飲料・お酒","ラーメン","食品・飲料・お酒 › 麺類・パスタ › ラーメン","B0869VVS2M","","五木食品","五木食品","10","10","","24.4","18.4","5.6","1360","10","","","","1200","no","","","4 %","2 %","1 %","3 %","33 %","28 %","33 %","38 %","6","8","8","8","60","35","79","5","6","9"
"https://m.media-amazon.com/images/I/71OFfwZ0rHL.jpg;https://m.media-amazon.com/images/I/613LfJwYyrL.jpg;https://m.media-amazon.com/images/I/611--Px1jNL.jpg","【セット商品】五木食品 もっこす&アベックラーメン食べ比べ 2種 6食セット","","76366","106257","81 %","9","27","48","92","","4.2","41","1,154","1,088","-64 %","ジャパネットKN【適格請求書発行事業者】 (86%) / A3IRAE6MWRQR5Y","no","1,364","1,364","1,343","0 %","","0 %","0","0","1,077","1,068","-27 %","","1,364","","-","1,084","1,071","-64 %","ジャパネットKN【適格請求書発行事業者】 (86%) / A3IRAE6MWRQR5Y","1,263","1,324","0 %","7","6","71 %","https://www.amazon.co.jp/dp/B08PKVDVSZ","https://keepa.com/#!product/5-B08PKVDVSZ","食品・飲料・お酒","ラーメン","食品・飲料・お酒 › 麺類・パスタ › ラーメン","B08PKVDVSZ","2012030000088","五木食品","五木食品","1","6","","36.5","34","3.5","1200","1","","","","175","no","","","5 %","2 %","1 %","1 %","37 %","43 %","43 %","48 %","7","8","8","8","203","126","79","60","57","66"
"https://m.media-amazon.com/images/I/71P0rpNQ8uL.jpg;https://m.media-amazon.com/images/I/61eqFd8yJwL.jpg;https://m.media-amazon.com/images/I/51Ms9nIiCmL.jpg;https://m.media-amazon.com/images/I/510pOn7E4PL.jpg","五木食品 えび味噌ラーメン 120g×5個","","77467","72186","38 %","12","27","51","98","","4","56","889","888","0 %","ワールドファクトリー (89%) / A2WGUAQ33DDVJ3","no","","1,004","1,004","","","99 %","1","2","890","884","0 %","935","935","","-","890","885","","-","930","966","0 %","7","5","57 %","https://www.amazon.co.jp/dp/B09WJ1CZWY?psc=1","https://keepa.com/#!product/5-B09WJ1CZWY","食品・飲料・お酒","ラーメン","食品・飲料・お酒 › 麺類・パスタ › ラーメン","B09WJ1CZWY","2203250000099","五木食品","五木食品","5","5","2022-04-01","24.9","8.9","6.5","680","","","","","600","no","","","0 %","0 %","0 %","0 %","46 %","29 %","37 %","44 %","7","8","9","9","1","1","12","8","8","8"
"https://m.media-amazon.com/images/I/71TP9tpa0aL.jpg;https://m.media-amazon.com/images/I/51ndGV6B4nL.jpg;https://m.media-amazon.com/images/I/61FEjq2xrvL.jpg","【セット商品】五木食品 くまモンの熊本ラーメン&熊本もっこすラーメン 各5個セット 計10個","","80952","80514","54 %","11","28","54","117","","4.3","23","1,973","2,004","-1 %","Amazon","yes","2,022","2,004","2,055","-1 %","1000","0 %","0","0","2,004","2,054","-1 %","","2,128","","-","","","","-","1,970","2,041","0 %","1","1","0 %","https://www.amazon.co.jp/dp/B0B389SN9R","https://keepa.com/#!product/5-B0B389SN9R","食品・飲料・お酒","ラーメン","食品・飲料・お酒 › 麺類・パスタ › ラーメン","B0B389SN9R","2206060000013","五木食品","五木食品","10","1","2022-06-17","25.7","23.8","17.2","1830","10","","","","","no","","","100 %","100 %","100 %","99 %","100 %","100 %","100 %","99 %","1","1","1","1","34","40","68","4","4","9"
"https://m.media-amazon.com/images/I/71XSwyM9cEL.jpg;https://m.media-amazon.com/images/I/81ZfpB9bFcL.jpg","五木 鍋焼えび天うどん 220g×6個","","81001","88495","28 %","8","33","60","101","","4","149","1,738","1,738","0 %","ワールドファクトリー (89%) / A2WGUAQ33DDVJ3","no","","","1,253","","","100 %","1","1","1,733","1,670","0 %","1,789","1,757","","-","1,738","1,816","","-","1,704","1,777","0 %","4","4","50 %","https://www.amazon.co.jp/dp/B01268WDYE","https://keepa.com/#!product/5-B01268WDYE","食品・飲料・お酒","うどん","食品・飲料・お酒 › 麺類・パスタ › うどん","B01268WDYE","4901726011447, 4901726013342","五木食品","五木食品","6","6","2015-08-01","49","18","7.5","1600","6","","","","1320","no","","","0 %","0 %","0 %","2 %","29 %","27 %","23 %","16 %","5","7","9","12","-","2","150","8","8","67"
"https://m.media-amazon.com/images/I/51ehvBkDI1L.jpg;https://m.media-amazon.com/images/I/61RapHPwjSL.jpg;https://m.media-amazon.com/images/I/51TaGgdIYrL.jpg","五木食品 くまモンの熊本ラーメン 176g ×20袋","","81069","77685","65 %","9","21","46","105","","4.9","9","3,028","3,015","-2 %","Amazon","yes","3,076","3,015","2,978","-2 %","","3 %","0","1","3,015","2,977","-2 %","","2,739","","-","","","","-","3,000","3,069","0 %","1","1","0 %","https://www.amazon.co.jp/dp/B0B2W5QH2S","https://keepa.com/#!product/5-B0B2W5QH2S","食品・飲料・お酒","ラーメン","食品・飲料・お酒 › 麺類・パスタ › ラーメン","B0B2W5QH2S","2113110001671, 4901726008324","五木食品","五木食品","20","20","2022-06-01","30.4","23","11.7","4040","20","","","","3520","yes","","","100 %","98 %","99 %","97 %","100 %","98 %","99 %","97 %","1","1","1","1","21","107","145","4","4","13"
"https://m.media-amazon.com/images/I/71WdR25pnpL.jpg;https://m.media-amazon.com/images/I/71JzipqBYDL.jpg;https://m.media-amazon.com/images/I/71JL0t+MxHL.jpg;https://m.media-amazon.com/images/I/71w6CurxB-L.jpg;https://m.media-amazon.com/images/I/716ZyO0JJXL.jpg;https://m.media-amazon.com/images/I/71iG3oSm9XL.jpg;https://m.media-amazon.com/images/I/71FWcy+6YuL.jpg;https://m.media-amazon.com/images/I/71rddl-KXqL.jpg","五木食品 タカモリ1食スパゲティ食ベ比ベセット(7種 計7個)(常温保存)(電子レンジ調理)","","81313","155444","-49 %","8","22","32","32","","5","1","1,080","1,080","0 %","Amazon","yes","1,080","1,080","1,080","0 %","11","0 %","0","0","1,077","1,078","0 %","918","918","","-","","","","-","1,000","1,000","0 %","1","1","0 %","https://www.amazon.co.jp/dp/B0GMFYP5M5","https://keepa.com/#!product/5-B0GMFYP5M5","食品・飲料・お酒","ラーメン","食品・飲料・お酒 › 麺類・パスタ › ラーメン","B0GMFYP5M5","2602090000052","五木食品","五木食品","7","7","2026-03-02","26.3","21.6","16.9","1480","","","","","","no","","","100 %","100 %","90 %","90 %","100 %","100 %","90 %","90 %","1","1","1","1","-","-","-","4","4","3"
"https://m.media-amazon.com/images/I/71SFQazGMIL.jpg;https://m.media-amazon.com/images/I/71gCbmRP4kL.jpg;https://m.media-amazon.com/images/I/71rE0D6FC3L.jpg;https://m.media-amazon.com/images/I/61T91Y787XL.jpg;https://m.media-amazon.com/images/I/61DVbqonsCL.jpg","五木食品 ちゃちゃっとちゃんぽん 184g×10個","","81942","75971","20 %","10","32","67","135","","4.8","9","2,042","2,081","-4 %","Amazon","yes","2,154","2,081","2,051","-4 %","","0 %","0","0","2,074","2,048","-4 %","1,306","1,994","","-","","","","-","2,000","2,093","0 %","1","1","0 %","https://www.amazon.co.jp/dp/B0DF7P45TL","https://keepa.com/#!product/5-B0DF7P45TL","食品・飲料・お酒","うどん","食品・飲料・お酒 › 麺類・パスタ › うどん","B0DF7P45TL","2408260000057","五木食品","五木食品","10","10","2024-08-19","26.4","20.5","9.5","2000","","","","","184","yes","","","100 %","100 %","100 %","100 %","100 %","100 %","100 %","100 %","1","1","1","1","41","60","116","4","4","41"
"https://m.media-amazon.com/images/I/71KD3Ylb+CL.jpg;https://m.media-amazon.com/images/I/71fINv+UdyL.jpg;https://m.media-amazon.com/images/I/61hCMXggedL.jpg","五木食品 くまモンパッケージ1食生タイプうどん・スパゲティ2種×各5個(スープ付うどん/ナポリ風スパゲティ 各5個 計10個)(電子レンジ調理)","","83843","88612","-15 %","8","20","37","88","","4.2","24","1,528","1,528","0 %","Amazon","yes","1,528","1,528","1,524","0 %","11","0 %","0","0","1,528","1,548","0 %","","1,528","","-","","4,000","","-","1,415","1,420","0 %","1","1","0 %","https://www.amazon.co.jp/dp/B0B9GCN6V3","https://keepa.com/#!product/5-B0B9GCN6V3","食品・飲料・お酒","うどん","食品・飲料・お酒 › 麺類・パスタ › うどん","B0B9GCN6V3","2207280000302","五木食品","五木食品","10","10","2022-09-01","26.3","22","17.2","2320","10","","","","210","no","","","100 %","100 %","100 %","89 %","100 %","100 %","100 %","89 %","1","1","1","1","-","-","33","4","4","52"
"https://m.media-amazon.com/images/I/81LGyjCgi7L.jpg;https://m.media-amazon.com/images/I/61EzC2x3zzL.jpg;https://m.media-amazon.com/images/I/71XfEJ-DUHL.jpg;https://m.media-amazon.com/images/I/61aAmN0MZxL.jpg","五木食品 茶そば 180g×4個","","84536","86737","-12 %","9","28","57","105","","4.1","12","1,712","1,698","0 %","Amazon","yes","1,702","1,720","1,715","1 %","1000","0 %","0","0","1,682","1,638","-1 %","","1,728","","-","1,686","1,794","","-","1,600","1,659","0 %","3","2","67 %","https://www.amazon.co.jp/dp/B00L4RUVPM","https://keepa.com/#!product/5-B00L4RUVPM","食品・飲料・お酒","うどん","食品・飲料・お酒 › 麺類・パスタ › うどん","B00L4RUVPM","4901726002353","五木食品","五木食品","4","4","","25.2","13.2","5.3","770","4","","","","","yes","","","100 %","93 %","90 %","92 %","100 %","93 %","90 %","92 %","1","2","2","3","8","81","82","4","4","15"
"https://m.media-amazon.com/images/I/710a8V1-yTS.jpg;https://m.media-amazon.com/images/I/71rlletSCzS.jpg;https://m.media-amazon.com/images/I/71JD9XmGsgS.jpg","五木食品 タカモリパスタ 濃厚ナポリタン&濃厚デミグラス 各6個セット(計12個)(セット商品)(電子レンジ調理可能)","","88370","82032","57 %","14","37","68","136","","3.7","15","2,042","2,022","-1 %","Amazon","yes","2,048","2,022","2,050","-1 %","1000","0 %","0","0","2,000","2,025","-2 %","1,423","1,574","","-","","","","-","","","","1","1","0 %","https://www.amazon.co.jp/dp/B09334K3GR?psc=1","https://keepa.com/#!product/5-B09334K3GR","食品・飲料・お酒","パスタ","食品・飲料・お酒 › 麺類・パスタ › パスタ","B09334K3GR","2104210000022","五木食品","五木食品","1","12","","25.9","22.2","17.4","2560","1","","","","185","yes","","","100 %","99 %","100 %","97 %","100 %","99 %","100 %","97 %","1","1","1","1","7","60","81","4","9","15"
"https://m.media-amazon.com/images/I/71vght4rJjL.jpg;https://m.media-amazon.com/images/I/71rs3I5-vYL.jpg;https://m.media-amazon.com/images/I/61oNyDRQqpL.jpg;https://m.media-amazon.com/images/I/61-h+wojbSL.jpg","五木食品 半生ざるそば 210g(2食入)×4個 (常温保存)","","88958","97873","40 %","7","20","33","33","","3.5","2","1,152","1,122","3 %","Amazon","yes","1,089","1,089","1,089","0 %","11","0 %","0","0","1,089","1,089","0 %","","","","-","1,780","1,780","0 %","ジャパネットKN【適格請求書発行事業者】 (86%) / A3IRAE6MWRQR5Y","1,008","1,008","0 %","2","1","0 %","https://www.amazon.co.jp/dp/B0GLNBGLWN","https://keepa.com/#!product/5-B0GLNBGLWN","食品・飲料・お酒","そば","食品・飲料・お酒 › 麺類・パスタ › そば","B0GLNBGLWN","2601270000080","五木食品","五木食品","4","4","2026-03-02","37.4","33.1","5.2","930","","","","","","no","","","91 %","95 %","97 %","97 %","91 %","95 %","97 %","97 %","2","2","2","2","198","147","75","57","54","35"
"https://m.media-amazon.com/images/I/61DX9DSuobL.jpg;https://m.media-amazon.com/images/I/61pO1H2c4hL.jpg;https://m.media-amazon.com/images/I/61moupNTXmL.jpg;https://m.media-amazon.com/images/I/61K5NZbLXkL.jpg","五木食品 濃厚とまとラーメン 120g ×20個","","90127","129545","48 %","7","22","38","58","","4.1","83","3,141","3,129","-1 %","Amazon","yes","3,165","3,129","3,244","-1 %","","0 %","0","0","3,129","3,237","-1 %","","3,636","","-","4,980","4,980","","-","3,720","3,852","0 %","1","1","-100 %","https://www.amazon.co.jp/dp/B07WZNGNFD","https://keepa.com/#!product/5-B07WZNGNFD","食品・飲料・お酒","ラーメン","食品・飲料・お酒 › 麺類・パスタ › ラーメン","B07WZNGNFD","4901726040850","五木食品","五木食品","20","20","","36","26","8","3000","1","","","","2400","yes","","","100 %","100 %","100 %","81 %","100 %","100 %","100 %","81 %","1","1","1","1","19","15","330","4","4","16"
"https://m.media-amazon.com/images/I/710zC2FaowS.jpg;https://m.media-amazon.com/images/I/71sTg1PQKoS.jpg;https://m.media-amazon.com/images/I/71JD9XmGsgS.jpg","五木食品 タカモリパスタ 濃厚ナポリタン&和風たらこ 各6個セット(計12個)(セット商品)(電子レンジ調理可能)","","90315","82907","58 %","13","36","68","139","","4","23","2,262","2,206","-9 %","Amazon","yes","2,411","2,206","2,095","-9 %","1000","0 %","0","0","2,206","2,061","-9 %","","1,857","","-","","","","-","","","","1","1","0 %","https://www.amazon.co.jp/dp/B093323QN8?psc=1","https://keepa.com/#!product/5-B093323QN8","食品・飲料・お酒","パスタ","食品・飲料・お酒 › 麺類・パスタ › パスタ","B093323QN8","2104210000015","五木食品","五木食品","1","12","","26.2","21.9","17.4","2380","1","","","","","no","","","100 %","100 %","100 %","100 %","100 %","100 %","100 %","100 %","1","1","1","1","87","174","161","39","35","21"
"https://m.media-amazon.com/images/I/71FMYbFcoPS.jpg;https://m.media-amazon.com/images/I/71JD9XmGsgS.jpg;https://m.media-amazon.com/images/I/715Wr9x1StS.jpg","五木食品 タカモリパスタ 濃厚ナポリタン&和風バターしょうゆ 各6個セット(計12個)(セット商品)(電子レンジ調理可能)","","91775","83422","59 %","11","29","56","127","","3.7","9","2,011","2,003","-1 %","Amazon","yes","2,019","2,003","2,011","-1 %","1000","0 %","0","0","2,003","2,010","-1 %","","1,431","","-","","","","-","","","","1","1","0 %","https://www.amazon.co.jp/dp/B09334R74V?psc=1","https://keepa.com/#!product/5-B09334R74V","食品・飲料・お酒","パスタ","食品・飲料・お酒 › 麺類・パスタ › パスタ","B09334R74V","2104210000039","五木食品","五木食品","1","12","","26.1","22","17","2470","1","","","","2470","yes","","","100 %","100 %","100 %","100 %","100 %","100 %","100 %","100 %","1","1","1","1","10","10","78","4","4","15"
"https://m.media-amazon.com/images/I/71guNxzl-YL.jpg;https://m.media-amazon.com/images/I/71ALaW48QZL.jpg;https://m.media-amazon.com/images/I/71y6C1m9bJL.jpg;https://m.media-amazon.com/images/I/61UdWrifzpL.jpg;https://m.media-amazon.com/images/I/61mEyCyh1hL.jpg","五木食品 ゆず塩ラーメン 80g×10個","","94935","75804","21 %","6","21","47","135","","4","14","1,404","1,404","0 %","Amazon","yes","1,404","1,404","1,394","0 %","1000","0 %","0","0","1,404","1,391","0 %","","1,377","","-","1,404","1,392","","-","1,300","1,335","0 %","1","1","0 %","https://www.amazon.co.jp/dp/B0DF7NJ8TC","https://keepa.com/#!product/5-B0DF7NJ8TC","食品・飲料・お酒","ラーメン","食品・飲料・お酒 › 麺類・パスタ › ラーメン","B0DF7NJ8TC","2408260000033","五木食品","五木食品","10","10","2024-08-19","25.5","16.9","6.8","900","","","","","80","yes","","","100 %","100 %","67 %","71 %","100 %","100 %","67 %","71 %","1","1","2","2","-","-","34","4","4","10"
"https://m.media-amazon.com/images/I/71JJ8DRvULL.jpg;https://m.media-amazon.com/images/I/6104b03e1lL.jpg;https://m.media-amazon.com/images/I/51+JMkw3kFL.jpg;https://m.media-amazon.com/images/I/515LvvJpMyL.jpg","五木食品 火の国熊本黒 244g×5個","","99029","99029","44 %","1","1","1","1","","4.2","3","2,004","2,004","-9 %","SanLana Groceries (81%) / A3IKGNQJW3JYQ5","no","","","","","","100 %","1","1","2,004","2,004","-9 %","","","","-","2,004","2,004","-9 %","SanLana Groceries (81%) / A3IKGNQJW3JYQ5","1,575","1,575","0 %","1","1","0 %","https://www.amazon.co.jp/dp/B09WJ3QL6J","https://keepa.com/#!product/5-B09WJ3QL6J","食品・飲料・お酒","ラーメン","食品・飲料・お酒 › 麺類・パスタ › ラーメン","B09WJ3QL6J","2203250000150","五木食品","五木食品","5","5","2022-04-01","23.4","11.6","9.1","1270","5","","","","244","no","","","0 %","0 %","0 %","0 %","100 %","100 %","100 %","100 %","1","1","1","1","64","64","64","7","6","5"
"https://m.media-amazon.com/images/I/71hldKletFL.jpg;https://m.media-amazon.com/images/I/71YZYiOuotL.jpg;https://m.media-amazon.com/images/I/71polZt5OcL.jpg;https://m.media-amazon.com/images/I/71zhJU3JjAL.jpg;https://m.media-amazon.com/images/I/71lsRNIVPKL.jpg;https://m.media-amazon.com/images/I/71KX2-HSh6L.jpg","五木食品 ざるラーメン食べ比べアソートセット(5種×各2個 計10個)(和風しょうゆ/ごまだれ/辛みそ/超レモン/超梅)(常温保存)(つゆ付乾麺)","","100765","123242","-71 %","6","19","35","35","","","","3,132","3,132","0 %","Amazon","yes","3,132","3,132","3,110","0 %","1000","0 %","0","0","3,132","3,110","0 %","","","","-","","","","-","2,900","2,916","0 %","1","1","0 %","https://www.amazon.co.jp/dp/B0GMF95DL8","https://keepa.com/#!product/5-B0GMF95DL8","食品・飲料・お酒","ラーメン","食品・飲料・お酒 › 麺類・パスタ › ラーメン","B0GMF95DL8","2602090000014","五木食品","五木食品","10","10","2026-03-02","45.4","31.8","18.3","3310","","","","","","no","","","100 %","100 %","95 %","95 %","100 %","100 %","95 %","95 %","1","1","1","1","-","-","56","4","4","5"
"https://m.media-amazon.com/images/I/71cn3QQOjSL.jpg;https://m.media-amazon.com/images/I/71r358VX4EL.jpg;https://m.media-amazon.com/images/I/617v5NWTE-L.jpg;https://m.media-amazon.com/images/I/61ZqruQj6SL.jpg","五木食品 半生冷し中華ごまだれ 246g(2食入)×4個 (常温保存)","","102154","117366","3 %","10","25","37","37","50","4","2","1,089","1,089","","-","no","","1,089","1,089","","","5 %","3","3","1,119","1,105","-77 %","","","","-","1,980","1,980","","-","1,008","1,008","0 %","2","1","50 %","https://www.amazon.co.jp/dp/B0GLNVQR67","https://keepa.com/#!product/5-B0GLNVQR67","食品・飲料・お酒","ラーメン","食品・飲料・お酒 › 麺類・パスタ › ラーメン","B0GLNVQR67","2601270000073","五木食品","五木食品","4","4","2026-03-02","38.4","31.9","4","1070","","","","","","no","","","87 %","96 %","98 %","98 %","87 %","96 %","98 %","98 %","1","1","1","1","-","-","-","4","4","3"
"https://m.media-amazon.com/images/I/711a2RyFcBL.jpg;https://m.media-amazon.com/images/I/716QgnjXUgL.jpg;https://m.media-amazon.com/images/I/619jOgr+ZiL.jpg;https://m.media-amazon.com/images/I/61s5xP66mNL.jpg;https://m.media-amazon.com/images/I/61Zth+FqPtL.jpg","五木食品 ３食入カレーナポリタン 477g×6個 (常温保存商品)(生タイプ即席麵)","","104002","144256","-1 %","7","21","43","63","","5","1","1,879","1,879","0 %","Amazon","yes","1,879","1,879","1,872","0 %","1000","0 %","2","2","1,879","1,872","0 %","","1,879","","-","","","","-","1,740","1,758","0 %","1","1","0 %","https://www.amazon.co.jp/dp/B0FJRHDYF8","https://keepa.com/#!product/5-B0FJRHDYF8","食品・飲料・お酒","パスタ","食品・飲料・お酒 › 麺類・パスタ › パスタ","B0FJRHDYF8","2507140000085","五木食品","五木食品","6","6","2025-08-18","28.5","20.9","12.5","3120","","","","","","yes","","","100 %","100 %","100 %","83 %","100 %","100 %","100 %","83 %","1","1","1","1","-","-","36","4","4","7"
"https://m.media-amazon.com/images/I/61iDdQYgqqL.jpg;https://m.media-amazon.com/images/I/61TxHsvPQUL.jpg;https://m.media-amazon.com/images/I/61eLgTUGCuL.jpg;https://m.media-amazon.com/images/I/61hbznZBddL.jpg;https://m.media-amazon.com/images/I/71HeO74etML.jpg","五木食品 彩菜そうめん 320g ×20個","","104364","149846","46 %","6","24","38","60","","3.9","26","4,999","4,890","-8 %","Amazon","yes","5,276","5,312","5,331","1 %","","0 %","0","0","4,889","4,813","-8 %","4,962","4,824","","-","4,836","4,834","","-","6,060","6,338","0 %","2","3","50 %","https://www.amazon.co.jp/dp/B07XPZY91Z?psc=1","https://keepa.com/#!product/5-B07XPZY91Z","食品・飲料・お酒","そうめん・ひやむぎ","食品・飲料・お酒 › 麺類・パスタ › そうめん・ひやむぎ","B07XPZY91Z","4901726014752, 4901726040935","五木食品","五木食品","20","20","","35","23.4","12.4","7010","1","9","2","27","364","yes","","","37 %","12 %","25 %","24 %","63 %","53 %","33 %","26 %","2","4","4","5","211","144","173","10","8","7"
"https://m.media-amazon.com/images/I/816RjctmT8L.jpg;https://m.media-amazon.com/images/I/81SJR5zHbFL.jpg","五木食品 鍋焼味噌煮込みうどん 249g×6個","","104556","64032","60 %","4","17","55","119","","3.8","38","1,680","1,680","","-","no","","","","","","100 %","1","1","1,680","1,734","","","1,726","","-","1,680","1,753","","-","","","","1","5","","https://www.amazon.co.jp/dp/B01268WY2A?psc=1","https://keepa.com/#!product/5-B01268WY2A","食品・飲料・お酒","うどん","食品・飲料・お酒 › 麺類・パスタ › うどん","B01268WY2A","4901726013397","五木食品","五木食品","6","6","2015-08-01","36.4","17.8","11","1760","6","5","5","5","249","no","","","0 %","0 %","0 %","0 %","30 %","30 %","26 %","28 %","1","1","7","7","-","-","50","6","6","7"
"https://m.media-amazon.com/images/I/71MX9eaSjiL.jpg;https://m.media-amazon.com/images/I/7178Xl6badL.jpg;https://m.media-amazon.com/images/I/61VcGRW1asL.jpg","五木食品 タカモリデミグラスナポリタン180ｇ","","106922","136308","44 %","7","18","32","39","","3","1","145","145","0 %","Amazon","yes","145","145","145","0 %","11","0 %","2","2","145","145","0 %","","","","-","","","","-","134","134","0 %","1","1","0 %","https://www.amazon.co.jp/dp/B0G2RYV6G2","https://keepa.com/#!product/5-B0G2RYV6G2","食品・飲料・お酒","パスタ","食品・飲料・お酒 › 麺類・パスタ › パスタ","B0G2RYV6G2","4901726050118","五木食品","五木食品","1","1","2025-11-25","18.5","12.8","3.5","250","","","","","","no","","","100 %","100 %","87 %","89 %","100 %","100 %","87 %","89 %","1","1","1","1","-","-","-","4","4","4"
"https://m.media-amazon.com/images/I/61h-A+Jlt3L.jpg;https://m.media-amazon.com/images/I/61NfksKPFbL.jpg;https://m.media-amazon.com/images/I/51jbOgba1YL.jpg;https://m.media-amazon.com/images/I/51+1fqFGp3L.jpg","五木食品 おいしいざる茶そば 160g×10個 （常温保存）","","107521","133865","4 %","11","24","28","28","","5","2","1,894","1,881","-3 %","Amazon","yes","1,938","1,881","1,905","-3 %","","0 %","0","0","1,881","1,905","-3 %","","","","-","","","","-","1,990","1,990","0 %","1","1","0 %","https://www.amazon.co.jp/dp/B0GLNLRXNJ","https://keepa.com/#!product/5-B0GLNLRXNJ","食品・飲料・お酒","そば","食品・飲料・お酒 › 麺類・パスタ › そば","B0GLNLRXNJ","2601270000127","五木食品","五木食品","10","10","2026-03-02","23.3","19.1","6","1670","","","","","","no","","","100 %","100 %","100 %","100 %","100 %","100 %","100 %","100 %","1","1","1","1","21","67","50","4","4","6"
"https://m.media-amazon.com/images/I/61MNO3WsOkL.jpg;https://m.media-amazon.com/images/I/615UdfsxOtL.jpg","五木食品 ざるラーメン 超レモン 2人前×12袋","","110362","110362","-57 %","0","0","0","0","","","","3,579","3,569","-20 %","SanLana Groceries (81%) / A3IKGNQJW3JYQ5","no","","","","","","100 %","1","1","3,569","3,569","-20 %","","","","-","3,569","3,569","","-","0","0","0 %","1","1","0 %","https://www.amazon.co.jp/dp/B0H28VB7N8","https://keepa.com/#!product/5-B0H28VB7N8","食品・飲料・お酒","ラーメン","食品・飲料・お酒 › 麺類・パスタ › ラーメン","B0H28VB7N8","4901726015766","五木食品","五木食品","12","","","30.6","26.6","12.4","3600","12","30.6","26.6","12.4","3600","no","","","0 %","0 %","0 %","0 %","89 %","91 %","91 %","91 %","2","2","2","2","241","145","73","8","5","3"
"https://m.media-amazon.com/images/I/71wNSpt0GaL.jpg;https://m.media-amazon.com/images/I/61BQRPRNOsL.jpg;https://m.media-amazon.com/images/I/61M85A-o73L.jpg;https://m.media-amazon.com/images/I/61SkKpTKS4L.jpg","五木食品 山芋入りそば 320g×5個","","111008","123595","58 %","7","21","38","75","","5","4","1,847","1,831","3 %","ジャパネットKN【適格請求書発行事業者】 (86%) / A3IRAE6MWRQR5Y","no","1,904","1,906","1,915","0 %","","0 %","0","0","1,829","1,895","3 %","","","","-","1,780","1,780","0 %","ジャパネットKN【適格請求書発行事業者】 (86%) / A3IRAE6MWRQR5Y","1,940","2,032","0 %","2","1","0 %","https://www.amazon.co.jp/dp/B0BTYC2HG2","https://keepa.com/#!product/5-B0BTYC2HG2","食品・飲料・お酒","ラーメン","食品・飲料・お酒 › 麺類・パスタ › ラーメン","B0BTYC2HG2","2302060000098","五木食品","五木食品","5","5","2023-03-01","24.7","11.9","10.6","1650","","","","","","yes","","","52 %","40 %","70 %","85 %","52 %","60 %","70 %","85 %","2","2","2","2","64","63","54","5","5","7"
"https://m.media-amazon.com/images/I/718vqOhjztL.jpg;https://m.media-amazon.com/images/I/61ovtcszOLL.jpg;https://m.media-amazon.com/images/I/61NmYsXyTvL.jpg;https://m.media-amazon.com/images/I/61RiAhPTmqL.jpg","五木食品 レンジでもちもち釜玉うどん あごだし醤油 220g 10個 (電子レンジ調理可能) (常温保存商品)","","112084","118427","8 %","9","19","33","76","","3.1","2","1,764","1,744","0 %","Amazon","yes","1,745","1,744","1,746","0 %","1000","0 %","0","0","1,737","1,734","0 %","1,470","1,721","","-","","","","-","1,760","1,760","0 %","1","1","0 %","https://www.amazon.co.jp/dp/B0F2F2N4JQ","https://keepa.com/#!product/5-B0F2F2N4JQ","食品・飲料・お酒","うどん","食品・飲料・お酒 › 麺類・パスタ › うどん","B0F2F2N4JQ","2503250000021","五木食品","五木食品","10","10","2025-03-03","31.2","26.2","7.5","2320","","","","","","yes","","","100 %","100 %","100 %","96 %","100 %","100 %","100 %","96 %","1","2","2","2","50","34","99","8","16","45"
"https://m.media-amazon.com/images/I/81XowBGJnSL.jpg;https://m.media-amazon.com/images/I/716TMJfzT+L.jpg;https://m.media-amazon.com/images/I/71kAYouGAGL.jpg;https://m.media-amazon.com/images/I/71hmOe1w9vL.jpg;https://m.media-amazon.com/images/I/712Kk5UkUyL.jpg","五木食品 タカモリ お蕎麦屋さんのカレーうどん 195g 10個 (電子レンジ調理可能) (常温保存商品)","","112743","117212","28 %","7","21","35","96","","2.9","9","1,538","1,545","-9 %","Amazon","yes","1,683","1,545","1,570","-9 %","8","0 %","0","0","1,545","1,569","-9 %","","1,568","","-","","","","-","1,558","1,558","0 %","1","1","0 %","https://www.amazon.co.jp/dp/B0CX1LBHKL","https://keepa.com/#!product/5-B0CX1LBHKL","食品・飲料・お酒","うどん","食品・飲料・お酒 › 麺類・パスタ › うどん","B0CX1LBHKL","2403040000067","五木食品","五木食品","10","10","2024-03-01","26.2","26.2","8.1","2140","","","","","192","no","","","100 %","100 %","100 %","81 %","100 %","100 %","100 %","81 %","1","1","1","1","66","75","68","4","19","17"
"https://m.media-amazon.com/images/I/71GRfao44WL.jpg;https://m.media-amazon.com/images/I/71+F+YhIsiL.jpg;https://m.media-amazon.com/images/I/51F7A0qOFwL.jpg;https://m.media-amazon.com/images/I/51Cbelahm+L.jpg;https://m.media-amazon.com/images/I/51esHI0gUEL.jpg","五木食品 こく味噌ラーメン 87g×10個","","113048","99182","28 %","8","23","56","110","","4","3","1,400","1,350","-4 %","Amazon","yes","1,404","1,350","1,369","-4 %","1000","0 %","0","0","1,347","1,367","-4 %","1,170","1,393","","-","1,498","1,498","0 %","SanLana Groceries (81%) / A3IKGNQJW3JYQ5","1,300","1,335","0 %","1","1","-100 %","https://www.amazon.co.jp/dp/B0FJRNS931","https://keepa.com/#!product/5-B0FJRNS931","食品・飲料・お酒","ラーメン","食品・飲料・お酒 › 麺類・パスタ › ラーメン","B0FJRNS931","2507140000047","五木食品","五木食品","10","10","2025-08-18","25.1","17","4.7","950","","","","","","yes","","","100 %","100 %","100 %","100 %","100 %","100 %","100 %","100 %","1","1","1","1","6","66","59","4","36","19"
"https://m.media-amazon.com/images/I/71HZY3vwsvL.jpg;https://m.media-amazon.com/images/I/61CIZc3640L.jpg;https://m.media-amazon.com/images/I/61bqMCfW3IL.jpg;https://m.media-amazon.com/images/I/61+ell2T-1L.jpg","五木食品 無塩づくり山芋入りそば 320g×5個","","113929","100224","-75 %","2","14","32","88","","3.4","8","","1,621","","-","no","","1,621","1,647","","","42 %","1","1","1,621","1,646","","","1,621","","-","","","","-","1,940","1,940","0 %","1","1","","https://www.amazon.co.jp/dp/B0BTYC792W?psc=1","https://keepa.com/#!product/5-B0BTYC792W","食品・飲料・お酒","ラーメン","食品・飲料・お酒 › 麺類・パスタ › ラーメン","B0BTYC792W","2302060000104","五木食品","五木食品","5","5","2023-03-01","23.3","13.5","11.3","1670","5","","","","","no","","","0 %","59 %","79 %","90 %","0 %","59 %","79 %","90 %","0","1","1","1","-","-","85","5","5","4"
"https://m.media-amazon.com/images/I/617BmXl7NjL.jpg;https://m.media-amazon.com/images/I/61P7QLXbuEL.jpg;https://m.media-amazon.com/images/I/61-Z4j4bG1L.jpg;https://m.media-amazon.com/images/I/61QEyLz+31L.jpg;https://m.media-amazon.com/images/I/610FWAWHRxL.jpg","タカモリ あごだしうどん 158g 10個 (常温保存商品)(生タイプ即席麵)","","114565","114565","37 %","5","6","6","6","","","","1,447","1,447","0 %","Amazon","yes","1,447","1,447","1,447","0 %","11","0 %","0","0","1,447","1,447","0 %","","","","-","","","","-","1,340","1,340","0 %","1","1","0 %","https://www.amazon.co.jp/dp/B0H35XWQJH","https://keepa.com/#!product/5-B0H35XWQJH","食品・飲料・お酒","うどん","食品・飲料・お酒 › 麺類・パスタ › うどん","B0H35XWQJH","2605270000163","五木食品","五木食品","10","10","2026-06-04","32.9","27.8","6","1690","","","","","","no","","","100 %","100 %","100 %","100 %","100 %","100 %","100 %","100 %","1","1","1","1","-","-","-","","",""
"https://m.media-amazon.com/images/I/51ZmF3m7AaL.jpg;https://m.media-amazon.com/images/I/51PWlZoiRfL.jpg","五木食品 濃厚とまと ラーメン 120g×20個入","","115985","124325","0 %","6","17","37","84","","4.1","11","3,034","3,032","","-","no","","","","","","100 %","1","1","3,032","3,082","","","","","-","3,032","3,081","","-","0","0","0 %","9","7","","https://www.amazon.co.jp/dp/B07X9W1JBG","https://keepa.com/#!product/5-B07X9W1JBG","食品・飲料・お酒","ラーメン","食品・飲料・お酒 › 麺類・パスタ › ラーメン","B07X9W1JBG","4901726014677","五木食品","五木食品","1","1","","35.3","25.6","7.5","2800","20","35.3","25.6","7.5","2800","no","","","0 %","0 %","0 %","0 %","65 %","53 %","58 %","52 %","4","4","7","8","5","6","36","8","8","8"
"https://m.media-amazon.com/images/I/71JTdEKxX2L.jpg;https://m.media-amazon.com/images/I/61F6JUkN5-L.jpg;https://m.media-amazon.com/images/I/518A7+e0geL.jpg;https://m.media-amazon.com/images/I/51DASCCi4RL.jpg","五木食品 おいしい冷し中華ごまだれ 216g×10個 （常温保存）","","116359","164288","-23 %","4","19","21","21","","","","2,139","2,145","0 %","Amazon","yes","2,149","2,079","2,072","-3 %","","0 %","0","0","2,079","2,072","-3 %","","","","-","2,580","2,580","0 %","ジャパネットKN【適格請求書発行事業者】 (86%) / A3IRAE6MWRQR5Y","1,990","1,990","0 %","2","1","0 %","https://www.amazon.co.jp/dp/B0GLNWS3SB","https://keepa.com/#!product/5-B0GLNWS3SB","食品・飲料・お酒","ラーメン","食品・飲料・お酒 › 麺類・パスタ › ラーメン","B0GLNWS3SB","2601270000103","五木食品","五木食品","10","10","2026-03-02","24.6","18","8.3","2280","","","","","","no","","","66 %","85 %","91 %","91 %","66 %","85 %","91 %","91 %","2","2","2","2","349","225","118","58","54","34"
"https://m.media-amazon.com/images/I/81WNnv6cSnL.jpg;https://m.media-amazon.com/images/I/516hPPY54AL.jpg","五木食品 鍋焼きつねうどん 210g 18個 (アルミ鍋うどん)(常温保存商品)","","118022","80105","-45 %","0","8","48","114","","4","10","","2,622","","-","no","","2,909","3,345","","","94 %","1","1","2,622","3,113","","","3,972","","-","2,490","3,031","","-","5,112","5,112","0 %","1","2","","https://www.amazon.co.jp/dp/B08T9MTQKZ","https://keepa.com/#!product/5-B08T9MTQKZ","食品・飲料・お酒","うどん","食品・飲料・お酒 › 麺類・パスタ › うどん","B08T9MTQKZ","4901726009567","五木食品","五木食品","18","18","2023-09-15","55.6","37.5","14.1","5050","18","","","","210","no","","","0 %","6 %","16 %","36 %","0 %","12 %","39 %","36 %","0","2","3","4","-","196","484","5","6","15"
"https://m.media-amazon.com/images/I/71oWa6wws9L.jpg;https://m.media-amazon.com/images/I/61RMiR9+S4L.jpg;https://m.media-amazon.com/images/I/61E06sIIpvL.jpg;https://m.media-amazon.com/images/I/61ID01A3oQL.jpg","五木食品 棒状鍋用ラーメン 195g ×10個","","119444","90472","-37 %","7","22","54","106","","4.1","28","2,350","2,322","-1 %","アワジnet-Shop 本店【土日祝も休まず発送いたします】インボイス対応済み (99%) / A2X0HUBR6C86E6","yes","","2,077","1,959","","","90 %","1","2","2,306","2,136","-2 %","2,355","2,355","","-","2,350","2,855","","-","1,960","2,032","0 %","2","2","-50 %","https://www.amazon.co.jp/dp/B08D9T7WC7","https://keepa.com/#!product/5-B08D9T7WC7","食品・飲料・お酒","ラーメン","食品・飲料・お酒 › 麺類・パスタ › ラーメン","B08D9T7WC7","4901726014820","五木食品","五木食品","10","10","2019-08-19","33.2","20.6","4.4","2100","10","","","","1860","no","","","0 %","11 %","46 %","64 %","69 %","49 %","46 %","64 %","2","5","5","7","-","97","187","8","43","27"
"https://m.media-amazon.com/images/I/71RLn-kF0FL.jpg;https://m.media-amazon.com/images/I/61Tai3WnJnL.jpg;https://m.media-amazon.com/images/I/61PeC7zXiLL.jpg;https://m.media-amazon.com/images/I/51jhz3bc20L.jpg","五木食品 ざるラーメン超梅 268g(2食入)×6個 （常温保存商品）","","119717","122939","-29 %","5","16","27","27","","","","1,883","1,861","-3 %","Amazon","yes","1,908","1,867","1,887","-2 %","1000","0 %","0","0","1,861","1,883","-3 %","1,700","1,700","","-","","","","-","1,938","1,938","0 %","1","1","0 %","https://www.amazon.co.jp/dp/B0GLNZ3P4R","https://keepa.com/#!product/5-B0GLNZ3P4R","食品・飲料・お酒","ラーメン","食品・飲料・お酒 › 麺類・パスタ › ラーメン","B0GLNZ3P4R","","五木食品","五木食品","6","6","2026-03-02","29.6","27.5","5.7","1750","","","","","","no","","","100 %","97 %","98 %","98 %","100 %","97 %","98 %","98 %","1","2","2","2","9","36","96","4","7","6"
"https://m.media-amazon.com/images/I/41WRg3X8J0L.jpg;https://m.media-amazon.com/images/I/717qs7nWNrL.jpg","くまモンの熊本ラーメン（２食） 25-0558-131","","120288","227505","61 %","9","23","34","44","","1","1","225","225","0 %","Amazon","yes","225","225","225","0 %","","0 %","1","1","225","225","0 %","","","","-","","","","-","208","208","0 %","1","1","0 %","https://www.amazon.co.jp/dp/B01NAFZ8HF","https://keepa.com/#!product/5-B01NAFZ8HF","食品・飲料・お酒","紅茶・お茶ギフト","食品・飲料・お酒 › グルメギフト › 紅茶・お茶ギフト","B01NAFZ8HF","4901726012116","五木食品","五木食品","1","2","2025-10-21","23","7.2","2","190","20","","","","","no","","","100 %","100 %","84 %","90 %","100 %","100 %","84 %","90 %","1","1","1","1","-","-","-","4","4","4"
"https://m.media-amazon.com/images/I/819L5cGJj5L.jpg;https://m.media-amazon.com/images/I/81ecRZBAUrL.jpg","五木食品 鍋焼きつねうどん 215g×9個 （常温保存商品）（200V IH対応）","五木食品","120661","120661","13 %","7","11","11","11","","5","1","2,300","2,237","-4 %","Amazon","yes","2,322","2,237","2,237","-4 %","1000","0 %","0","0","2,237","2,237","-4 %","","","","-","","","","-","2,556","2,556","0 %","1","1","0 %","https://www.amazon.co.jp/dp/B0GXYNFF5C","https://keepa.com/#!product/5-B0GXYNFF5C","食品・飲料・お酒","うどん","食品・飲料・お酒 › 麺類・パスタ › うどん","B0GXYNFF5C","2604210000010","五木食品","五木食品","9","9","2026-04-28","45","31.9","18.5","2230","","","","","","yes","","","100 %","100 %","100 %","100 %","100 %","100 %","100 %","100 %","1","1","1","1","33","95","77","4","4","2"
"https://m.media-amazon.com/images/I/61NmA9cBqzL.jpg;https://m.media-amazon.com/images/I/61qAPpIFJIL.jpg;https://m.media-amazon.com/images/I/61DVtU4GBHL.jpg;https://m.media-amazon.com/images/I/61zFwgVnAPL.jpg;https://m.media-amazon.com/images/I/61wCSxxTxwL.jpg","五木食品 タカモリ 阿蘇のだんご汁みそ味 178g× 10個 (常温保存商品)(生タイプ即席麵)","","120794","115833","18 %","8","18","40","117","","4.3","7","1,935","1,955","-1 %","Amazon","yes","1,966","1,955","1,960","-1 %","1000","0 %","0","0","1,955","1,958","-1 %","","1,966","","-","","","","-","1,820","1,841","0 %","1","1","0 %","https://www.amazon.co.jp/dp/B0CDLGXGZD","https://keepa.com/#!product/5-B0CDLGXGZD","食品・飲料・お酒","味噌汁","食品・飲料・お酒 › レトルト・料理の素 › スープ・味噌汁 › 味噌汁","B0CDLGXGZD","2308030000075","五木食品","五木食品","10","10","2023-09-08","32.1","24.2","7.2","1980","10","","","","","yes","","","100 %","100 %","100 %","89 %","100 %","100 %","100 %","89 %","1","1","1","1","33","24","17","4","4","4"
"https://m.media-amazon.com/images/I/81BpgtNu-YL.jpg;https://m.media-amazon.com/images/I/613LfJwYyrL.jpg;https://m.media-amazon.com/images/I/61S2sXSvy9L.jpg","【セット商品】五木食品 もっこす&赤辛 2種 6食セット","","121256","113236","61 %","5","14","26","67","","4.3","20","1,098","1,098","0 %","First Contact (79%) / A8A8J1IIL0YMB","no","1,708","1,601","1,541","-7 %","","21 %","0","1","1,098","1,114","0 %","","772","","-","1,098","1,115","0 %","First Contact (79%) / A8A8J1IIL0YMB; プレミアコンタクト_インボイス対応 (59%) / A1R6WV6NFQNZUO; ワールドファクトリー (89%) / A2WGUAQ33DDVJ3","","","","6","6","33 %","https://www.amazon.co.jp/dp/B08PKSDW41","https://keepa.com/#!product/5-B08PKSDW41","食品・飲料・お酒","ラーメン","食品・飲料・お酒 › 麺類・パスタ › ラーメン","B08PKSDW41","2012030000064","五木食品","五木食品","1","1","","36","34.2","4.5","960","1","","","","","no","","","0 %","0 %","3 %","2 %","42 %","36 %","34 %","39 %","4","6","7","8","-","-","81","6","6","73"
"https://m.media-amazon.com/images/I/817KzRrbaKL.jpg;https://m.media-amazon.com/images/I/617zfF-UjBL.jpg;https://m.media-amazon.com/images/I/61o83hNlHjL.jpg;https://m.media-amazon.com/images/I/61hO50IewLL.jpg","五木食品 ざるラーメンゴマだれ 264g×6個(常温保存商品)","","121899","157515","-1 %","7","19","19","54","","4.8","9","1,991","2,147","8 %","Smile Spoon (96%) / ANX50H5BJ2R33","no","2,002","2,030","1,878","1 %","","24 %","0","1","2,100","1,787","6 %","","1,634","","-","2,145","1,984","8 %","Smile Spoon (96%) / ANX50H5BJ2R33","1,938","1,963","0 %","2","2","-50 %","https://www.amazon.co.jp/dp/B0842W541C?psc=1","https://keepa.com/#!product/5-B0842W541C","食品・飲料・お酒","ラーメン","食品・飲料・お酒 › 麺類・パスタ › ラーメン","B0842W541C","4901726013175","五木食品","五木食品","6","6","2020-03-02","26.3","15.5","10.3","1730","6","28","9.5","16.8","1590","no","","","34 %","28 %","28 %","19 %","66 %","46 %","46 %","19 %","2","3","3","8","18","209","358","5","23","27"
"https://m.media-amazon.com/images/I/71sXbU6xtbL.jpg;https://m.media-amazon.com/images/I/615tcn6cLjL.jpg;https://m.media-amazon.com/images/I/61nid5-dopL.jpg;https://m.media-amazon.com/images/I/61mn2zTbvjL.jpg","五木食品 熊本もっこすラーメン 123g×5個","","122320","152279","78 %","7","13","21","28","","4.5","19","977","939","-15 %","SanLana Groceries (81%) / A3IKGNQJW3JYQ5","no","","","","","","100 %","1","1","939","925","-15 %","","","","-","939","927","-15 %","SanLana Groceries (81%) / A3IKGNQJW3JYQ5","930","930","0 %","2","1","50 %","https://www.amazon.co.jp/dp/B09WJ15D19?psc=1","https://keepa.com/#!product/5-B09WJ15D19","食品・飲料・お酒","ラーメン","食品・飲料・お酒 › 麺類・パスタ › ラーメン","B09WJ15D19","2203250000105","五木食品","五木食品","5","5","2022-04-01","26.2","9.2","5.9","700","5","","","","123","no","","","0 %","0 %","0 %","0 %","62 %","87 %","93 %","75 %","3","3","3","3","76","52","30","8","8","8"
"https://m.media-amazon.com/images/I/71Rv3De9rqL.jpg;https://m.media-amazon.com/images/I/71Gc7ckdV6L.jpg;https://m.media-amazon.com/images/I/719MCAaAktL.jpg;https://m.media-amazon.com/images/I/71WXLbDlYsL.jpg;https://m.media-amazon.com/images/I/718P2DDDSvL.jpg","五木食品 半生シリーズパーフェクトセット（冷やし中華/ごまだれ/ざるそば/麻辣）4種×各2個（セット商品）（常温保存）","","122359","209218","-29 %","3","14","18","18","","","","2,268","2,206","-3 %","Amazon","yes","2,268","2,206","2,235","-3 %","","0 %","0","0","2,206","2,233","-3 %","","","","-","","","","-","2,100","2,100","0 %","1","1","0 %","https://www.amazon.co.jp/dp/B0GMFG7Q3T","https://keepa.com/#!product/5-B0GMFG7Q3T","食品・飲料・お酒","ラーメン","食品・飲料・お酒 › 麺類・パスタ › ラーメン","B0GMFG7Q3T","2602090000021","五木食品","五木食品","8","8","2026-03-02","45.5","33","20","2500","","","","","","no","","","100 %","100 %","94 %","94 %","100 %","100 %","94 %","94 %","1","1","1","1","-","103","59","4","49","31"
"https://m.media-amazon.com/images/I/81aeJA9CAIL.jpg;https://m.media-amazon.com/images/I/61420X-OIlL.jpg;https://m.media-amazon.com/images/I/61D3Rl75WhL.jpg;https://m.media-amazon.com/images/I/61+fZX-GPiL.jpg","五木食品 ざるラーメン辛みそ 266g×6個(常温保存商品)","","122991","150913","1 %","8","19","19","63","","4.6","6","2,060","2,242","11 %","Amazon","yes","2,002","2,045","1,963","2 %","1000","38 %","0","1","2,133","1,794","7 %","","1,517","","-","2,240","2,240","12 %","Smile Spoon (96%) / ANX50H5BJ2R33","1,938","1,938","0 %","2","2","-50 %","https://www.amazon.co.jp/dp/B0842WKB3Q","https://keepa.com/#!product/5-B0842WKB3Q","食品・飲料・お酒","ラーメン","食品・飲料・お酒 › 麺類・パスタ › ラーメン","B0842WKB3Q","4901726013182","五木食品","五木食品","6","6","2020-03-02","32","26.1","5.6","1760","6","28","9.5","16.8","1600","no","","","40 %","22 %","22 %","13 %","53 %","51 %","51 %","13 %","3","3","3","7","189","302","407","10","60","49"
"https://m.media-amazon.com/images/I/71l7wsDmI0L.jpg;https://m.media-amazon.com/images/I/61o9NabT+CL.jpg;https://m.media-amazon.com/images/I/61HsoqTTAPL.jpg","五木食品 タカモリ３食ナポリタン474ｇ (× 2)","","125291","125291","21 %","4","6","6","6","","","","648","648","0 %","Amazon","yes","","648","648","","","85 %","4","4","","","","","","","-","","","","-","","","","","","","https://www.amazon.co.jp/dp/B0GYCL6FY4?psc=1","https://keepa.com/#!product/5-B0GYCL6FY4","食品・飲料・お酒","パスタ","食品・飲料・お酒 › 麺類・パスタ › パスタ","B0GYCL6FY4","","五木食品","五木食品","2","2","2025-11-25","20.5","14.3","6","1000","","","","","","no","","","100 %","100 %","100 %","100 %","100 %","100 %","100 %","100 %","1","1","1","1","-","-","-","","",""
"https://m.media-amazon.com/images/I/71FOrQY9bUL.jpg;https://m.media-amazon.com/images/I/614mgRQoGVL.jpg;https://m.media-amazon.com/images/I/61aWNtIDNeL.jpg;https://m.media-amazon.com/images/I/51Wk1Xwz-zL.jpg","五木食品 おいしい冷し中華レモン風味 222g ×10個(常温保存商品)","","127268","137273","-54 %","2","17","19","58","","4.2","58","2,630","2,630","","-","no","","","2,134","","","100 %","1","1","2,630","2,180","","","2,149","","-","2,630","2,352","","-","1,990","2,015","0 %","1","2","","https://www.amazon.co.jp/dp/B07S2Z7RLZ","https://keepa.com/#!product/5-B07S2Z7RLZ","食品・飲料・お酒","冷麺","食品・飲料・お酒 › 麺類・パスタ › 冷麺","B07S2Z7RLZ","4901726013557","五木食品","五木食品","10","10","","24.8","18.8","8.3","2300","10","","","","2220","no","","","0 %","0 %","0 %","24 %","31 %","74 %","80 %","26 %","1","1","1","5","-","-","246","6","8","50"
"https://m.media-amazon.com/images/I/81OuN41YcxL.jpg","五木食品 鍋焼すき焼風うどん 235g×18個入","","131487","151526","-50 %","3","18","27","65","","4.4","7","3,688","3,608","-7 %","さくらコンタクト (89%) / A16SLS6TN6AOMN","no","","","","","","100 %","1","1","3,666","3,496","-5 %","","","","-","3,666","3,551","-5 %","さくらコンタクト (89%) / A16SLS6TN6AOMN; First Contact (79%) / A8A8J1IIL0YMB; ワールドファクトリー (89%) / A2WGUAQ33DDVJ3","","","","9","9","56 %","https://www.amazon.co.jp/dp/B01NAJWONN","https://keepa.com/#!product/5-B01NAJWONN","食品・飲料・お酒","うどん","食品・飲料・お酒 › 麺類・パスタ › うどん","B01NAJWONN","4901726013410","五木食品","五木食品","1","18","","55.4","37.6","13.8","4500","18","","","","235","no","","","0 %","0 %","0 %","0 %","30 %","31 %","26 %","31 %","6","7","7","10","146","99","167","8","8","22"
"https://m.media-amazon.com/images/I/71uxzxXOt0L.jpg;https://m.media-amazon.com/images/I/51VqCkhOpWL.jpg;https://m.media-amazon.com/images/I/616J2p7FCIL.jpg;https://m.media-amazon.com/images/I/51gx5988TCL.jpg","五木食品 田舎うどん 200g×5個","","131944","120455","9 %","5","11","24","59","","3.1","3","1,040","1,047","1 %","Amazon","yes","1,040","1,047","1,065","1 %","","0 %","0","0","1,047","1,065","1 %","","1,145","","-","","","","-","1,060","1,105","0 %","1","1","0 %","https://www.amazon.co.jp/dp/B0BTYD7886?psc=1","https://keepa.com/#!product/5-B0BTYD7886","食品・飲料・お酒","ラーメン","食品・飲料・お酒 › 麺類・パスタ › ラーメン","B0BTYD7886","2302060000128","五木食品","五木食品","5","5","2023-03-01","25.4","16.7","3.4","1050","5","","","","200","yes","","","100 %","100 %","100 %","100 %","100 %","100 %","100 %","100 %","1","1","1","1","-","26","45","4","4","7"
"https://m.media-amazon.com/images/I/71phopDDRKL.jpg;https://m.media-amazon.com/images/I/71ctxy3grHL.jpg;https://m.media-amazon.com/images/I/71Q53HA-VXL.jpg;https://m.media-amazon.com/images/I/714UOGdBPfL.jpg;https://m.media-amazon.com/images/I/717f4dwD0IL.jpg;https://m.media-amazon.com/images/I/71TuyHoHp2L.jpg","五木食品 1食棒状ラーメン食べ比べアソートセット(4種×各2個 計8個)(熊本もっこす/熊本赤辛/濃厚とまと)(常温保存)(即席袋麺)","","132539","135111","74 %","7","15","19","19","","","","1,567","1,574","0 %","Amazon","yes","1,577","1,574","1,575","0 %","11","0 %","0","0","1,574","1,574","0 %","","","","-","","","","-","1,460","1,460","0 %","1","1","0 %","https://www.amazon.co.jp/dp/B0GMF6MTGF","https://keepa.com/#!product/5-B0GMF6MTGF","食品・飲料・お酒","ラーメン","食品・飲料・お酒 › 麺類・パスタ › ラーメン","B0GMF6MTGF","2602090000045","五木食品","五木食品","8","8","2026-03-02","26.2","21.8","17.1","1230","","","","","","no","","","100 %","100 %","92 %","92 %","100 %","100 %","92 %","92 %","1","1","1","1","14","10","5","4","4","3"
"https://m.media-amazon.com/images/I/41DH3Zk-y-L.jpg","五木食品 ナポリ風スパゲティ 200g×30袋入","","133262","135292","22 %","6","15","33","68","","4.5","29","3,679","3,675","","-","no","","","","","","100 %","1","1","3,679","3,738","","","3,646","","-","3,679","3,710","","-","0","0","0 %","10","9","","https://www.amazon.co.jp/dp/B004ST6S28","https://keepa.com/#!product/5-B004ST6S28","食品・飲料・お酒","パスタ","食品・飲料・お酒 › 麺類・パスタ › パスタ","B004ST6S28","4901726005040","五木食品","五木食品","30","30","","45.5","39.2","13.1","6790","30","20","20","20","200","no","","","0 %","0 %","0 %","0 %","28 %","26 %","35 %","31 %","4","7","8","13","-","13","203","8","8","17"
"https://m.media-amazon.com/images/I/71Iysz1UpkL.jpg;https://m.media-amazon.com/images/I/716TKaIeeQL.jpg;https://m.media-amazon.com/images/I/61gD47FsLPL.jpg;https://m.media-amazon.com/images/I/61YIFx0qzYL.jpg","五木食品 半生麻辣冷し中華 252g(2食入)×4個 (常温保存)","","134464","155390","45 %","6","15","21","21","","5","2","1,089","1,089","0 %","Amazon","yes","1,089","1,089","1,089","0 %","","0 %","0","0","1,089","1,089","0 %","","","","-","","","","-","1,008","1,008","0 %","1","1","0 %","https://www.amazon.co.jp/dp/B0GLNHMCZC","https://keepa.com/#!product/5-B0GLNHMCZC","食品・飲料・お酒","ラーメン","食品・飲料・お酒 › 麺類・パスタ › ラーメン","B0GLNHMCZC","2601270000035","五木食品","五木食品","4","4","2026-03-02","31.3","18.5","8.4","1120","","","","","","no","","","100 %","100 %","100 %","100 %","100 %","100 %","100 %","100 %","1","1","1","1","-","-","-","","",""
"https://m.media-amazon.com/images/I/61FJUDMbqeL.jpg;https://m.media-amazon.com/images/I/51uh-DozshL.jpg;https://m.media-amazon.com/images/I/51TjHr89zVL.jpg;https://m.media-amazon.com/images/I/61o+z+rb-kL.jpg","五木食品 中華細麺 280g× 20個 (常温保存商品) (まとめ買い)","","134629","125756","-6 %","3","14","29","80","","4.6","6","4,798","4,798","0 %","Amazon","yes","4,798","4,798","4,710","0 %","1000","0 %","1","1","4,768","4,700","-1 %","","","","-","4,801","4,801","-4 %","SanLana Groceries (81%) / A3IKGNQJW3JYQ5","4,800","4,800","0 %","2","1","0 %","https://www.amazon.co.jp/dp/B0CDLJ4R3N","https://keepa.com/#!product/5-B0CDLJ4R3N","食品・飲料・お酒","ラーメン","食品・飲料・お酒 › 麺類・パスタ › ラーメン","B0CDLJ4R3N","4901726009345","五木食品","五木食品","20","20","2023-09-08","31.7","22.7","12.9","6060","20","","","","280","yes","","","100 %","100 %","100 %","92 %","100 %","100 %","100 %","92 %","2","2","2","2","1","1","196","4","4","14"
"https://m.media-amazon.com/images/I/71BuFEHOqvL.jpg;https://m.media-amazon.com/images/I/61e86FLKmtL.jpg;https://m.media-amazon.com/images/I/615LXrALiVL.jpg;https://m.media-amazon.com/images/I/61SimnOEd7L.jpg","五木食品 えび味噌ラーメン 120g ×20個","","135862","123407","-41 %","3","14","35","88","","4","55","3,111","3,118","1 %","プレミアコンタクト_インボイス対応 (59%) / A1R6WV6NFQNZUO","no","3,446","3,120","3,101","-10 %","1000","0 %","0","0","3,098","3,048","0 %","","2,839","","-","3,098","3,126","","-","3,720","3,915","0 %","6","6","67 %","https://www.amazon.co.jp/dp/B07X5X2244","https://keepa.com/#!product/5-B07X5X2244","食品・飲料・お酒","ラーメン","食品・飲料・お酒 › 麺類・パスタ › ラーメン","B07X5X2244","4901726041086","五木食品","五木食品","20","20","","35.6","26","7.6","2980","1","","","","2400","yes","","","100 %","95 %","86 %","58 %","100 %","95 %","86 %","58 %","2","5","5","5","6","10","158","4","4","5"
"https://m.media-amazon.com/images/I/81q9O0jQUCL.jpg;https://m.media-amazon.com/images/I/71+n6nikVJL.jpg;https://m.media-amazon.com/images/I/71WS9-zKStL.jpg;https://m.media-amazon.com/images/I/71ZPf33Q17L.jpg","五木食品 生めん1食タイプ3種×各4個セット(五木庵カレーうどん/チャンポン/だんご汁 計12個)(セット商品)(電子レンジ調理可能)","","137579","142973","15 %","6","16","31","55","","4","23","2,412","2,403","-10 %","Amazon","yes","2,637","2,403","2,425","-10 %","","0 %","0","0","2,403","2,416","-10 %","","2,367","","-","","","","-","","","","1","1","0 %","https://www.amazon.co.jp/dp/B09CP5Y7GS","https://keepa.com/#!product/5-B09CP5Y7GS","食品・飲料・お酒","そば","食品・飲料・お酒 › 麺類・パスタ › そば","B09CP5Y7GS","2108160000118","五木食品","五木食品","2348","12","2021-08-16","26.6","21.7","17.4","2690","2274","","","","2690","yes","","","100 %","100 %","98 %","78 %","100 %","100 %","98 %","78 %","1","1","1","1","101","119","149","4","4","20"
"https://m.media-amazon.com/images/I/71WhhJoufFL.jpg;https://m.media-amazon.com/images/I/71tshZuY3BL.jpg;https://m.media-amazon.com/images/I/61mVRD503bL.jpg;https://m.media-amazon.com/images/I/61BlW7cv4QL.jpg","五木食品 五木庵チャンポン 170g×5個","","139672","132818","-50 %","3","7","21","53","","3.6","13","928","928","0 %","プレミアコンタクト_インボイス対応 (59%) / A1R6WV6NFQNZUO","no","","","","","","100 %","3","3","928","931","0 %","","","","-","928","931","","-","880","880","0 %","6","5","83 %","https://www.amazon.co.jp/dp/B09WMP14H5","https://keepa.com/#!product/5-B09WMP14H5","食品・飲料・お酒","ラーメン","食品・飲料・お酒 › 麺類・パスタ › ラーメン","B09WMP14H5","2203250000259","五木食品","五木食品","5","5","2022-04-01","24.3","18.2","8.9","930","5","","","","170","no","","","0 %","0 %","0 %","0 %","75 %","53 %","26 %","25 %","2","4","6","6","-","-","11","8","8","8"
"https://m.media-amazon.com/images/I/713gsJgsDTL.jpg;https://m.media-amazon.com/images/I/71TtSuTsNsL.jpg;https://m.media-amazon.com/images/I/71ib0ZTx1iL.jpg","【セット商品】五木食品 中華麺シリーズ2種(乾麺)×各5個 食べ比べセット(中華細麺280g/中華めん250g 各5個 計10個)","","142057","123775","15 %","5","14","30","74","","4.8","13","2,409","2,390","1 %","アイシャイン (89%) / A358ERZFRDFYD","no","2,468","2,448","2,428","-1 %","1000","0 %","0","0","2,373","2,368","0 %","","2,436","","-","2,368","2,378","0 %","アイシャイン (89%) / A358ERZFRDFYD; プレミアコンタクト_インボイス対応 (59%) / A1R6WV6NFQNZUO","2,285","2,304","0 %","5","5","40 %","https://www.amazon.co.jp/dp/B0B9GDGYGH","https://keepa.com/#!product/5-B0B9GDGYGH","食品・飲料・お酒","ラーメン","食品・飲料・お酒 › 麺類・パスタ › ラーメン","B0B9GDGYGH","2207280000289","五木食品","五木食品","8","8","2022-09-01","25.8","22.1","17.2","2940","8","","","","2940","yes","","","78 %","36 %","30 %","32 %","78 %","45 %","38 %","37 %","4","5","5","5","37","36","53","4","5","19"
"https://m.media-amazon.com/images/I/81Z3tMSRLJL.jpg;https://m.media-amazon.com/images/I/81GmwkNIWPL.jpg;https://m.media-amazon.com/images/I/81ecRZBAUrL.jpg;https://m.media-amazon.com/images/I/81F7Jdf+XPL.jpg;https://m.media-amazon.com/images/I/81Ly6c4EgnL.jpg","五木食品 鍋焼うどん4種食べ比べセット(えび天/きつね/カレー/すき焼風 各種3個 計12個)(セット商品)(常温保存商品)","","143697","143697","71 %","10","14","14","14","","5","1","3,143","3,104","-3 %","Amazon","yes","3,203","3,104","3,133","-3 %","","0 %","0","0","3,104","3,133","-3 %","","","","-","","","","-","3,000","3,000","0 %","1","1","0 %","https://www.amazon.co.jp/dp/B0GSV4CBLV","https://keepa.com/#!product/5-B0GSV4CBLV","食品・飲料・お酒","うどん","食品・飲料・お酒 › 麺類・パスタ › うどん","B0GSV4CBLV","2603170000016","五木食品","五木食品","12","12","2026-04-01","45.2","32","18.6","3450","","","","","","no","","","100 %","100 %","100 %","100 %","100 %","100 %","100 %","100 %","1","1","1","1","78","147","94","4","9","4"
"https://m.media-amazon.com/images/I/81N47CQ23aL.jpg;https://m.media-amazon.com/images/I/81or-AobT-L.jpg;https://m.media-amazon.com/images/I/81Y+GeiKp-L.jpg;https://m.media-amazon.com/images/I/81UGEU2n+KL.jpg;https://m.media-amazon.com/images/I/81cHCMd025L.jpg;https://m.media-amazon.com/images/I/81GwR8bs1AL.jpg","五木食品 1食棒状ラーメン食べ比べアソートセット(5種×各2個 計10個)(もっこす/赤辛/濃厚とまと/えび味噌/かに味噌)(常温保存)(即席袋麺)","","144359","68088","-10 %","0","4","33","112","","4.5","22","","1,620","","-","no","","","1,620","","","100 %","7","7","1,620","1,618","","","1,620","","-","1,620","1,619","","-","1,500","1,500","0 %","1","1","","https://www.amazon.co.jp/dp/B0DGPPPVR9","https://keepa.com/#!product/5-B0DGPPPVR9","食品・飲料・お酒","ラーメン","食品・飲料・お酒 › 麺類・パスタ › ラーメン","B0DGPPPVR9","2409100000015","五木食品","五木食品","1","1","2024-09-10","26.3","21.7","17","1470","","","","","","no","","","0 %","0 %","32 %","62 %","0 %","9 %","32 %","62 %","0","1","2","2","-","-","2","5","6","5"
"https://m.media-amazon.com/images/I/61ofDLAiLXL.jpg","五木食品 濃厚とまとラーメン 120g×4袋","","145972","166304","25 %","3","13","24","55","","4.7","4","778","778","0 %","First Contact (79%) / A8A8J1IIL0YMB","no","","","","","","100 %","1","1","778","780","0 %","","","","-","778","780","","-","","","","6","5","67 %","https://www.amazon.co.jp/dp/B0CX8S2PBS","https://keepa.com/#!product/5-B0CX8S2PBS","食品・飲料・お酒","ラーメン","食品・飲料・お酒 › 麺類・パスタ › ラーメン","B0CX8S2PBS","4901726014677","五木食品","五木食品","4","4","","","","","","4","","","","","no","","","0 %","0 %","0 %","0 %","43 %","39 %","42 %","39 %","4","5","6","6","-","-","9","8","8","8"
"https://m.media-amazon.com/images/I/61SKo65TRQL.jpg","五木食品 鍋焼きつねうどん 215g×6個","","148152","148152","-4 %","2","2","2","2","","","","1,650","1,657","0 %","First Contact (79%) / A8A8J1IIL0YMB","no","","","","","","100 %","1","1","1,657","1,657","0 %","","","","-","1,657","1,657","","-","1,738","1,738","0 %","1","1","0 %","https://www.amazon.co.jp/dp/B0H65W8YR9","https://keepa.com/#!product/5-B0H65W8YR9","食品・飲料・お酒","うどん","食品・飲料・お酒 › 麺類・パスタ › うどん","B0H65W8YR9","4901726016091","五木食品","五木食品","6","6","","","","","","","","","","","no","","","0 %","0 %","0 %","0 %","100 %","100 %","100 %","100 %","1","1","1","1","-","44","30","8","6","3"
"https://m.media-amazon.com/images/I/81a7kNdjdGS.jpg;https://m.media-amazon.com/images/I/510ypnGX6KS.jpg;https://m.media-amazon.com/images/I/71sTg1PQKoS.jpg;https://m.media-amazon.com/images/I/61v30IjIwlS.jpg;https://m.media-amazon.com/images/I/71JD9XmGsgS.jpg","五木食品 そば&ちゃんぽん&パスタ 各3個セット(五木庵そば/五木庵チャンポン/濃厚ナポリタン/和風たらこ 計12個)(セット商品)(電子レンジ調理可能)","","151007","131192","28 %","2","11","23","66","","3.6","23","1,938","1,938","0 %","Amazon","yes","1,938","1,938","1,907","0 %","","0 %","0","0","1,938","1,936","0 %","","1,858","","-","","4,900","","-","1,794","1,813","0 %","1","1","0 %","https://www.amazon.co.jp/dp/B09332NBK6","https://keepa.com/#!product/5-B09332NBK6","食品・飲料・お酒","パスタ","食品・飲料・お酒 › 麺類・パスタ › パスタ","B09332NBK6","2104210000077","五木食品","五木食品","1","12","","26.3","21.9","17.2","2360","1","","","","185","no","","","100 %","100 %","100 %","89 %","100 %","100 %","100 %","89 %","1","1","1","1","-","-","90","4","4","46"
"https://m.media-amazon.com/images/I/6104b03e1lL.jpg;https://m.media-amazon.com/images/I/51+JMkw3kFL.jpg;https://m.media-amazon.com/images/I/515LvvJpMyL.jpg;https://m.media-amazon.com/images/I/61csu6fF77L.jpg","五木食品 火の国熊本黒 244g×20個","","155385","193582","47 %","5","13","19","33","","4.6","4","5,938","5,971","-5 %","SanLana Groceries (81%) / A3IKGNQJW3JYQ5","no","6,280","5,971","5,563","-5 %","1","0 %","0","0","5,971","5,560","-5 %","","5,030","","-","6,280","6,280","0 %","SanLana Groceries (81%) / A3IKGNQJW3JYQ5","6,300","6,300","0 %","1","1","-100 %","https://www.amazon.co.jp/dp/B09B9LTZN9","https://keepa.com/#!product/5-B09B9LTZN9","食品・飲料・お酒","ラーメン","食品・飲料・お酒 › 麺類・パスタ › ラーメン","B09B9LTZN9","4901726041413","五木食品","五木食品","20","20","2021-08-17","35.3","23.6","10.9","5420","20","","","","4880","no","","","92 %","97 %","97 %","98 %","92 %","97 %","97 %","98 %","2","2","2","2","507","380","490","57","61","51"
"https://m.media-amazon.com/images/I/61lbDJ7fPxL.jpg;https://m.media-amazon.com/images/I/61crdGZ3ZdL.jpg;https://m.media-amazon.com/images/I/51vRL0QddsL.jpg;https://m.media-amazon.com/images/I/61GLM6IJTxL.jpg","五木食品 熊本赤辛ラーメン 120g ×20個","","155440","123889","-7 %","4","11","28","83","","4.4","45","3,586","3,448","-15 %","Amazon","yes","3,980","3,448","3,328","-15 %","1000","0 %","0","0","3,448","3,286","-15 %","","2,141","","-","3,980","3,980","0 %","SanLana Groceries (81%) / A3IKGNQJW3JYQ5","3,720","3,898","0 %","1","1","-100 %","https://www.amazon.co.jp/dp/B07X6V2KZT","https://keepa.com/#!product/5-B07X6V2KZT","食品・飲料・お酒","ラーメン","食品・飲料・お酒 › 麺類・パスタ › ラーメン","B07X6V2KZT","4901726040867","五木食品","五木食品","20","20","","35.6","26.2","8","3000","1","","","","2400","yes","","","100 %","100 %","100 %","100 %","100 %","100 %","100 %","100 %","1","1","1","1","121","132","277","4","4","10"
"https://m.media-amazon.com/images/I/61vEOoMfeOL.jpg;https://m.media-amazon.com/images/I/61I1WtVQOqL.jpg;https://m.media-amazon.com/images/I/61hDTPYTDrL.jpg","五木食品 茶そば 450g","","158311","169406","-4 %","5","9","13","40","","4.6","4","987","1,153","20 %","Amazon","yes","921","1,154","1,072","20 %","","0 %","0","0","1,151","963","20 %","","1,028","","-","1,238","1,236","","-","","","","2","2","50 %","https://www.amazon.co.jp/dp/B0B9GDDPSG","https://keepa.com/#!product/5-B0B9GDDPSG","食品・飲料・お酒","ラーメン","食品・飲料・お酒 › 麺類・パスタ › ラーメン","B0B9GDDPSG","4006599000687, 4901726015094","五木食品","五木食品","1","1","2022-09-01","23.7","11","2.9","460","0","6","6","10","450","yes","","","89 %","75 %","87 %","94 %","89 %","75 %","87 %","94 %","2","2","2","2","136","142","183","57","55","73"
"https://m.media-amazon.com/images/I/511j9ZLB3NL.jpg","五木食品 鴨だしそば 228g×12／箱〔ケース〕","","164196","156663","-34 %","3","11","28","55","","4.3","11","3,399","3,399","0 %","くすりのiQ (98%) / A2NAUX3I3PG8DE","no","","","","","","100 %","1","1","3,399","3,377","0 %","","","","-","3,399","3,375","","-","","","","8","7","50 %","https://www.amazon.co.jp/dp/B005I0DLLM","https://keepa.com/#!product/5-B005I0DLLM","食品・飲料・お酒","そば","食品・飲料・お酒 › 麺類・パスタ › そば","B005I0DLLM","4901726011409","五木食品","五木食品","12","12","","30.7","27.6","12.5","3320","12","","","","228","no","","","0 %","0 %","0 %","0 %","100 %","100 %","96 %","53 %","1","1","4","5","-","-","69","8","8","8"
"https://m.media-amazon.com/images/I/51ZmF3m7AaL.jpg;https://m.media-amazon.com/images/I/51PWlZoiRfL.jpg","五木食品 濃厚とまとラーメン 120g×3袋","","166670","161196","22 %","2","9","12","43","","4.5","4","707","681","2 %","ワールドファクトリー (89%) / A2WGUAQ33DDVJ3","no","","","","","","100 %","1","1","681","673","2 %","","","","-","681","674","","-","0","0","0 %","7","5","71 %","https://www.amazon.co.jp/dp/B0CX88NPNP","https://keepa.com/#!product/5-B0CX88NPNP","食品・飲料・お酒","ラーメン","食品・飲料・お酒 › 麺類・パスタ › ラーメン","B0CX88NPNP","4901726014677","五木食品","五木食品","3","3","","24.5","8.3","4.5","360","3","24.5","8.3","4.5","360","no","","","0 %","0 %","0 %","0 %","36 %","36 %","40 %","38 %","7","8","8","8","123","74","40","8","8","8"
"https://m.media-amazon.com/images/I/71QveICpdbL.jpg;https://m.media-amazon.com/images/I/71mgknFXGSL.jpg;https://m.media-amazon.com/images/I/61SKob-0mtL.jpg;https://m.media-amazon.com/images/I/61CaMc-Z3dL.jpg;https://m.media-amazon.com/images/I/611MIdy7hFL.jpg","五木食品 小倉風焼うどん 422g×6個 (常温保存商品)(生タイプ即席麵)","","166718","150438","41 %","5","8","28","62","","3.1","2","1,816","1,807","-5 %","Amazon","yes","1,899","1,807","1,824","-5 %","","0 %","0","0","1,807","1,820","-5 %","","1,932","","-","","","","-","1,944","2,016","0 %","1","1","0 %","https://www.amazon.co.jp/dp/B0FJRMV4CS","https://keepa.com/#!product/5-B0FJRMV4CS","食品・飲料・お酒","うどん","食品・飲料・お酒 › 麺類・パスタ › うどん","B0FJRMV4CS","2507140000078","五木食品","五木食品","6","6","2025-08-18","28.5","24.2","12.7","2700","","","","","","yes","","","100 %","100 %","100 %","100 %","100 %","100 %","100 %","100 %","1","1","1","1","88","57","198","4","4","11"
"https://m.media-amazon.com/images/I/716dUaZsWkL.jpg;https://m.media-amazon.com/images/I/61NXL0S8iIL.jpg;https://m.media-amazon.com/images/I/61a5yikQQhL.jpg;https://m.media-amazon.com/images/I/71Zo4mws8XL.jpg;https://m.media-amazon.com/images/I/71jnu+9U8SL.jpg","五木食品 熊本もっこすラーメン 123g×3袋","","167376","148036","94 %","6","10","22","53","","4.2","67","840","840","0 %","ショップいぶき (93%) / AJ9U9U4Y9M5QW","no","","","","","","100 %","1","1","840","840","0 %","","","","-","840","837","0 %","ショップいぶき (93%) / AJ9U9U4Y9M5QW; ★WEBショップ　４Ｄポケッツ★　【日祭日も発送いたします】 (38%) / A2NJWGWSQODREY","0","0","0 %","7","5","43 %","https://www.amazon.co.jp/dp/B079S5HY8Q","https://keepa.com/#!product/5-B079S5HY8Q","食品・飲料・お酒","ラーメン","食品・飲料・お酒 › 麺類・パスタ › ラーメン","B079S5HY8Q","4901726003176, 4901726008270","五木食品","五木食品","3","3","","25","8.9","4","430","3","24.5","8.3","4.5","370","no","","","0 %","0 %","0 %","0 %","99 %","100 %","96 %","97 %","2","2","2","3","-","-","-","8","8","8"
"https://m.media-amazon.com/images/I/41NHf7xerzL.jpg","五木食品 中華細麺 280g×2袋","","173280","209987","-24 %","2","9","14","21","","3.2","5","628","628","0 %","ワールドファクトリー (89%) / A2WGUAQ33DDVJ3","no","","","","","","100 %","1","1","628","629","0 %","","","","-","628","629","","-","","","","6","4","67 %","https://www.amazon.co.jp/dp/B0CX8KBBCC","https://keepa.com/#!product/5-B0CX8KBBCC","食品・飲料・お酒","ラーメン","食品・飲料・お酒 › 麺類・パスタ › ラーメン","B0CX8KBBCC","4901726013120","五木食品","五木食品","3","2","","","","","","2","","","","","no","","","0 %","0 %","0 %","0 %","42 %","42 %","52 %","49 %","5","5","5","6","-","-","7","8","8","8"
"https://m.media-amazon.com/images/I/714CDsjW5gL.jpg;https://m.media-amazon.com/images/I/515H85cvv7L.jpg;https://m.media-amazon.com/images/I/61R6A6FdvyL.jpg;https://m.media-amazon.com/images/I/51klx4betKL.jpg","五木食品 田舎そば 200g×5個","","173996","176053","-9 %","5","11","19","39","","2.8","2","1,450","1,432","-1 %","Amazon","yes","1,451","1,432","1,431","-1 %","1000","0 %","0","0","1,431","1,430","-1 %","","1,483","","-","","","","-","1,375","1,394","0 %","1","1","0 %","https://www.amazon.co.jp/dp/B0BTYCBJP4","https://keepa.com/#!product/5-B0BTYCBJP4","食品・飲料・お酒","ラーメン","食品・飲料・お酒 › 麺類・パスタ › ラーメン","B0BTYCBJP4","2302060000135","五木食品","五木食品","5","5","2023-03-01","25.1","16.9","3.6","1050","5","","","","200","yes","","","100 %","100 %","100 %","100 %","100 %","100 %","100 %","100 %","1","1","1","1","6","15","48","4","4","9"
"https://m.media-amazon.com/images/I/71TZt0XzpVL.jpg","五木食品 熊本赤辛ラーメン 114g×20袋","","176663","166250","36 %","1","9","18","41","","4.4","10","3,035","3,035","0 %","プレミアコンタクト_インボイス対応 (59%) / A1R6WV6NFQNZUO","no","","","","","","100 %","1","1","3,035","3,042","0 %","3,135","3,135","","-","3,035","3,072","","-","","","","7","5","57 %","https://www.amazon.co.jp/dp/B005I0DKYU","https://keepa.com/#!product/5-B005I0DKYU","食品・飲料・お酒","ラーメン","食品・飲料・お酒 › 麺類・パスタ › ラーメン","B005I0DKYU","","","五木食品","20","20","","35.9","27.5","8.6","2944","20","","","","114","no","","","0 %","0 %","0 %","0 %","96 %","73 %","50 %","37 %","2","6","6","6","-","-","85","8","8","12"
"https://m.media-amazon.com/images/I/81O7c0IvXhL.jpg;https://m.media-amazon.com/images/I/61EKhOMyRBL.jpg;https://m.media-amazon.com/images/I/81zJSyZqk6L.jpg","五木食品 ざるラーメン 和風しょうゆ 280g×4袋","","180842","189402","38 %","3","9","12","30","","4.5","28","1,987","1,967","-1 %","SanLana Groceries (81%) / A3IKGNQJW3JYQ5","no","","","","","","100 %","1","1","1,959","1,771","-1 %","","1,452","","-","1,959","1,810","-1 %","SanLana Groceries (81%) / A3IKGNQJW3JYQ5; T-Base WebShop (97%) / A3RB5538DY8DW7; ジャパネットKN【適格請求書発行事業者】 (86%) / A3IRAE6MWRQR5Y","1,068","1,073","0 %","3","2","0 %","https://www.amazon.co.jp/dp/B00X36I7JY","https://keepa.com/#!product/5-B00X36I7JY","食品・飲料・お酒","ラーメン","食品・飲料・お酒 › 麺類・パスタ › ラーメン","B00X36I7JY","4901726013168","五木食品","五木食品","4","4","","32.2","12.7","10.7","1236","4","","","","1120","no","","","0 %","0 %","0 %","0 %","93 %","67 %","51 %","16 %","2","3","4","8","10","66","348","8","8","63"
"https://m.media-amazon.com/images/I/61ilAyokyUL.jpg","五木食品 くまモンの熊本ラーメン 176g×4個","","180965","145056","-10 %","2","6","21","49","","4.4","27","1,108","1,103","0 %","ジャパネットKN【適格請求書発行事業者】 (86%) / A3IRAE6MWRQR5Y","no","","","","","","100 %","1","1","1,102","994","0 %","","","","-","1,102","1,096","","-","","","","4","4","25 %","https://www.amazon.co.jp/dp/B07KK8NX2F","https://keepa.com/#!product/5-B07KK8NX2F","食品・飲料・お酒","ラーメン","食品・飲料・お酒 › 麺類・パスタ › ラーメン","B07KK8NX2F","4901726012116","","五木食品","1","4","","30.5","22.5","2.8","840","4","22.5","30.5","2.5","","no","","","0 %","0 %","0 %","0 %","62 %","87 %","73 %","60 %","2","2","3","3","10","7","19","8","8","8"
"https://m.media-amazon.com/images/I/71PIsSt71bL.jpg;https://m.media-amazon.com/images/I/71JzipqBYDL.jpg;https://m.media-amazon.com/images/I/71JL0t+MxHL.jpg;https://m.media-amazon.com/images/I/71iG3oSm9XL.jpg;https://m.media-amazon.com/images/I/71FWcy+6YuL.jpg","五木食品 タカモリ1食スパゲティ食ベ比ベセット(4種×各2個 計8個)(濃厚ナポリタン/和風たらこ/和風ペペロン/アラビアータ)(電子レンジ調理)","","183973","180962","-77 %","2","8","8","8","","","","1,242","1,202","-3 %","Amazon","yes","1,242","1,202","1,217","-3 %","","0 %","0","0","1,202","1,217","-3 %","","","","-","","","","-","1,150","1,150","0 %","1","1","0 %","https://www.amazon.co.jp/dp/B0GMF644H6","https://keepa.com/#!product/5-B0GMF644H6","食品・飲料・お酒","ラーメン","食品・飲料・お酒 › 麺類・パスタ › ラーメン","B0GMF644H6","2602090000069","五木食品","五木食品","8","8","2026-03-02","26.3","22","17","1640","","","","","","no","","","100 %","100 %","100 %","100 %","100 %","100 %","100 %","100 %","1","1","1","1","-","92","49","4","64","38"
"https://m.media-amazon.com/images/I/71zcQkst+NL.jpg;https://m.media-amazon.com/images/I/61jchbP6PfL.jpg;https://m.media-amazon.com/images/I/61L17kBvoML.jpg;https://m.media-amazon.com/images/I/51moZf2u72L.jpg","五木食品 おいしいざる茶そば 160g×10個","","187881","183802","-25 %","1","6","6","25","","3.6","11","2,430","2,296","","-","no","","2,052","1,981","","","94 %","1","2","2,296","2,163","","","2,206","","-","2,296","2,296","","-","1,990","2,020","0 %","1","1","","https://www.amazon.co.jp/dp/B07S1N716C","https://keepa.com/#!product/5-B07S1N716C","食品・飲料・お酒","麺類・パスタ","食品・飲料・お酒 › 麺類・パスタ","B07S1N716C","4901726014615","五木食品","五木食品","10","10","","23.5","18","5.5","1690","10","7","0.8","25","170","no","","","0 %","0 %","0 %","17 %","34 %","76 %","76 %","17 %","1","1","1","4","-","126","202","7","7","6"
"https://m.media-amazon.com/images/I/71nxMwU3CTL.jpg;https://m.media-amazon.com/images/I/61M35vBa71L.jpg;https://m.media-amazon.com/images/I/616ehErwS4L.jpg;https://m.media-amazon.com/images/I/51oSio0EfHL.jpg;https://m.media-amazon.com/images/I/51fytOGlCsL.jpg","五木食品 スタミナにんにくラーメン 120g ×10個 (インスタント袋麺)(常温保存商品)","","189533","154204","-4 %","0","0","0","51","","4.4","21","","","","-","no","","","1,841","","","100 %","1","1","","1,756","","","1,862","","-","","1,728","","-","1,860","1,860","0 %","","3","","https://www.amazon.co.jp/dp/B0CDLHWG74","https://keepa.com/#!product/5-B0CDLHWG74","食品・飲料・お酒","ラーメン","食品・飲料・お酒 › 麺類・パスタ › ラーメン","B0CDLHWG74","2308030000013","五木食品","五木食品","10","10","2023-09-15","23.6","17.6","5.8","1310","10","20","20","10","120","no","","","0 %","0 %","0 %","2 %","0 %","0 %","0 %","7 %","0","0","0","3","-","-","53","5","5","5"
"https://m.media-amazon.com/images/I/71HS0XNZvSL.jpg;https://m.media-amazon.com/images/I/61gPyMqagJL.jpg;https://m.media-amazon.com/images/I/61ou2fJny2L.jpg;https://m.media-amazon.com/images/I/6165gN0iC7L.jpg","五木食品 五木そば 250g×5個","","189677","176387","55 %","4","7","13","38","","3.5","8","1,459","1,471","-1 %","Amazon","yes","1,491","1,471","1,480","-1 %","1000","8 %","1","1","1,537","1,492","3 %","","1,501","","-","2,240","2,240","0 %","ちむぐくる（リサイクル段ボール利用で安価販売） (79%) / A2D9USOWENKI27","1,390","1,426","0 %","2","2","0 %","https://www.amazon.co.jp/dp/B00L4RUVOS","https://keepa.com/#!product/5-B00L4RUVOS","食品・飲料・お酒","麺類・パスタ","食品・飲料・お酒 › 麺類・パスタ","B00L4RUVOS","4901726002346","五木食品","五木食品","5","5","","24.9","21.6","3.8","1293","5","","","","250","no","","","77 %","92 %","96 %","95 %","77 %","92 %","96 %","95 %","1","1","1","2","45","25","140","36","32","22"
"https://m.media-amazon.com/images/I/81CZgPoZ9yL.jpg;https://m.media-amazon.com/images/I/81yZUmod4bL.jpg;https://m.media-amazon.com/images/I/91vlAkkzCDL.jpg;https://m.media-amazon.com/images/I/912mQw-HZsL.jpg;https://m.media-amazon.com/images/I/81bbUQlZ4RL.jpg;https://m.media-amazon.com/images/I/81rn4lswILL.jpg","五木食品 タカモリ1食スパゲティ食べ比べセット(4種×各3個 計12個)(濃厚ナポリタン/和風たらこ/和風ペペロン/バジル)(電子レンジ調理)","","191363","114987","-1 %","0","0","14","86","","3.8","12","","","","-","no","","","1,489","","","100 %","2","2","","1,482","","","1,233","","-","","","","-","1,400","1,417","0 %","","1","","https://www.amazon.co.jp/dp/B0DGPFB56P","https://keepa.com/#!product/5-B0DGPFB56P","食品・飲料・お酒","パスタ","食品・飲料・お酒 › 麺類・パスタ › パスタ","B0DGPFB56P","2409100000046","五木食品","五木食品","1","1","2024-09-10","26.4","21.6","16.9","2310","","","","","","no","","","0 %","0 %","17 %","59 %","0 %","0 %","17 %","59 %","0","0","1","1","-","-","78","5","5","57"
"https://m.media-amazon.com/images/I/71wUg34RoaL.jpg;https://m.media-amazon.com/images/I/81L0aAfNYyL.jpg;https://m.media-amazon.com/images/I/71MoGtQRBLL.jpg;https://m.media-amazon.com/images/I/61g+WOjXmtL.jpg;https://m.media-amazon.com/images/I/61ntErhA3DL.jpg","五木食品 かに味噌ラーメン 114g×10個","","192069","113156","-9 %","0","1","24","112","","4.1","10","","1,948","","-","no","","1,948","1,842","","","93 %","1","1","1,948","1,836","","","1,697","","-","","","","-","1,860","1,860","0 %","1","1","","https://www.amazon.co.jp/dp/B0DF7MKQ4H","https://keepa.com/#!product/5-B0DF7MKQ4H","食品・飲料・お酒","ラーメン","食品・飲料・お酒 › 麺類・パスタ › ラーメン","B0DF7MKQ4H","2408260000026","五木食品","五木食品","10","10","2024-08-19","25.7","17.4","5","1230","","","","","114","no","","","0 %","8 %","42 %","71 %","0 %","8 %","42 %","71 %","0","1","2","2","-","-","95","5","5","59"
"https://m.media-amazon.com/images/I/519HK+NO8lL.jpg;https://m.media-amazon.com/images/I/61E5OKLIKfL.jpg;https://m.media-amazon.com/images/I/510GOgwooPL.jpg;https://m.media-amazon.com/images/I/61IF4d+XTqL.jpg","五木食品 田舎うどん 200g ×20個","","192219","227041","-26 %","2","7","15","24","","4.1","10","4,205","4,167","-10 %","Amazon","yes","4,579","4,167","4,189","-10 %","1000","0 %","0","0","4,167","4,188","-10 %","","4,424","","-","","","","-","4,240","4,240","0 %","1","1","0 %","https://www.amazon.co.jp/dp/B07X1S5JPL","https://keepa.com/#!product/5-B07X1S5JPL","食品・飲料・お酒","ラーメン","食品・飲料・お酒 › 麺類・パスタ › ラーメン","B07X1S5JPL","4901726041055","五木食品","五木食品","20","20","","34.6","25.4","7.6","4480","1","","","","200","yes","","","100 %","100 %","100 %","100 %","100 %","100 %","100 %","100 %","1","1","1","1","129","92","119","4","4","7"
"https://m.media-amazon.com/images/I/81WeCodbA7L.jpg;https://m.media-amazon.com/images/I/716DoUur6RL.jpg;https://m.media-amazon.com/images/I/71iedpfnagL.jpg","五木食品 おいしい冷し中華(つゆ付乾めん)2種×各5個セット(セット商品)(常温保存商品)","","192945","162113","-4 %","0","0","1","17","","4.4","33","","","","-","no","","","2,149","","","100 %","1","1","","2,149","","","2,149","","-","","","","-","1,990","1,990","0 %","","1","","https://www.amazon.co.jp/dp/B09V4TFLNS","https://keepa.com/#!product/5-B09V4TFLNS","食品・飲料・お酒","冷麺","食品・飲料・お酒 › 麺類・パスタ › 冷麺","B09V4TFLNS","2202280000093","五木食品","五木食品","890","10","2022-03-10","25.9","22","17.1","2520","1031","","","","2520","no","","","0 %","0 %","1 %","17 %","0 %","0 %","1 %","17 %","0","0","1","1","-","-","1","5","5","5"
"https://m.media-amazon.com/images/I/81dDG5u7onL.jpg;https://m.media-amazon.com/images/I/81vRvjxy5ZL.jpg","五木食品 鍋焼えび風味あげ玉入うどん 213g×9個(常温保存商品)(生タイプ即席麵)","","194442","152936","-19 %","0","0","5","28","","3.2","17","","","","-","no","","","2,038","","","100 %","1","1","","2,080","","","","","-","","2,387","","-","1,917","1,922","0 %","","1","","https://www.amazon.co.jp/dp/B0B9GCXN78?psc=1","https://keepa.com/#!product/5-B0B9GCXN78","食品・飲料・お酒","うどん","食品・飲料・お酒 › 麺類・パスタ › うどん","B0B9GCXN78","2207280000203","五木食品","五木食品","9","9","2022-09-01","45.4","32.1","18.5","2590","9","","","","213","no","","","0 %","0 %","31 %","30 %","0 %","0 %","31 %","30 %","0","0","1","2","-","-","130","5","5","9"
"https://m.media-amazon.com/images/I/61tnFV+nXjL.jpg;https://m.media-amazon.com/images/I/61zu-17fK9L.jpg;https://m.media-amazon.com/images/I/51Ucep6nkRL.jpg;https://m.media-amazon.com/images/I/51hxHv4aHuL.jpg","五木食品 おいしいざるそば 180g×10個 （常温保存）","","195901","225091","-4 %","2","7","10","10","","","","1,902","1,917","2 %","Amazon","yes","1,878","1,917","1,940","2 %","1000","0 %","0","0","1,917","1,940","2 %","","","","-","","","","-","1,990","1,990","0 %","1","1","0 %","https://www.amazon.co.jp/dp/B0GLNHCL9J","https://keepa.com/#!product/5-B0GLNHCL9J","食品・飲料・お酒","そば","食品・飲料・お酒 › 麺類・パスタ › そば","B0GLNHCL9J","2601270000110","五木食品","五木食品","10","10","2026-03-02","23.1","17.7","6.6","1880","","","","","","no","","","100 %","100 %","100 %","100 %","100 %","100 %","100 %","100 %","1","1","1","1","15","22","25","4","4","3"
"https://m.media-amazon.com/images/I/3130J5MBtjL.jpg","五木食品 アベックラーメン 175g×20個入","","197512","190525","32 %","1","7","17","33","","3.8","16","3,780","3,780","0 %","プレミアコンタクト_インボイス対応 (59%) / A1R6WV6NFQNZUO","no","","","","","","100 %","1","1","3,780","3,796","0 %","","3,780","","-","3,780","3,796","0 %","プレミアコンタクト_インボイス対応 (59%) / A1R6WV6NFQNZUO","0","0","0 %","11","9","82 %","https://www.amazon.co.jp/dp/B00KFVORKS","https://keepa.com/#!product/5-B00KFVORKS","食品・飲料・お酒","ラーメン","食品・飲料・お酒 › 麺類・パスタ › ラーメン","B00KFVORKS","4901726003053","五木食品","五木食品","20","20","","30.5","22","9.7","3970","20","20","20","20","","no","","","0 %","0 %","0 %","0 %","42 %","40 %","34 %","39 %","4","6","9","10","-","-","67","8","8","42"
"https://m.media-amazon.com/images/I/71ea34Rng9L.jpg;https://m.media-amazon.com/images/I/71Ibl8zW2ZL.jpg;https://m.media-amazon.com/images/I/71ckRZJkvTL.jpg;https://m.media-amazon.com/images/I/71H3zbnf7aL.jpg","五木食品 タカモリあごだしうどん/お蕎麦屋さんのカレーうどん/阿蘇のだんご汁(3種×各4個)(セット商品)(常温保存)","","197665","175083","-2 %","1","2","9","22","","4.1","8","1,852","2,014","-4 %","Amazon","yes","2,104","2,016","2,063","-4 %","1000","0 %","0","0","2,014","2,062","-4 %","1,321","2,094","","-","","","","-","1,948","1,950","0 %","1","1","0 %","https://www.amazon.co.jp/dp/B0CY2139R6","https://keepa.com/#!product/5-B0CY2139R6","食品・飲料・お酒","うどん","食品・飲料・お酒 › 麺類・パスタ › うどん","B0CY2139R6","2404020000060","五木食品","五木食品","1","1","2024-03-28","26.1","21.9","16.8","2490","","","","","178","no","","","99 %","100 %","100 %","77 %","99 %","100 %","100 %","77 %","2","2","2","2","204","167","107","57","54","39"
"https://m.media-amazon.com/images/I/712syoBfAXL.jpg;https://m.media-amazon.com/images/I/71DfrcR+OqL.jpg;https://m.media-amazon.com/images/I/61VjPdqSGJL.jpg;https://m.media-amazon.com/images/I/51Z1IJrbAOL.jpg;https://m.media-amazon.com/images/I/510Kk-wCxbL.jpg","五木食品 中華中太麵 240g(3人前)×5袋","","201292","178204","-4 %","0","0","0","3","","3.8","14","","","","-","no","","","","","","100 %","1","1","","","","","","","-","","","","-","1,075","1,075","0 %","","","","https://www.amazon.co.jp/dp/B0C7C64DVL","https://keepa.com/#!product/5-B0C7C64DVL","食品・飲料・お酒","ラーメン","食品・飲料・お酒 › 麺類・パスタ › ラーメン","B0C7C64DVL","2306070000017","五木食品","五木食品","5","5","2023-06-01","34.7","21.9","4.2","1260","5","","","","1200","no","","","0 %","0 %","0 %","0 %","0 %","0 %","0 %","0 %","0","0","0","0","-","-","-","5","5","5"
"https://m.media-amazon.com/images/I/71fKQK5Ed8L.jpg;https://m.media-amazon.com/images/I/71P9U0GGXVL.jpg;https://m.media-amazon.com/images/I/619xb8uUajL.jpg;https://m.media-amazon.com/images/I/61PkCX-YtDL.jpg","五木食品 レンジでもちもち汁なし担々風うどん 226g 10個 (電子レンジ調理可能) (常温保存商品)","","206426","159325","57 %","1","6","17","47","","3.9","4","1,736","1,708","-2 %","Amazon","yes","1,741","1,708","1,740","-2 %","","0 %","0","0","1,708","1,743","-2 %","","1,822","","-","","1,970","","-","1,760","1,822","0 %","1","1","0 %","https://www.amazon.co.jp/dp/B0F2DRDVZG","https://keepa.com/#!product/5-B0F2DRDVZG","食品・飲料・お酒","うどん","食品・飲料・お酒 › 麺類・パスタ › うどん","B0F2DRDVZG","2503240000062","五木食品","五木食品","10","10","2025-03-03","26.7","26.3","7.5","2420","","","","","","yes","","","100 %","100 %","100 %","96 %","100 %","100 %","100 %","96 %","1","1","1","2","7","52","86","4","9","15"
"https://m.media-amazon.com/images/I/81mZ+VfNFeL.jpg;https://m.media-amazon.com/images/I/81rHccspxVL.jpg;https://m.media-amazon.com/images/I/715Mb6L497L.jpg;https://m.media-amazon.com/images/I/71Y9MhWgtvL.jpg;https://m.media-amazon.com/images/I/71BbuxTEWIL.jpg;https://m.media-amazon.com/images/I/71p5eXB5M-L.jpg;https://m.media-amazon.com/images/I/71pVwco-TYL.jpg","五木食品 1食棒状即席めん 濃厚系フレーバー食べ比べセット(5種×各2個 計10個)(熊本もっこす/えび味噌/濃厚とまと/スタミナにんにく/鶏白湯)(セット商品)(常温保存)","","206621","181783","-3 %","0","0","0","11","","3.8","12","","","","-","no","","","1,710","","","100 %","1","1","","1,710","","","1,710","","-","","","","-","1,583","1,583","0 %","","1","","https://www.amazon.co.jp/dp/B0CDWP6ZYM","https://keepa.com/#!product/5-B0CDWP6ZYM","食品・飲料・お酒","ラーメン","食品・飲料・お酒 › 麺類・パスタ › ラーメン","B0CDWP6ZYM","","五木食品","五木食品","1","1","2023-09-15","26.2","21.5","16.6","1520","0","","","","","no","","","0 %","0 %","0 %","6 %","0 %","0 %","0 %","6 %","0","0","0","1","-","-","-","5","5","5"
"https://m.media-amazon.com/images/I/61Mgu9DqqZL.jpg;https://m.media-amazon.com/images/I/61qqeF3uNuL.jpg;https://m.media-amazon.com/images/I/611Uvn5HGKL.jpg;https://m.media-amazon.com/images/I/61-7kNiCzxL.jpg;https://m.media-amazon.com/images/I/61jdzPml2wL.jpg;https://m.media-amazon.com/images/I/6111G91WLXL.jpg","五木食品 ナポリ風スパゲティ 200g×30個(電子レンジ調理可能)(常温保存商品)","","209106","156159","48 %","3","4","15","64","","4","8","3,849","3,867","-33 %","Amazon","yes","5,128","4,035","4,129","-27 %","1000","0 %","0","0","3,793","3,933","-35 %","2,661","2,661","","-","3,800","4,108","-105 %","輸入代行AIRPLANE（おまとめ購入の案内は出品者情報より） (93%) / A2WVM6NAKHYW9H","4,800","4,800","0 %","7","6","71 %","https://www.amazon.co.jp/dp/B09MZ5Z52T","https://keepa.com/#!product/5-B09MZ5Z52T","食品・飲料・お酒","パスタ","食品・飲料・お酒 › 麺類・パスタ › パスタ","B09MZ5Z52T","4901726008133","五木食品","五木食品","30","30","2021-12-03","41.6","25.5","13","6690","30","","","","200","yes","","","25 %","42 %","30 %","31 %","42 %","42 %","35 %","31 %","6","7","8","8","149","126","317","59","56","32"
"https://m.media-amazon.com/images/I/61FnB-xcUjL.jpg;https://m.media-amazon.com/images/I/615VhRxpZkL.jpg;https://m.media-amazon.com/images/I/51Y6E7a4GwL.jpg;https://m.media-amazon.com/images/I/51rbRm3TpML.jpg","五木食品 雪絹の糸 300g×5個 （乾そうめん）(常温保存商品)","","210246","215601","27 %","4","8","9","9","","","","1,390","1,382","1 %","Amazon","yes","1,366","1,382","1,381","1 %","1000","0 %","0","0","1,382","1,381","1 %","","","","-","","","","-","1,300","1,300","0 %","1","1","0 %","https://www.amazon.co.jp/dp/B0GLNHDHXV","https://keepa.com/#!product/5-B0GLNHDHXV","食品・飲料・お酒","そうめん・ひやむぎ","食品・飲料・お酒 › 麺類・パスタ › そうめん・ひやむぎ","B0GLNHDHXV","","五木食品","五木食品","5","5","2026-03-02","22.8","11.5","9.1","1560","","","","","","no","","","100 %","100 %","100 %","100 %","100 %","100 %","100 %","100 %","1","1","1","1","17","33","30","4","4","4"
"https://m.media-amazon.com/images/I/81Nljwx5qPL.jpg","鍋焼 えび天うどん 220g×18個","","210402","171722","-10 %","0","2","2","33","","4.3","92","3,580","3,577","","-","no","","","","","","100 %","1","1","3,624","3,456","-6 %","","","","-","3,624","3,477","","-","3,331","3,441","0 %","9","8","78 %","https://www.amazon.co.jp/dp/B00318CB64","https://keepa.com/#!product/5-B00318CB64","食品・飲料・お酒","うどん","食品・飲料・お酒 › 麺類・パスタ › うどん","B00318CB64","4901726006436, 4901726013342","五木食品","五木食品","18","18","","56","37.2","13.8","5198","18","","","","3960","no","","","0 %","0 %","0 %","0 %","13 %","9 %","19 %","10 %","1","2","2","6","-","1","141","6","6","19"
"https://m.media-amazon.com/images/I/41EM9K+eeAL.jpg","五木食品 業務用 中華麺 500g×20個入","","211248","475400","13 %","3","9","10","13","","4.7","3","7,480","7,497","0 %","keyroom (85%) / A256FVBM6Q5W9F","no","","","","","","100 %","1","1","7,497","7,655","0 %","","","","-","7,497","7,679","0 %","keyroom (85%) / A256FVBM6Q5W9F","","","","3","4","67 %","https://www.amazon.co.jp/dp/B08YD4TLG9","https://keepa.com/#!product/5-B08YD4TLG9","食品・飲料・お酒","麺類・パスタ","食品・飲料・お酒 › 麺類・パスタ","B08YD4TLG9","4901726002438","五木食品","五木食品","20","20","","","","","","20","","","","500","no","","","0 %","0 %","0 %","0 %","100 %","94 %","89 %","73 %","1","2","4","4","-","136","277","8","8","13"
"https://m.media-amazon.com/images/I/518JrDRbgkL.jpg","五木食品 熊本もっこすラーメン 123g×20個入","","212503","199479","-31 %","1","7","12","27","","4.1","6","3,033","2,996","-1 %","ワールドファクトリー (89%) / A2WGUAQ33DDVJ3","no","","","","","","100 %","1","1","2,996","2,984","-1 %","","","","-","2,996","2,985","","-","","","","9","9","67 %","https://www.amazon.co.jp/dp/B07NS4GSKN","https://keepa.com/#!product/5-B07NS4GSKN","食品・飲料・お酒","ラーメン","食品・飲料・お酒 › 麺類・パスタ › ラーメン","B07NS4GSKN","4901726003176","五木食品","五木食品","20","20","","","","","","20","","","","123","no","","","0 %","0 %","0 %","0 %","28 %","66 %","83 %","76 %","6","7","7","7","56","44","36","8","8","8"
"https://m.media-amazon.com/images/I/41CIzPgu5sL.jpg","五木食品 ちっこいにゅうめん 醤油仕立て 90g×12個入","","213614","233581","-49 %","1","5","8","21","","4.5","4","2,383","2,383","","-","no","","","","","","100 %","1","1","2,383","2,452","","","","","-","2,383","2,456","","-","","","","4","4","","https://www.amazon.co.jp/dp/B00OCEYPHE","https://keepa.com/#!product/5-B00OCEYPHE","食品・飲料・お酒","そうめん・ひやむぎ","食品・飲料・お酒 › 麺類・パスタ › そうめん・ひやむぎ","B00OCEYPHE","4901726012864","五木食品","五木食品","1","12","","","","","","12","","","","90","no","","","0 %","0 %","0 %","0 %","56 %","85 %","93 %","73 %","1","1","1","3","-","-","133","7","8","16"
"https://m.media-amazon.com/images/I/71pNIpJhxTL.jpg;https://m.media-amazon.com/images/I/61lrQsQoIOL.jpg;https://m.media-amazon.com/images/I/61R1vQMct6L.jpg;https://m.media-amazon.com/images/I/519dbmYUFEL.jpg;https://m.media-amazon.com/images/I/516VaUCXvnL.jpg","五木食品 鶏白湯ラーメン 124g ×10個 (インスタント袋麺)(常温保存商品)","","215567","157987","-3 %","0","0","0","65","","4.3","12","","","","-","no","","","1,937","","","100 %","1","1","","1,897","","","","","-","","1,748","","-","1,860","1,873","0 %","","2","","https://www.amazon.co.jp/dp/B0CDLJX3YW","https://keepa.com/#!product/5-B0CDLJX3YW","食品・飲料・お酒","ラーメン","食品・飲料・お酒 › 麺類・パスタ › ラーメン","B0CDLJX3YW","2308030000020","五木食品","五木食品","10","10","2023-09-15","24.3","16.9","5.5","1320","10","","","","124","no","","","0 %","0 %","0 %","21 %","0 %","0 %","0 %","21 %","0","0","0","3","-","-","101","5","5","32"
"https://m.media-amazon.com/images/I/81gmS9HbNbL.jpg;https://m.media-amazon.com/images/I/81G7a19i3LL.jpg","五木食品 鍋焼カレーうどん 220g×6個","","218404","214592","-37 %","0","5","11","24","","3.7","34","1,728","1,728","0 %","プレミアコンタクト_インボイス対応 (59%) / A1R6WV6NFQNZUO","no","","","","","","100 %","1","1","1,728","1,732","0 %","","","","-","1,728","1,749","0 %","プレミアコンタクト_インボイス対応 (59%) / A1R6WV6NFQNZUO","1,704","1,704","0 %","6","5","83 %","https://www.amazon.co.jp/dp/B01268WXTO","https://keepa.com/#!product/5-B01268WXTO","食品・飲料・お酒","うどん","食品・飲料・お酒 › 麺類・パスタ › うどん","B01268WXTO","4901726013380","五木食品","五木食品","6","6","2015-08-01","38","23.1","12.9","1560","6","","","","220","no","","","0 %","0 %","0 %","0 %","43 %","33 %","34 %","31 %","4","7","7","7","-","-","50","8","8","11"
"https://m.media-amazon.com/images/I/61SNsjWQT1L.jpg;https://m.media-amazon.com/images/I/61ER3JXWKCL.jpg;https://m.media-amazon.com/images/I/61gKtWLnv5L.jpg","五木食品 業務用田舎うどん 500g","","218451","187963","8 %","2","4","12","37","","3.9","26","561","573","2 %","Amazon","yes","564","573","595","2 %","1000","0 %","0","0","573","594","2 %","","663","","-","","","","-","","","","1","1","0 %","https://www.amazon.co.jp/dp/B006ZSKVM8","https://keepa.com/#!product/5-B006ZSKVM8","食品・飲料・お酒","ラーメン","食品・飲料・お酒 › 麺類・パスタ › ラーメン","B006ZSKVM8","4901726002704","五木食品","五木食品","1","1","","24","10.5","3","499","1","23.5","11","2.5","500","no","","","100 %","100 %","100 %","100 %","100 %","100 %","100 %","100 %","1","1","1","1","5","10","43","4","4","12"
"https://m.media-amazon.com/images/I/81aYBOiddIL.jpg;https://m.media-amazon.com/images/I/71JzipqBYDL.jpg;https://m.media-amazon.com/images/I/71w6CurxB-L.jpg;https://m.media-amazon.com/images/I/71rddl-KXqL.jpg","五木食品 タカモリ1食ナポリタン食ベ比ベセット(3種 計12個)(濃厚ナポリタン/デミグラス/トマト&ガーリック)(常温保存)(電子レンジ調理)","","221609","221609","-57 %","0","3","3","3","","","","1,814","1,776","-2 %","Amazon","yes","1,814","1,776","1,794","-2 %","11","0 %","0","0","1,771","1,789","-2 %","1,542","1,542","","-","","","","-","1,680","1,680","0 %","1","1","0 %","https://www.amazon.co.jp/dp/B0GMFQJ2SN","https://keepa.com/#!product/5-B0GMFQJ2SN","食品・飲料・お酒","ラーメン","食品・飲料・お酒 › 麺類・パスタ › ラーメン","B0GMFQJ2SN","2602090000076","五木食品","五木食品","12","12","2026-03-02","26.4","21.6","16.6","2500","","","","","","no","","","100 %","100 %","94 %","94 %","100 %","100 %","94 %","94 %","1","1","1","1","-","105","55","4","54","35"
"https://m.media-amazon.com/images/I/611uPjbKp6L.jpg;https://m.media-amazon.com/images/I/61dKL3+rCrL.jpg;https://m.media-amazon.com/images/I/6107-t3e3cL.jpg;https://m.media-amazon.com/images/I/61EuxrMCwhL.jpg","五木食品 3食入焼そば 510g×12個","","225357","210339","14 %","3","6","12","23","","","","3,394","3,291","-14 %","Amazon","yes","3,758","3,291","3,285","-14 %","1000","0 %","0","0","3,291","3,285","-14 %","","","","-","","","","-","3,480","3,615","0 %","1","1","0 %","https://www.amazon.co.jp/dp/B09WMP5KDJ","https://keepa.com/#!product/5-B09WMP5KDJ","食品・飲料・お酒","焼きそば","食品・飲料・お酒 › 麺類・パスタ › 焼きそば","B09WMP5KDJ","2203250000327","五木食品","五木食品","12","12","2022-04-01","38.6","25.6","15.4","6960","","","","","510","yes","","","100 %","100 %","100 %","80 %","100 %","100 %","100 %","80 %","1","1","1","1","197","150","126","8","10","13"
"https://m.media-amazon.com/images/I/61kHa1DZvKL.jpg;https://m.media-amazon.com/images/I/61UiIbP0SYL.jpg;https://m.media-amazon.com/images/I/61jJSBYzgRL.jpg;https://m.media-amazon.com/images/I/61nqezokeAL.jpg","五木食品 五木庵だんご汁 192g ×20個(電子レンジ調理可能)","","227548","175426","35 %","2","7","14","66","","4.5","27","3,455","3,404","-1 %","Amazon","yes","3,455","3,404","3,205","-1 %","","0 %","0","0","3,404","3,198","-1 %","","3,446","","-","","","","-","3,520","3,666","0 %","1","1","0 %","https://www.amazon.co.jp/dp/B07X6VXWL3?psc=1","https://keepa.com/#!product/5-B07X6VXWL3","食品・飲料・お酒","うどん","食品・飲料・お酒 › 麺類・パスタ › うどん","B07X6VXWL3","4901726060278","五木食品","五木食品","20","20","","41.6","26.4","10.4","4400","1","","","","192","yes","","","100 %","100 %","100 %","89 %","100 %","100 %","100 %","89 %","1","1","1","1","-","130","241","4","30","25"
"https://m.media-amazon.com/images/I/41NHf7xerzL.jpg","五木食品 中華細麺 280g×3袋","","230728","231446","50 %","0","4","7","19","","","","798","798","0 %","さくらコンタクト (89%) / A16SLS6TN6AOMN","no","","","","","","100 %","1","1","798","800","0 %","","","","-","798","800","","-","","","","6","4","67 %","https://www.amazon.co.jp/dp/B0CX8KDZJ7","https://keepa.com/#!product/5-B0CX8KDZJ7","食品・飲料・お酒","ラーメン","食品・飲料・お酒 › 麺類・パスタ › ラーメン","B0CX8KDZJ7","4901726013120","五木食品","五木食品","3","3","","","","","","3","","","","","no","","","0 %","0 %","0 %","0 %","39 %","52 %","47 %","46 %","3","3","3","4","-","-","9","8","8","8"
"https://m.media-amazon.com/images/I/71cVRsJ037L.jpg;https://m.media-amazon.com/images/I/61mvd9ibLXL.jpg;https://m.media-amazon.com/images/I/61lUZOzzzqL.jpg;https://m.media-amazon.com/images/I/51mbDn2XD-L.jpg","五木食品 おいしい冷し中華ごまだれ 220g ×10個(常温保存商品)","","231093","177430","-5 %","0","0","1","33","","4.2","16","","","","-","no","","","1,817","","","100 %","1","1","","1,683","","","1,530","","-","","1,311","","-","1,990","2,023","0 %","","1","","https://www.amazon.co.jp/dp/B07S1N6XM4","https://keepa.com/#!product/5-B07S1N6XM4","食品・飲料・お酒","ラーメン","食品・飲料・お酒 › 麺類・パスタ › ラーメン","B07S1N6XM4","4901726013564","五木食品","五木食品","10","10","","23.6","16.6","8.6","2320","10","","","","2200","no","","","0 %","0 %","0 %","23 %","0 %","0 %","0 %","23 %","0","0","0","3","-","-","251","5","5","52"
"https://m.media-amazon.com/images/I/916vrMDHagL.jpg","五木食品 五木庵カレーうどん 生タイプ 225g×20個入","","231124","214455","-4 %","1","4","8","27","","4.6","16","3,230","3,221","","-","no","","","","","","100 %","1","1","3,225","3,296","-3 %","","","","-","3,225","3,271","","-","","","","10","8","90 %","https://www.amazon.co.jp/dp/B08NPTRGMT","https://keepa.com/#!product/5-B08NPTRGMT","食品・飲料・お酒","うどん","食品・飲料・お酒 › 麺類・パスタ › うどん","B08NPTRGMT","4901726015087","五木食品","五木食品","1","20","","","","","225","20","","","","225","no","","","0 %","0 %","0 %","0 %","23 %","35 %","37 %","33 %","4","5","6","10","33","18","209","8","8","12"
"https://m.media-amazon.com/images/I/613xUNBjgHL.jpg;https://m.media-amazon.com/images/I/515Dj24CIYL.jpg","五木食品 ちゃちゃっとちゃんぽん 184g×20個入","","231279","231279","-15 %","0","0","0","0","","","","3,858","3,858","0 %","Smile Spoon (96%) / ANX50H5BJ2R33","no","","","","","","100 %","1","1","3,858","3,858","0 %","","","","-","3,858","3,858","","-","0","0","0 %","3","3","67 %","https://www.amazon.co.jp/dp/B0H28VX637","https://keepa.com/#!product/5-B0H28VX637","食品・飲料・お酒","ラーメン","食品・飲料・お酒 › 麺類・パスタ › ラーメン","B0H28VX637","4901726015735","五木食品","五木食品","20","","","36.8","25.5","12.5","4100","20","36.8","25.5","12.5","4100","no","","","0 %","0 %","0 %","0 %","100 %","100 %","100 %","100 %","1","1","1","1","-","-","-","","",""
"https://m.media-amazon.com/images/I/81B9YqiZ7hL.jpg;https://m.media-amazon.com/images/I/61moon1e2VL.jpg;https://m.media-amazon.com/images/I/81hvPnEMYHL.jpg","五木食品 ざるラーメン ゴマだれ 264g×4袋","","231726","205578","-25 %","0","2","6","31","","3.4","13","1,806","1,812","1 %","ジャパネットKN【適格請求書発行事業者】 (86%) / A3IRAE6MWRQR5Y","no","","","","","","100 %","1","1","1,800","1,511","0 %","","1,237","","-","1,800","1,719","","-","1,068","1,081","0 %","2","2","50 %","https://www.amazon.co.jp/dp/B00X36I9WY?psc=1","https://keepa.com/#!product/5-B00X36I9WY","食品・飲料・お酒","ラーメン","食品・飲料・お酒 › 麺類・パスタ › ラーメン","B00X36I9WY","4901726013175","五木食品","五木食品","4","4","","33.8","12","10.1","1160","4","","","","264","no","","","0 %","0 %","0 %","0 %","32 %","76 %","81 %","28 %","2","2","2","5","7","5","377","7","8","69"
"https://m.media-amazon.com/images/I/716Op+zrm5L.jpg;https://m.media-amazon.com/images/I/614b5V7H8sL.jpg;https://m.media-amazon.com/images/I/61kPKd56OoL.jpg;https://m.media-amazon.com/images/I/51QdHozCI7L.jpg","五木食品 ざるラーメン超レモン 266g 6個（乾麺）(常温保存)","","232885","235161","64 %","8","11","11","26","","3.9","4","2,241","2,374","-4 %","SanLana Groceries (81%) / A3IKGNQJW3JYQ5","no","2,093","2,093","1,912","0 %","","37 %","1","1","2,268","1,958","8 %","","1,745","","-","2,557","2,188","","-","1,938","1,938","0 %","2","2","-50 %","https://www.amazon.co.jp/dp/B0F2DNKKQG","https://keepa.com/#!product/5-B0F2DNKKQG","食品・飲料・お酒","ラーメン","食品・飲料・お酒 › 麺類・パスタ › ラーメン","B0F2DNKKQG","2503240000017","五木食品","五木食品","6","6","2025-03-03","31.6","26.2","5.5","1720","","","","","","no","","","62 %","40 %","40 %","30 %","62 %","47 %","47 %","30 %","2","3","3","5","188","230","367","50","49","57"
"https://m.media-amazon.com/images/I/51jW8dIMm4L.jpg","五木食品 そば粉 600g×5袋","","234147","234253","-23 %","1","3","11","18","","3","1","3,890","3,890","0 %","アイシャイン (89%) / A358ERZFRDFYD","no","","","","","","100 %","1","1","3,890","3,900","0 %","","","","-","3,890","3,907","","-","","","","5","4","20 %","https://www.amazon.co.jp/dp/B0CL99THD5","https://keepa.com/#!product/5-B0CL99THD5","食品・飲料・お酒","そば粉","食品・飲料・お酒 › 粉類 › そば粉","B0CL99THD5","4901726015551","五木","五木食品","5","","","","","","","5","","","","","no","","","0 %","0 %","0 %","0 %","51 %","33 %","38 %","44 %","3","5","6","6","-","-","46","8","8","8"
"https://m.media-amazon.com/images/I/81vk2ID75jL.jpg;https://m.media-amazon.com/images/I/71+n6nikVJL.jpg;https://m.media-amazon.com/images/I/71xre00H20L.jpg;https://m.media-amazon.com/images/I/71ZPf33Q17L.jpg;https://m.media-amazon.com/images/I/710e98T8uVL.jpg;https://m.media-amazon.com/images/I/71mK3VK64TL.jpg","五木食品 1食生タイプ即席めん5種×各3個食べ比べセット(カレーうどん/チャンポン/そば/だんご汁/スンドゥブチゲ風うどん 計15個)(常温保存)(電子レンジ調理可能)","","236055","201675","-5 %","0","0","0","18","","4.4","7","","","","-","no","","","2,444","","","100 %","1","1","","2,444","","","2,305","","-","","","","-","2,722","2,722","0 %","","1","","https://www.amazon.co.jp/dp/B0CY3HHKWD","https://keepa.com/#!product/5-B0CY3HHKWD","食品・飲料・お酒","うどん","食品・飲料・お酒 › 麺類・パスタ › うどん","B0CY3HHKWD","2403140000042","五木食品","五木食品","4","1","2024-04-05","26.2","21.7","16.8","3370","","","","","","no","","","0 %","0 %","0 %","10 %","0 %","0 %","0 %","10 %","0","0","0","1","-","-","156","5","5","8"
"https://m.media-amazon.com/images/I/611rZdbHahL.jpg;https://m.media-amazon.com/images/I/612tDWhvv3L.jpg","五木食品 えび味噌ラーメン 120g ×3個","","240410","229296","-2 %","1","5","12","25","","4.3","5","600","599","0 %","ワールドファクトリー (89%) / A2WGUAQ33DDVJ3","no","","","","","","100 %","1","1","598","632","0 %","","","","-","598","633","0 %","ワールドファクトリー (89%) / A2WGUAQ33DDVJ3; First Contact (79%) / A8A8J1IIL0YMB; プレミアコンタクト_インボイス対応 (59%) / A1R6WV6NFQNZUO","0","0","0 %","9","7","33 %","https://www.amazon.co.jp/dp/B08KW841CF","https://keepa.com/#!product/5-B08KW841CF","食品・飲料・お酒","ラーメン","食品・飲料・お酒 › 麺類・パスタ › ラーメン","B08KW841CF","4901726014899","五木食品","五木食品","3","3","","29","12.5","4.9","410","3","24.5","8.3","4.5","360","no","","","0 %","0 %","0 %","0 %","30 %","34 %","33 %","36 %","7","8","8","8","10","6","29","8","8","12"
"https://m.media-amazon.com/images/I/71Ip3AFcgmL.jpg;https://m.media-amazon.com/images/I/61TOssjeI8L.jpg;https://m.media-amazon.com/images/I/61BNjcc-NyL.jpg;https://m.media-amazon.com/images/I/51k3OuOoL1L.jpg","五木食品 おいしいざるそば 180g×10個","","243375","228254","-19 %","0","3","3","12","","4.7","4","2,349","2,301","","-","no","","","2,048","","","100 %","1","1","2,301","1,961","","","2,095","","-","2,301","2,165","","-","1,990","2,006","0 %","1","1","","https://www.amazon.co.jp/dp/B07S4XLV4Y","https://keepa.com/#!product/5-B07S4XLV4Y","食品・飲料・お酒","そば","食品・飲料・お酒 › 麺類・パスタ › そば","B07S4XLV4Y","4901726014608","五木食品","五木食品","10","10","","24.7","17.6","6.5","1890","1","7","0.8","25","190","no","","","0 %","0 %","0 %","13 %","31 %","74 %","74 %","20 %","1","1","1","3","-","114","185","6","8","6"
"https://m.media-amazon.com/images/I/81OSzbInV8L.jpg;https://m.media-amazon.com/images/I/71Lgu6qFrdL.jpg;https://m.media-amazon.com/images/I/71NOSGmxc6L.jpg;https://m.media-amazon.com/images/I/81gZajfNC8L.jpg;https://m.media-amazon.com/images/I/81PbfVVp39L.jpg","五木食品 1食棒状ラーメン ゆず塩＆鶏だし醤油セット(2種×各5個 計10個)(ゆず塩/鶏だし醤油)(常温保存)(即席袋麺)","","244610","208911","7 %","1","1","1","15","","4.1","8","1,498","1,498","0 %","SanLana Groceries (81%) / A3IKGNQJW3JYQ5","no","","","1,242","","","100 %","7","7","1,498","1,286","0 %","","1,242","","-","1,498","1,498","0 %","SanLana Groceries (81%) / A3IKGNQJW3JYQ5","1,150","1,150","0 %","1","1","0 %","https://www.amazon.co.jp/dp/B0DGPN4Q9X","https://keepa.com/#!product/5-B0DGPN4Q9X","食品・飲料・お酒","ラーメン","食品・飲料・お酒 › 麺類・パスタ › ラーメン","B0DGPN4Q9X","2409100000022","五木食品","五木食品","1","1","2024-09-10","26.6","21.7","16.7","1080","","","","","","no","","","0 %","0 %","0 %","10 %","100 %","100 %","100 %","10 %","1","1","1","2","-","-","97","6","6","5"
"https://m.media-amazon.com/images/I/71qAVUuBK5L.jpg;https://m.media-amazon.com/images/I/61PbLBPt9NL.jpg;https://m.media-amazon.com/images/I/71g5hZGOJcL.jpg;https://m.media-amazon.com/images/I/61V0+o8RktL.jpg;https://m.media-amazon.com/images/I/613LM1XLDWL.jpg","五木食品 半生冷し中華 252g×4個(常温保存商品)","","244768","267976","-21 %","1","3","3","3","","4.1","4","1,591","1,582","","-","no","","","","","","100 %","1","1","1,582","1,582","","","","","-","1,582","1,582","","-","1,008","1,008","0 %","1","1","","https://www.amazon.co.jp/dp/B0BTYCR1TL","https://keepa.com/#!product/5-B0BTYCR1TL","食品・飲料・お酒","冷麺","食品・飲料・お酒 › 麺類・パスタ › 冷麺","B0BTYCR1TL","2302060000142","五木食品","五木食品","4","4","2023-03-01","37.8","32.5","4","1100","4","","","","252","no","","","0 %","0 %","0 %","0 %","47 %","82 %","82 %","82 %","1","1","1","1","33","15","15","7","8","6"
"https://m.media-amazon.com/images/I/61MNO3WsOkL.jpg;https://m.media-amazon.com/images/I/615UdfsxOtL.jpg","五木食品 ざるラーメン 超レモン 2人前×6袋","","250628","250628","-12 %","1","5","5","5","","","","2,261","2,253","0 %","ジャパネットKN【適格請求書発行事業者】 (86%) / A3IRAE6MWRQR5Y","no","","","","","","100 %","1","1","2,253","2,253","0 %","","","","-","2,253","2,253","","-","0","0","0 %","2","2","0 %","https://www.amazon.co.jp/dp/B0H28JRSYR","https://keepa.com/#!product/5-B0H28JRSYR","食品・飲料・お酒","ラーメン","食品・飲料・お酒 › 麺類・パスタ › ラーメン","B0H28JRSYR","4901726015766","五木食品","五木食品","6","","","28","18.6","9.5","1600","6","28","9.5","18.6","1600","no","","","0 %","0 %","0 %","0 %","89 %","83 %","83 %","83 %","2","2","2","2","25","15","8","8","8","4"
"https://m.media-amazon.com/images/I/71hefepqXzL.jpg;https://m.media-amazon.com/images/I/71x4DL0hx1L.jpg;https://m.media-amazon.com/images/I/71PKh0KZTGL.jpg;https://m.media-amazon.com/images/I/61syVU-BZPL.jpg;https://m.media-amazon.com/images/I/61aszz8FjSL.jpg","五木食品 五木庵スンドゥブチゲ風うどん 244g ×10個 (電子レンジ調理可能)(生タイプ即席麵)","","250769","200943","-4 %","0","0","0","23","","3.6","5","","","","-","no","","","1,864","","","100 %","1","1","","1,826","","","1,891","","-","","","","-","1,760","1,760","0 %","","1","","https://www.amazon.co.jp/dp/B0CDLHTL36","https://keepa.com/#!product/5-B0CDLHTL36","食品・飲料・お酒","うどん","食品・飲料・お酒 › 麺類・パスタ › うどん","B0CDLHTL36","2308030000037","五木食品","五木食品","10","10","2023-09-15","37.8","27","6.2","2600","10","","","","244","no","","","0 %","0 %","0 %","20 %","0 %","0 %","0 %","20 %","0","0","0","1","-","-","66","5","5","35"
"https://m.media-amazon.com/images/I/61pUHp4ofpL.jpg;https://m.media-amazon.com/images/I/61jsAqnLSoL.jpg;https://m.media-amazon.com/images/I/51YvtnDzzsL.jpg;https://m.media-amazon.com/images/I/71VSXTzWYiL.jpg;https://m.media-amazon.com/images/I/61byPF11WxL.jpg","五木食品 早煮えうどん 360g ×20個","","261682","223709","-2 %","1","4","11","29","","5","1","5,566","5,104","-2 %","Amazon","yes","5,194","5,104","5,548","-2 %","","0 %","0","0","5,084","5,435","-2 %","3,553","4,426","","-","","","","-","5,572","5,720","0 %","1","1","0 %","https://www.amazon.co.jp/dp/B07XKZ9KD3?psc=1","https://keepa.com/#!product/5-B07XKZ9KD3","食品・飲料・お酒","ラーメン","食品・飲料・お酒 › 麺類・パスタ › ラーメン","B07XKZ9KD3","4901726040911","五木食品","五木食品","20","20","","36.8","22.4","13.2","7760","1","","","","","yes","","","100 %","100 %","100 %","99 %","100 %","100 %","100 %","99 %","1","1","1","2","344","602","537","9","9","27"
"https://m.media-amazon.com/images/I/61K0GCTzXnL.jpg","五木食品 日田風焼そば 362g×18袋入","","263749","246796","-22 %","1","1","1","2","","4.6","2","4,780","4,780","","-","no","","","","","","100 %","1","1","4,780","4,795","","","","","-","4,780","4,800","","-","","","","3","3","","https://www.amazon.co.jp/dp/B00600H9F8","https://keepa.com/#!product/5-B00600H9F8","食品・飲料・お酒","麺類・パスタギフト","食品・飲料・お酒 › グルメギフト › 麺類・パスタギフト","B00600H9F8","","","五木食品","1","18","","42.6","27.8","17","7353","18","","","","362","no","","","0 %","0 %","0 %","0 %","39 %","39 %","35 %","33 %","2","3","3","3","-","-","59","8","8","8"
"https://m.media-amazon.com/images/I/81ae1uq3F4L.jpg;https://m.media-amazon.com/images/I/71YZYiOuotL.jpg;https://m.media-amazon.com/images/I/71polZt5OcL.jpg;https://m.media-amazon.com/images/I/71zhJU3JjAL.jpg;https://m.media-amazon.com/images/I/71lsRNIVPKL.jpg;https://m.media-amazon.com/images/I/71Rfv7zm5BL.jpg","五木食品 ざるラーメン食べ比べアソートセット(5種×各2個 計10個)(和風しょうゆ/ごまだれ/辛みそ/超レモン/超ホット)(セット商品)","","264694","216705","-2 %","0","0","0","23","","3","3","","","","-","no","","","2,490","","","100 %","1","1","","2,104","","","2,486","","-","","","","-","3,230","3,230","0 %","","2","","https://www.amazon.co.jp/dp/B0F6C7XZMZ","https://keepa.com/#!product/5-B0F6C7XZMZ","食品・飲料・お酒","ラーメン","食品・飲料・お酒 › 麺類・パスタ › ラーメン","B0F6C7XZMZ","2504230000017","五木食品","五木食品","1","10","2025-04-01","26.1","21.7","16.9","3110","","","","","","no","","","0 %","0 %","0 %","17 %","0 %","0 %","0 %","17 %","0","0","0","1","-","-","292","5","5","49"
"https://m.media-amazon.com/images/I/51LLVOVMezL.jpg","五木食品 中華細麺 280g×20個入","","265255","292294","-8 %","1","3","7","12","","5","1","3,960","3,960","","-","no","","","","","","100 %","1","1","3,960","3,982","","","","","-","3,960","3,995","","-","","","","9","7","","https://www.amazon.co.jp/dp/B0CX8Q43HQ","https://keepa.com/#!product/5-B0CX8Q43HQ","食品・飲料・お酒","冷凍麺・パスタ","食品・飲料・お酒 › 冷凍食品 › 冷凍麺・パスタ","B0CX8Q43HQ","4901726013120","五木食品","五木食品","20","20","","","","","","20","","","","","no","","","0 %","0 %","0 %","0 %","43 %","44 %","44 %","49 %","2","4","4","5","-","-","95","8","8","12"
"https://m.media-amazon.com/images/I/61ofDLAiLXL.jpg","五木食品 濃厚とまと ラーメン 120g×20個入×(2ケース)","","270544","353482","-40 %","0","4","4","12","","","","5,538","5,538","","-","no","","","","","","100 %","1","1","5,538","5,556","","","","","-","5,538","5,559","","-","","","","8","5","","https://www.amazon.co.jp/dp/B0CX8FNCNB","https://keepa.com/#!product/5-B0CX8FNCNB","食品・飲料・お酒","ラーメン","食品・飲料・お酒 › 麺類・パスタ › ラーメン","B0CX8FNCNB","4901726014677","五木食品","五木食品","40","40","","","","","","40","","","","120","no","","","0 %","0 %","0 %","0 %","55 %","37 %","43 %","41 %","3","5","5","6","-","-","66","8","8","8"
"","五木食品 あんかけラーメン 414g ×18個","","270553","270553","","0","0","0","0","","","","","","","-","no","","","","","","100 %","1","1","","","","","","","-","","","","-","","","","","","","https://www.amazon.co.jp/dp/B0BWKX32QN?psc=1","https://keepa.com/#!product/5-B0BWKX32QN","食品・飲料・お酒","ラーメン","食品・飲料・お酒 › 麺類・パスタ › ラーメン","B0BWKX32QN","","","五木食品","","","","","","","","0","","","","","no","","","0 %","0 %","0 %","0 %","0 %","0 %","0 %","0 %","0","0","0","0","-","-","-","","",""
"https://m.media-amazon.com/images/I/614uPqRhqPL.jpg;https://m.media-amazon.com/images/I/71o0Rh9FAsL.jpg;https://m.media-amazon.com/images/I/71lE-DCNFGL.jpg;https://m.media-amazon.com/images/I/61tv4XrZ9oL.jpg","五木食品 タカモリ 香るトマト&ガーリックナポリタン 174g×10個 (電子レンジ調理可能)(生タイプ即席麵)(常温保存)","","274822","250655","-31 %","1","2","6","6","","","","1,447","1,434","-1 %","Amazon","yes","1,447","1,434","1,425","-1 %","","0 %","0","0","1,433","1,425","-1 %","1,230","1,230","","-","","","","-","1,340","1,340","0 %","1","1","0 %","https://www.amazon.co.jp/dp/B0GLNQ63F4","https://keepa.com/#!product/5-B0GLNQ63F4","食品・飲料・お酒","フレッシュパスタ","食品・飲料・お酒 › 惣菜・チルド食品 › フレッシュパスタ","B0GLNQ63F4","2601270000059","五木食品","五木食品","10","10","2026-03-02","25.8","25.6","8.4","1880","","","","","","no","","","100 %","100 %","100 %","100 %","100 %","100 %","100 %","100 %","1","1","1","1","-","51","36","4","49","17"
"https://m.media-amazon.com/images/I/71C+ylovuJL.jpg;https://m.media-amazon.com/images/I/51n+uWY9VBL.jpg","【3袋セット】 五木食品 おいしい冷し中華 ごまだれ 220g × 3袋","","275023","221133","-20 %","0","2","3","33","","5","2","1,292","1,311","2 %","ジャパネットKN【適格請求書発行事業者】 (86%) / A3IRAE6MWRQR5Y","no","","","","","","100 %","1","1","1,302","897","2 %","","","","-","1,302","899","2 %","ジャパネットKN【適格請求書発行事業者】 (86%) / A3IRAE6MWRQR5Y","","","","1","2","0 %","https://www.amazon.co.jp/dp/B07T4NBZTL","https://keepa.com/#!product/5-B07T4NBZTL","食品・飲料・お酒","冷麺","食品・飲料・お酒 › 麺類・パスタ › 冷麺","B07T4NBZTL","4901726013564","","五木食品","1","3","","22.9","7.6","2.3","640","3","","","","","no","","","0 %","0 %","0 %","0 %","38 %","51 %","59 %","26 %","2","2","2","7","21","24","345","7","8","60"
"https://m.media-amazon.com/images/I/41Rbt5bI6CL.jpg","五木食品 五木庵チャンポン 170g×20入","","275642","291555","7 %","2","4","6","11","","4.2","9","3,140","3,140","0 %","プレミアコンタクト_インボイス対応 (59%) / A1R6WV6NFQNZUO","no","","","","","","100 %","1","1","3,140","3,148","0 %","","","","-","3,140","3,160","0 %","プレミアコンタクト_インボイス対応 (59%) / A1R6WV6NFQNZUO","","","","6","5","83 %","https://www.amazon.co.jp/dp/B00OCF8UQA","https://keepa.com/#!product/5-B00OCF8UQA","食品・飲料・お酒","麺類・パスタ","食品・飲料・お酒 › 麺類・パスタ","B00OCF8UQA","4901726005620","五木食品","五木食品","1","20","","","","","","20","","","","170","no","","","0 %","0 %","0 %","0 %","43 %","32 %","33 %","37 %","4","5","5","5","-","-","58","8","8","11"
"https://m.media-amazon.com/images/I/515Tbhip2GL.jpg","五木食品 鍋焼味噌煮込みうどん 249g×18個入","","276427","217767","-3 %","0","0","9","30","","3.7","16","","","","-","no","","","","","","100 %","1","1","","4,007","","","","","-","","4,009","","-","","","","","5","","https://www.amazon.co.jp/dp/B00OCDX0W6","https://keepa.com/#!product/5-B00OCDX0W6","食品・飲料・お酒","うどん","食品・飲料・お酒 › 麺類・パスタ › うどん","B00OCDX0W6","4901726013397","","五木食品","1","18","","55.4","37.4","13.8","4760","18","","","","249","no","","","0 %","0 %","0 %","0 %","0 %","0 %","16 %","23 %","0","0","4","4","-","-","71","5","5","7"
"https://m.media-amazon.com/images/I/71cDOPZwo+L.jpg;https://m.media-amazon.com/images/I/61ZWs1nOe9L.jpg;https://m.media-amazon.com/images/I/71aUsBnDZLL.jpg;https://m.media-amazon.com/images/I/618p1DZs5WL.jpg","タカモリ 旨辛アラビアータスパゲティ 185g 10個 (電子レンジ調理可能)(生タイプ即席麵)","","279857","220333","16 %","0","2","7","28","","","","1,447","1,447","0 %","Amazon","yes","1,447","1,447","1,436","0 %","4","0 %","1","1","1,447","1,417","0 %","","1,187","","-","","","","-","1,340","1,347","0 %","1","1","0 %","https://www.amazon.co.jp/dp/B0F2F5GG6Z?psc=1","https://keepa.com/#!product/5-B0F2F5GG6Z","食品・飲料・お酒","パスタ","食品・飲料・お酒 › 麺類・パスタ › パスタ","B0F2F5GG6Z","2503240000079","五木食品","五木食品","10","10","2025-03-03","31.4","26.3","7.8","2000","","","","","","no","","","100 %","100 %","93 %","94 %","100 %","100 %","93 %","94 %","1","1","1","1","-","-","43","4","4","32"
"","五木食品 ざるラーメン辛みそ 266g ×12個","","285053","285053","","0","0","0","0","","","","","","","-","no","","","","","","100 %","1","1","","","","","","","-","","","","-","","","","","","","https://www.amazon.co.jp/dp/B0BKL9SV2Y","https://keepa.com/#!product/5-B0BKL9SV2Y","食品・飲料・お酒","ラーメン","食品・飲料・お酒 › 麺類・パスタ › ラーメン","B0BKL9SV2Y","","","五木食品","","","","","","","","0","","","","","no","","","0 %","0 %","0 %","0 %","0 %","0 %","0 %","0 %","0","0","0","0","-","-","-","","",""
"https://m.media-amazon.com/images/I/81IKJVyVgqL.jpg","五木食品 彩菜ひやむぎ 320g×20袋入","","287131","415215","-35 %","1","3","4","4","","5","2","4,838","4,838","","-","no","","","","","","100 %","1","1","4,838","4,838","","","","","-","4,838","4,838","","-","","","","1","1","","https://www.amazon.co.jp/dp/B08BHSQ2D2","https://keepa.com/#!product/5-B08BHSQ2D2","食品・飲料・お酒","そうめん・ひやむぎ","食品・飲料・お酒 › 麺類・パスタ › そうめん・ひやむぎ","B08BHSQ2D2","4901726014769","五木食品","五木食品","20","20","","","","","","20","","","","320","no","","","0 %","0 %","0 %","0 %","66 %","89 %","92 %","90 %","1","1","1","1","-","-","-","8","8","8"
"https://m.media-amazon.com/images/I/71ZZfQcxGBL.jpg;https://m.media-amazon.com/images/I/714jttByCpL.jpg;https://m.media-amazon.com/images/I/71YZYiOuotL.jpg;https://m.media-amazon.com/images/I/71polZt5OcL.jpg;https://m.media-amazon.com/images/I/71zhJU3JjAL.jpg;https://m.media-amazon.com/images/I/71weCnRpb8L.jpg","五木食品 ざるラーメン食べ比べアソートセット(4種×各2個 計8個)食べ比べセット(和風しょうゆ/ごまだれ/辛みそ/えび塩)(セット商品)(常温保存商品)","","292032","253527","-24 %","0","0","0","0","","4","23","","","","-","no","","","","","","100 %","1","1","","","","","","","-","","","","-","2,584","2,584","0 %","","","","https://www.amazon.co.jp/dp/B0BV1X2W97","https://keepa.com/#!product/5-B0BV1X2W97","食品・飲料・お酒","ラーメン","食品・飲料・お酒 › 麺類・パスタ › ラーメン","B0BV1X2W97","2302070000026","五木食品","五木食品","1","1","2023-03-17","26.2","21.8","16.9","2500","0","","","","2500","no","","","0 %","0 %","0 %","0 %","0 %","0 %","0 %","0 %","0","0","0","0","-","-","-","5","5","5"
"https://m.media-amazon.com/images/I/61IReqtcz4L.jpg","五木食品 鍋焼カレーうどん 220g×18個","","294883","314480","2 %","1","4","4","10","","4","3","3,800","3,800","0 %","プレミアコンタクト_インボイス対応 (59%) / A1R6WV6NFQNZUO","no","","","","","","100 %","1","1","3,800","3,792","0 %","","","","-","3,800","3,792","","-","","","","6","5","83 %","https://www.amazon.co.jp/dp/B00600GUIU","https://keepa.com/#!product/5-B00600GUIU","食品・飲料・お酒","うどん","食品・飲料・お酒 › 麺類・パスタ › うどん","B00600GUIU","","","五木食品","18","18","","56","37","13.8","5198","18","","","","220","no","","","0 %","0 %","0 %","0 %","76 %","28 %","29 %","31 %","2","6","6","7","-","-","51","8","8","8"
"https://m.media-amazon.com/images/I/312QKdC+aqL.jpg","五木食品 無塩づくり山芋入りそば 320g×20袋入","","296182","367374","-16 %","1","3","3","4","","4.2","3","6,366","6,366","","-","no","","","","","","100 %","1","1","6,366","6,372","","","","","-","6,366","6,366","","-","","","","4","4","","https://www.amazon.co.jp/dp/B01N9013DB","https://keepa.com/#!product/5-B01N9013DB","食品・飲料・お酒","そば","食品・飲料・お酒 › 麺類・パスタ › そば","B01N9013DB","4901726013571","五木食品","五木食品","1","20","","","","","","20","","","","320","no","","","0 %","0 %","0 %","0 %","53 %","84 %","92 %","93 %","1","1","1","3","-","-","33","7","8","8"
"https://m.media-amazon.com/images/I/21TuBHD3cIL.jpg","五木食品 五木庵 カレーうどん 220g 40個 (20個×2箱)","","299891","632526","-84 %","0","0","0","1","","","","5,874","5,874","","-","no","","","","","","100 %","1","1","5,874","5,874","","","","","-","5,874","5,874","","-","","","","1","1","","https://www.amazon.co.jp/dp/B08N6FKDXH","https://keepa.com/#!product/5-B08N6FKDXH","食品・飲料・お酒","ラーメン","食品・飲料・お酒 › 麺類・パスタ › ラーメン","B08N6FKDXH","4901726005576","五木食品","五木食品","1","","","","","","220","40","","","","","no","","","0 %","0 %","0 %","0 %","100 %","100 %","100 %","100 %","1","1","1","1","-","-","-","8","8","8"
"https://m.media-amazon.com/images/I/81kFVy5bTwL.jpg;https://m.media-amazon.com/images/I/91w5ElToMXL.jpg;https://m.media-amazon.com/images/I/81v0JXY+xML.jpg","五木食品 鍋焼うどん2種セット(2種×各6個 計12個)(わかめごま/ねぎ塩)(常温保存)(即席袋麺)","","302833","292645","-16 %","0","0","0","0","","","","","","","-","no","","","","","","100 %","5","5","","","","","","","-","","","","-","1,580","1,580","0 %","","","","https://www.amazon.co.jp/dp/B0DGPKF9RT","https://keepa.com/#!product/5-B0DGPKF9RT","食品・飲料・お酒","うどん","食品・飲料・お酒 › 麺類・パスタ › うどん","B0DGPKF9RT","2409100000039","五木食品","五木食品","1","1","2024-09-10","55","37","17","3200","","","","","","no","","","0 %","0 %","0 %","0 %","0 %","0 %","0 %","0 %","0","0","0","0","-","-","-","5","5","5"
"https://m.media-amazon.com/images/I/51ZU84Y6ewL.jpg","３食ナポリタン","","314683","444618","-49 %","0","3","3","4","","3.9","9","780","780","0 %","ジャパネットKN【適格請求書発行事業者】 (86%) / A3IRAE6MWRQR5Y","no","","","","","","100 %","1","1","780","794","0 %","","","","-","780","1,000","","-","","","","2","1","50 %","https://www.amazon.co.jp/dp/B00NUZQHUE","https://keepa.com/#!product/5-B00NUZQHUE","食品・飲料・お酒","パスタソース","食品・飲料・お酒 › レトルト・料理の素 › 料理の素 › パスタソース","B00NUZQHUE","4901726012413","","五木食品","3","","","29.4","13.9","6","510","1","","","","","no","","","0 %","0 %","0 %","0 %","77 %","92 %","48 %","57 %","1","1","2","2","-","-","161","8","8","7"
"https://m.media-amazon.com/images/I/71Tp34JM6nL.jpg;https://m.media-amazon.com/images/I/71LYaV5czWL.jpg;https://m.media-amazon.com/images/I/71NqUH72dIL.jpg;https://m.media-amazon.com/images/I/71piaH1AbwL.jpg;https://m.media-amazon.com/images/I/71sQEa2eNHL.jpg","五木食品 生タイプ即席麺アソートセット(3種×各2個 計6個、スープ付うどん・焼そば・塩焼そば) [常温保存]","","316750","279220","-24 %","0","0","0","0","","4.4","7","","","","-","no","","","","","","100 %","1","1","","","","","","","-","","","","-","1,740","1,740","0 %","","","","https://www.amazon.co.jp/dp/B0BV1WGTF5","https://keepa.com/#!product/5-B0BV1WGTF5","食品・飲料・お酒","麺類・パスタ","食品・飲料・お酒 › 麺類・パスタ","B0BV1WGTF5","2302070000033","五木食品","五木食品","1","1","2023-03-17","26.1","21.7","16.7","3520","0","","","","477","no","","","0 %","0 %","0 %","0 %","0 %","0 %","0 %","0 %","0","0","0","0","-","-","-","5","5","5"
"https://m.media-amazon.com/images/I/81tgn2HkqhL.jpg;https://m.media-amazon.com/images/I/71qWPHeeNxL.jpg;https://m.media-amazon.com/images/I/71xedC28baL.jpg;https://m.media-amazon.com/images/I/616LXJt5luL.jpg;https://m.media-amazon.com/images/I/61DKCtNgB4L.jpg","五木食品 旨辛肉だしそば 230g 6個 (つゆ付乾麺) (2食入)","","318959","265832","-6 %","0","0","0","9","","4.3","3","","","","-","no","","","1,889","","","100 %","1","1","","1,889","","","1,892","","-","","","","-","2,281","2,281","0 %","","1","","https://www.amazon.co.jp/dp/B0CX1L29D8","https://keepa.com/#!product/5-B0CX1L29D8","食品・飲料・お酒","ラーメン","食品・飲料・お酒 › 麺類・パスタ › ラーメン","B0CX1L29D8","2403040000029","五木食品","五木食品","6","6","2024-03-01","29.3","27.8","5.9","1510","","","","","230","no","","","0 %","0 %","0 %","22 %","0 %","0 %","0 %","22 %","0","0","0","1","-","-","41","5","5","8"
"https://m.media-amazon.com/images/I/71lLQDR46VL.jpg;https://m.media-amazon.com/images/I/81crpec+uFL.jpg;https://m.media-amazon.com/images/I/71a0kiQwJHL.jpg;https://m.media-amazon.com/images/I/71qWPHeeNxL.jpg;https://m.media-amazon.com/images/I/61DKCtNgB4L.jpg","五木食品 鴨だしそば/旨辛肉だしそば(2種×各3個)(セット商品)(つゆ付乾麺)","","322218","267737","-5 %","0","0","0","11","","3.6","2","","","","-","no","","","2,063","","","100 %","1","1","","2,063","","","2,072","","-","","","","-","","","","","1","","https://www.amazon.co.jp/dp/B0CY2BSZRD","https://keepa.com/#!product/5-B0CY2BSZRD","食品・飲料・お酒","そば","食品・飲料・お酒 › 麺類・パスタ › そば","B0CY2BSZRD","2403140000035","五木食品","五木食品","1","1","2024-03-28","26.2","21.6","16.7","1670","","","","","","no","","","0 %","0 %","0 %","24 %","0 %","0 %","0 %","24 %","0","0","0","1","-","-","34","5","5","5"
"https://m.media-amazon.com/images/I/71qKL9RI3xL.jpg;https://m.media-amazon.com/images/I/71BiRm8gZ8L.jpg;https://m.media-amazon.com/images/I/71oVgmqOCIL.jpg;https://m.media-amazon.com/images/I/71cDIuNNcQL.jpg;https://m.media-amazon.com/images/I/719MVuNen6L.jpg;https://m.media-amazon.com/images/I/71cgp7YkyUL.jpg;https://m.media-amazon.com/images/I/718erYCYWLL.jpg","五木食品 半生シリーズパーフェクトセット(冷やし中華/ごまだれ/ざるそば/冷し麺ゆずしょうが/冷し麺花椒)5種×各2個(セット商品)(常温保存)","","322376","286642","-8 %","0","0","0","0","","4.4","2","","","","-","no","","","","","","100 %","1","1","","","","","","","-","","","","-","2,668","2,668","0 %","","","","https://www.amazon.co.jp/dp/B0CY28RZDX","https://keepa.com/#!product/5-B0CY28RZDX","食品・飲料・お酒","冷麺","食品・飲料・お酒 › 麺類・パスタ › 冷麺","B0CY28RZDX","2404020000053","五木食品","五木食品","1","1","2024-03-28","29.7","25.5","16.7","2860","","","","","","no","","","0 %","0 %","0 %","0 %","0 %","0 %","0 %","0 %","0","0","0","0","-","-","-","5","5","5"
"https://m.media-amazon.com/images/I/81zY8r3gigL.jpg;https://m.media-amazon.com/images/I/81rhZtdttmL.jpg","五木食品 鍋焼チャンポン 170g×6個","","322659","267012","-8 %","0","0","7","15","","3.8","12","","","","-","no","","","1,805","","","100 %","1","1","","1,758","","","","","-","","1,762","","-","1,704","1,731","0 %","","5","","https://www.amazon.co.jp/dp/B01268WF10","https://keepa.com/#!product/5-B01268WF10","食品・飲料・お酒","ラーメン","食品・飲料・お酒 › 麺類・パスタ › ラーメン","B01268WF10","4901726013427","五木食品","五木食品","6","6","2015-08-01","43.2","23.7","13.6","1238","6","","","","170","no","","","0 %","0 %","17 %","12 %","0 %","0 %","17 %","24 %","0","0","4","4","-","-","33","5","5","6"
"https://m.media-amazon.com/images/I/31O3rb060IL.jpg","五木食品 火の国熊本とんこつラーメン250g〔2人前〕×20／箱〔ケース〕","","325175","263730","-15 %","0","1","3","14","","5","12","5,174","5,176","","-","no","","","","","","100 %","1","1","5,168","5,073","0 %","","","","-","5,168","5,074","","-","","","","7","6","86 %","https://www.amazon.co.jp/dp/B0074Z547S","https://keepa.com/#!product/5-B0074Z547S","食品・飲料・お酒","ラーメン","食品・飲料・お酒 › 麺類・パスタ › ラーメン","B0074Z547S","4901726003763","五木食品","五木食品","1","20","","35.8","23.7","11.6","5605","20","","","","250","no","","","0 %","0 %","0 %","0 %","56 %","70 %","39 %","62 %","1","5","6","7","15","9","129","7","8","8"
"https://m.media-amazon.com/images/I/81YgrPrLupL.jpg;https://m.media-amazon.com/images/I/716iFmVkoOL.jpg;https://m.media-amazon.com/images/I/715Mb6L497L.jpg;https://m.media-amazon.com/images/I/71B8JZ9MJJL.jpg;https://m.media-amazon.com/images/I/71p5eXB5M-L.jpg;https://m.media-amazon.com/images/I/71pVwco-TYL.jpg;https://m.media-amazon.com/images/I/71OcgyKc8XL.jpg","五木食品 1食棒状ラーメン食べ比べアソートセット(5種×各2個 計10個)(熊本もっこす/熊本赤辛/濃厚とまと/えび味噌/辛麺)(セット商品)","","325440","247831","-44 %","0","0","0","1","","4.2","24","","","","-","no","","","","","","100 %","1","1","","","","","","","-","","","","-","1,860","1,860","0 %","","","","https://www.amazon.co.jp/dp/B0BV1W3MD7","https://keepa.com/#!product/5-B0BV1W3MD7","食品・飲料・お酒","ラーメン","食品・飲料・お酒 › 麺類・パスタ › ラーメン","B0BV1W3MD7","2302070000040","五木食品","五木食品","1","1","2023-03-17","25.9","22","16.9","1560","0","","","","1560","no","","","0 %","0 %","0 %","0 %","0 %","0 %","0 %","0 %","0","0","0","0","-","-","-","5","5","5"
"https://m.media-amazon.com/images/I/61MVassE2uL.jpg;https://m.media-amazon.com/images/I/51snLNYqoQL.jpg","五木食品 鶏だし醤油ラーメン 1人前×10袋","","327313","327313","-18 %","1","1","1","1","","","","1,632","1,701","12 %","SanLana Groceries (81%) / A3IKGNQJW3JYQ5","no","","","","","","100 %","1","1","1,701","1,701","12 %","","","","-","1,701","1,701","12 %","SanLana Groceries (81%) / A3IKGNQJW3JYQ5","0","0","0 %","1","1","-100 %","https://www.amazon.co.jp/dp/B0H2CK1QB4","https://keepa.com/#!product/5-B0H2CK1QB4","食品・飲料・お酒","ラーメン","食品・飲料・お酒 › 麺類・パスタ › ラーメン","B0H2CK1QB4","4901726015681","五木食品","五木食品","10","","","24.5","15","8.3","820","10","24.5","8.3","15","820","no","","","0 %","0 %","0 %","0 %","57 %","65 %","65 %","65 %","2","2","2","2","154","122","66","8","6","3"
"https://m.media-amazon.com/images/I/81wbLOUWtlL.jpg;https://m.media-amazon.com/images/I/81Jr2-HJSIL.jpg","五木食品 ざるラーメン和風しょうゆ 280g×12個","","328092","276566","-10 %","0","0","0","9","","4.6","16","4,280","4,280","0 %","SanLana Groceries (81%) / A3IKGNQJW3JYQ5","no","","","3,453","","","100 %","1","1","4,280","3,671","0 %","","3,456","","-","4,280","4,280","0 %","SanLana Groceries (81%) / A3IKGNQJW3JYQ5","3,876","3,876","0 %","1","1","0 %","https://www.amazon.co.jp/dp/B07S565MCM","https://keepa.com/#!product/5-B07S565MCM","食品・飲料・お酒","ラーメン","食品・飲料・お酒 › 麺類・パスタ › ラーメン","B07S565MCM","4901726009383","五木食品","五木食品","12","12","","31","27.2","13.4","3940","1","","","","280","no","","","0 %","0 %","0 %","12 %","100 %","100 %","100 %","12 %","1","1","1","2","-","-","370","7","6","5"
"https://m.media-amazon.com/images/I/71nFWZuAFzL.jpg;https://m.media-amazon.com/images/I/51FKTlIOEwL.jpg","【3袋セット】 五木食品 おいしい冷し中華 レモン風味 222g × 3袋","","328372","265391","-10 %","0","0","0","11","","3.9","16","","","","-","no","","","","","","100 %","1","1","","831","","","","","-","","1,040","","-","","","","","1","","https://www.amazon.co.jp/dp/B07T4HDMWL","https://keepa.com/#!product/5-B07T4HDMWL","食品・飲料・お酒","冷麺","食品・飲料・お酒 › 麺類・パスタ › 冷麺","B07T4HDMWL","4901726013557","","五木食品","666","3","","22.9","6.9","5.1","660","3","","","","222","no","","","0 %","0 %","0 %","0 %","0 %","0 %","0 %","8 %","0","0","0","3","-","-","180","5","5","52"
"https://m.media-amazon.com/images/I/41hJsvxvDQL.jpg","五木食品 ちっこいうどん 柚子風味 109g×12個入","","330704","293643","-13 %","0","1","5","11","","4","4","2,383","2,383","","-","no","","","","","","100 %","1","1","2,383","2,387","","","","","-","2,383","2,387","","-","","","","4","2","","https://www.amazon.co.jp/dp/B00D1S9M02","https://keepa.com/#!product/5-B00D1S9M02","食品・飲料・お酒","うどん","食品・飲料・お酒 › 麺類・パスタ › うどん","B00D1S9M02","4901726011027","五木食品","五木食品","1","12","","","","","","12","","","","109","no","","","0 %","0 %","0 %","0 %","66 %","89 %","94 %","69 %","1","1","1","1","-","-","11","8","8","8"
"https://m.media-amazon.com/images/I/8158HGzXUsL.jpg;https://m.media-amazon.com/images/I/81dZ8bnsvVL.jpg","五木食品 ざるラーメン辛みそ 266g×12個","","332682","273422","-6 %","0","0","0","11","","4.6","5","","","","-","no","","","3,233","","","100 %","1","1","","3,017","","","3,362","","-","","2,828","","-","3,876","3,876","0 %","","1","","https://www.amazon.co.jp/dp/B07S43WB6N","https://keepa.com/#!product/5-B07S43WB6N","食品・飲料・お酒","ラーメン","食品・飲料・お酒 › 麺類・パスタ › ラーメン","B07S43WB6N","4901726009406","五木食品","五木食品","12","12","","31.2","27.4","13","3820","1","","","","266","no","","","0 %","0 %","0 %","18 %","0 %","0 %","0 %","18 %","0","0","0","2","-","-","256","5","5","44"
"https://m.media-amazon.com/images/I/61p6oMR1TuL.jpg;https://m.media-amazon.com/images/I/51RbKe4JTcL.jpg;https://m.media-amazon.com/images/I/51jL4IC6t6L.jpg;https://m.media-amazon.com/images/I/618D6pSG5CL.jpg","五木食品 ちょい茶そば 120g 10個 (乾麺) (使い切り)","","334141","283581","-19 %","0","1","5","14","","5","1","","1,471","","-","no","","1,471","1,468","","","95 %","1","1","1,471","1,466","","","1,544","","-","","","","-","1,450","1,450","0 %","1","1","","https://www.amazon.co.jp/dp/B0F2DL537Y","https://keepa.com/#!product/5-B0F2DL537Y","食品・飲料・お酒","そば","食品・飲料・お酒 › 麺類・パスタ › そば","B0F2DL537Y","2503240000031","五木食品","五木食品","10","10","2025-03-03","22.6","20.5","3.7","1220","","","","","","no","","","0 %","5 %","52 %","75 %","0 %","5 %","52 %","75 %","0","1","1","1","-","-","68","5","5","26"
"https://m.media-amazon.com/images/I/61uLV6pExbL.jpg","五木食品 中華めん 250g×20袋入","","334435","360057","-15 %","0","2","2","6","","4.8","3","3,894","3,891","0 %","プレミアコンタクト_インボイス対応 (59%) / A1R6WV6NFQNZUO","no","","","","","","100 %","1","1","3,890","3,940","0 %","","","","-","3,891","3,948","","-","","","","6","5","83 %","https://www.amazon.co.jp/dp/B07B3M588K","https://keepa.com/#!product/5-B07B3M588K","食品・飲料・お酒","麺類・パスタ","食品・飲料・お酒 › 麺類・パスタ","B07B3M588K","4901726014363","五木食品","五木食品","1","20","","","","","","20","","","","250","no","","","0 %","0 %","0 %","0 %","49 %","32 %","27 %","34 %","4","6","7","9","24","14","132","8","8","12"
"https://m.media-amazon.com/images/I/618E+fKqEkL.jpg;https://m.media-amazon.com/images/I/614FMRDeEaL.jpg","五木食品 贅沢鍋焼 焼あごだしうどん 269g","","335274","313452","-6 %","0","0","0","0","","2.8","2","","","","-","no","","","","","","100 %","1","1","","","","","","","-","","","","-","259","259","0 %","","","","https://www.amazon.co.jp/dp/B07FVD8PX6","https://keepa.com/#!product/5-B07FVD8PX6","食品・飲料・お酒","うどん","食品・飲料・お酒 › 麺類・パスタ › うどん","B07FVD8PX6","4901726014417","五木食品","五木食品","1","1","2018-08-20","19.5","19.5","5.5","300","1","","","","","no","","","0 %","0 %","0 %","0 %","0 %","0 %","0 %","0 %","0","0","0","0","-","-","-","5","5","5"
"https://m.media-amazon.com/images/I/81tFI3QMAGL.jpg;https://m.media-amazon.com/images/I/717jDEsYwML.jpg;https://m.media-amazon.com/images/I/719V7mefutL.jpg;https://m.media-amazon.com/images/I/715qUr1vJ5L.jpg;https://m.media-amazon.com/images/I/71Di2FlX7mL.jpg","五木食品 バターチキンカレースパゲティ 160g 10個 (電子レンジ調理可能) (常温保存商品)","","335651","278292","-5 %","0","0","0","8","","5","1","","","","-","no","","","1,711","","","100 %","1","1","","1,867","","","1,688","","-","","3,800","","-","1,860","1,860","0 %","","2","","https://www.amazon.co.jp/dp/B0CX1LCQ2Z","https://keepa.com/#!product/5-B0CX1LCQ2Z","食品・飲料・お酒","パスタ","食品・飲料・お酒 › 麺類・パスタ › パスタ","B0CX1LCQ2Z","2403040000036","五木食品","五木食品","10","10","2024-03-01","25.9","19.8","9.4","1740","","","","","160","no","","","0 %","0 %","0 %","21 %","0 %","0 %","0 %","21 %","0","0","0","1","-","-","33","5","5","5"
"https://m.media-amazon.com/images/I/518JrDRbgkL.jpg","五木食品 熊本もっこすラーメン 123g×20個入×(2ケース)","","337568","284998","52 %","1","2","3","11","","4.8","8","5,480","5,480","0 %","First Contact (79%) / A8A8J1IIL0YMB","no","","","","","","100 %","1","1","5,480","5,480","0 %","","","","-","5,480","5,480","","-","","","","10","9","80 %","https://www.amazon.co.jp/dp/B00R11T6K6","https://keepa.com/#!product/5-B00R11T6K6","食品・飲料・お酒","ラーメン","食品・飲料・お酒 › 麺類・パスタ › ラーメン","B00R11T6K6","4901726003176","五木食品","五木食品","1","2","","","","","","40","","","","123","no","","","0 %","0 %","0 %","0 %","84 %","92 %","56 %","33 %","2","3","4","6","-","-","62","8","8","8"
"https://m.media-amazon.com/images/I/51XjHTJFyAL.jpg","五木食品 五木庵 天ぷらうどん 214g×30個入","","339231","271528","19 %","1","1","3","14","","4.7","4","4,289","4,293","","-","no","","","","","","100 %","1","1","4,233","4,242","","","","","-","4,233","4,239","","-","","","","2","2","","https://www.amazon.co.jp/dp/B0772QF98N","https://keepa.com/#!product/5-B0772QF98N","食品・飲料・お酒","うどん","食品・飲料・お酒 › 麺類・パスタ › うどん","B0772QF98N","4901726014110","五木食品","五木食品","1","30","","","","","","30","","","","","no","","","0 %","0 %","0 %","0 %","61 %","81 %","50 %","45 %","2","2","2","2","26","22","35","8","8","8"
"https://m.media-amazon.com/images/I/71mGaHrvZ8L.jpg;https://m.media-amazon.com/images/I/71pXF+zrQZL.jpg;https://m.media-amazon.com/images/I/71KmjeWwfIL.jpg","【セット商品】五木食品　熊本もっこす＆えび味噌ラーメンセット","","341611","298821","-11 %","0","1","4","7","","5","1","3,520","3,509","-1 %","Amazon","yes","3,551","3,509","3,427","-1 %","1000","0 %","0","0","3,509","3,427","-1 %","","3,427","","-","","","","-","3,720","3,720","0 %","1","1","0 %","https://www.amazon.co.jp/dp/B09FHZF5LD","https://keepa.com/#!product/5-B09FHZF5LD","食品・飲料・お酒","ラーメン","食品・飲料・お酒 › 麺類・パスタ › ラーメン","B09FHZF5LD","2109030000221","五木食品","五木食品","2430","20","2021-09-07","26.3","21.6","16.9","2930","","","","","","yes","","","100 %","100 %","98 %","99 %","100 %","100 %","98 %","99 %","1","1","1","1","12","12","109","4","4","6"
"https://m.media-amazon.com/images/I/71OfIjOLPkL.jpg;https://m.media-amazon.com/images/I/71VgZ3bcPuL.jpg;https://m.media-amazon.com/images/I/61w8yHdMDcL.jpg;https://m.media-amazon.com/images/I/51oy9j79lWL.jpg;https://m.media-amazon.com/images/I/61XLqAfdLJL.jpg","五木食品 辛麺 124g×10個","","344397","281801","-14 %","0","0","0","0","","3.7","10","","","","-","no","","","","","","100 %","1","1","","","","","","","-","","","","-","1,860","1,860","0 %","","","","https://www.amazon.co.jp/dp/B0BTYD9RKS","https://keepa.com/#!product/5-B0BTYD9RKS","食品・飲料・お酒","ラーメン","食品・飲料・お酒 › 麺類・パスタ › ラーメン","B0BTYD9RKS","2302060000036","五木食品","五木食品","10","10","2023-03-08","26.4","19","6.8","1420","10","","","","124","no","","","0 %","0 %","0 %","0 %","0 %","0 %","0 %","0 %","0","0","0","0","-","-","-","5","5","5"
"https://m.media-amazon.com/images/I/718BfLkom0L.jpg;https://m.media-amazon.com/images/I/81crpec+uFL.jpg;https://m.media-amazon.com/images/I/71pAO86tjdL.jpg","五木食品 乾そば2種×各4個セット(鴨だしそば/山芋入り更科八割 計8個)(セット商品)","","346314","303134","-11 %","0","1","4","9","","3.9","12","2,848","2,859","0 %","Amazon","yes","2,861","2,859","2,835","0 %","","0 %","0","0","2,859","2,810","0 %","","2,750","","-","","","","-","2,964","2,964","0 %","1","1","0 %","https://www.amazon.co.jp/dp/B09CP5R7R5","https://keepa.com/#!product/5-B09CP5R7R5","食品・飲料・お酒","ラーメン","食品・飲料・お酒 › 麺類・パスタ › ラーメン","B09CP5R7R5","2108160000132","五木食品","五木食品","1872","8","2021-08-16","26.3","21.9","16.9","2180","1401","","","","2180","no","","","100 %","100 %","100 %","100 %","100 %","100 %","100 %","100 %","1","1","1","1","7","15","118","4","4","31"
"https://m.media-amazon.com/images/I/81nPK5akadL.jpg","五木食品 鍋焼ちゃんぽん 角鍋 170g×18個入","","348298","290340","-5 %","0","0","3","14","","4.8","5","","","","-","no","","","","","","100 %","1","1","","3,678","","","","","-","","3,686","","-","","","","","5","","https://www.amazon.co.jp/dp/B07SJB3ZX2","https://keepa.com/#!product/5-B07SJB3ZX2","食品・飲料・お酒","鍋の素","食品・飲料・お酒 › レトルト・料理の素 › 料理の素 › 鍋の素","B07SJB3ZX2","4901726013427","","五木食品","1","18","","","","","","18","","","","170","no","","","0 %","0 %","0 %","0 %","0 %","0 %","11 %","21 %","0","0","4","5","-","-","235","5","5","12"
"https://m.media-amazon.com/images/I/4192F26irWL.jpg","五木食品 業務用 田舎うどん 500g×20袋入","","349007","397711","-18 %","0","2","3","5","","","","7,679","7,678","","-","no","","","","","","100 %","1","1","7,678","7,675","","","","","-","7,678","7,676","","-","","","","3","3","","https://www.amazon.co.jp/dp/B08YDDC899","https://keepa.com/#!product/5-B08YDDC899","食品・飲料・お酒","うどん","食品・飲料・お酒 › 麺類・パスタ › うどん","B08YDDC899","4901726002704","五木食品","五木食品","20","20","","","","","","20","","","","500","no","","","0 %","0 %","0 %","0 %","49 %","41 %","46 %","37 %","3","3","3","3","-","1","2","8","8","8"
"https://m.media-amazon.com/images/I/61hMzHFIOXL.jpg;https://m.media-amazon.com/images/I/61Plyd2QqNL.jpg","五木食品 ざるラーメン 超梅 2人前×3袋","","353387","353387","-56 %","0","1","1","1","","","","1,541","1,543","0 %","Smile Spoon (96%) / ANX50H5BJ2R33","no","","","","","","100 %","1","1","1,543","1,543","0 %","","","","-","1,543","1,543","","-","0","0","0 %","1","1","0 %","https://www.amazon.co.jp/dp/B0H28WGDZZ","https://keepa.com/#!product/5-B0H28WGDZZ","食品・飲料・お酒","ラーメン","食品・飲料・お酒 › 麺類・パスタ › ラーメン","B0H28WGDZZ","4901726015933","五木食品","五木食品","3","","","28","9.5","9.3","810","3","28","9.5","9.3","810","no","","","0 %","0 %","0 %","0 %","100 %","100 %","100 %","100 %","1","1","1","1","-","2","1","8","8","4"
"https://m.media-amazon.com/images/I/51YU4M8pIHL.jpg","五木食品 スープ付うどん 生タイプ 210g×30個入×(2ケース)","","358806","346822","-16 %","0","2","3","12","","","","6,420","6,420","","-","no","","","","","","100 %","1","1","6,420","6,410","","","","","-","6,420","6,439","","-","","","","4","3","","https://www.amazon.co.jp/dp/B0829GXB2G","https://keepa.com/#!product/5-B0829GXB2G","食品・飲料・お酒","うどん","食品・飲料・お酒 › 麺類・パスタ › うどん","B0829GXB2G","4901726005125","五木食品","五木食品","1","30","","","","","","60","","","","210","no","","","0 %","0 %","0 %","0 %","66 %","89 %","94 %","60 %","1","1","1","5","-","-","302","8","8","8"
"https://m.media-amazon.com/images/I/71sTWbShmzL.jpg;https://m.media-amazon.com/images/I/61f2Pe+zqsL.jpg;https://m.media-amazon.com/images/I/71SnZLwzOAL.jpg;https://m.media-amazon.com/images/I/617h7J-ErBL.jpg;https://m.media-amazon.com/images/I/61nzFhaVDYL.jpg","五木食品 半生ざるそば 210g×4個(常温保存商品)","","359604","317679","-8 %","0","0","0","5","","3.4","2","","","","-","no","","","1,089","","","100 %","6","6","","1,089","","","1,089","","-","","","","-","1,008","1,008","0 %","","1","","https://www.amazon.co.jp/dp/B0BTYD2LZ9","https://keepa.com/#!product/5-B0BTYD2LZ9","食品・飲料・お酒","そば","食品・飲料・お酒 › 麺類・パスタ › そば","B0BTYD2LZ9","2302060000173","五木食品","五木食品","4","4","2023-03-01","31.6","21.8","7.8","960","4","","","","210","no","","","0 %","0 %","0 %","10 %","0 %","0 %","0 %","10 %","0","0","0","1","-","-","-","5","5","5"
"https://m.media-amazon.com/images/I/611rZdbHahL.jpg;https://m.media-amazon.com/images/I/612tDWhvv3L.jpg","五木食品 えび味噌ラーメン 120g×20袋入 〔1袋／1人前〕","","361238","400316","75 %","1","2","2","4","","","","3,184","3,187","0 %","プレミアコンタクト_インボイス対応 (59%) / A1R6WV6NFQNZUO","no","","","","","","100 %","1","1","3,188","3,191","0 %","","","","-","3,188","3,202","","-","0","0","0 %","6","6","83 %","https://www.amazon.co.jp/dp/B07XD135XZ","https://keepa.com/#!product/5-B07XD135XZ","食品・飲料・お酒","ラーメン","食品・飲料・お酒 › 麺類・パスタ › ラーメン","B07XD135XZ","4901726014899","五木食品","五木食品","1","1","","23","8","3","500","20","35.3","25.6","7.5","2800","no","","","0 %","0 %","0 %","0 %","35 %","29 %","32 %","41 %","4","6","6","7","11","6","51","8","8","8"
"https://m.media-amazon.com/images/I/31xDRycvVNL.jpg","五木食品 棒状鍋用ラーメン 195g×20個入","","361632","278106","-1 %","0","0","2","15","","5","1","","","","-","no","","","","","","100 %","1","1","","2,906","","","","","-","","2,900","","-","","","","","2","","https://www.amazon.co.jp/dp/B081G5HQ8C","https://keepa.com/#!product/5-B081G5HQ8C","食品・飲料・お酒","ラーメン","食品・飲料・お酒 › 麺類・パスタ › ラーメン","B081G5HQ8C","4901726014820","","五木食品","1","20","","","","","","20","","","","195","no","","","0 %","0 %","0 %","0 %","0 %","0 %","19 %","41 %","0","0","2","2","-","-","25","5","5","7"
"https://m.media-amazon.com/images/I/61tZtEf46JL.jpg;https://m.media-amazon.com/images/I/618fV99lL2L.jpg;https://m.media-amazon.com/images/I/51rh-+u7I3L.jpg","五木食品 ざるラーメン超ホット 260g 6個（乾麺）(常温保存)","","363474","313559","-6 %","0","0","0","6","","","","","","","-","no","","","1,594","","","100 %","1","1","","1,286","","","1,215","","-","","","","-","1,938","1,938","0 %","","1","","https://www.amazon.co.jp/dp/B0F2DX2KH2","https://keepa.com/#!product/5-B0F2DX2KH2","食品・飲料・お酒","ラーメン","食品・飲料・お酒 › 麺類・パスタ › ラーメン","B0F2DX2KH2","2503240000024","五木食品","五木食品","6","6","2025-03-03","31.3","26.7","5.6","1730","","","","","","no","","","0 %","0 %","0 %","10 %","0 %","0 %","0 %","10 %","0","0","0","2","-","-","289","5","5","41"
"https://m.media-amazon.com/images/I/414qJsiFVcL.jpg","五木食品 2コチャンポン 320g×18／箱〔ケース〕","","365684","331751","-4 %","1","1","1","12","","","","3,553","3,553","","-","no","","","","","","100 %","1","1","3,553","3,688","","","","","-","3,553","3,634","","-","","","","2","2","","https://www.amazon.co.jp/dp/B01N8VQZHA","https://keepa.com/#!product/5-B01N8VQZHA","食品・飲料・お酒","ラーメン","食品・飲料・お酒 › 麺類・パスタ › ラーメン","B01N8VQZHA","4901726005521","五木食品","五木食品","1","1","","","","","","18","","","","320","no","","","0 %","0 %","0 %","0 %","100 %","100 %","100 %","76 %","1","1","1","2","-","-","267","8","8","8"
"https://m.media-amazon.com/images/I/611QyUrUmFL.jpg;https://m.media-amazon.com/images/I/61Ra75n+EpL.jpg;https://m.media-amazon.com/images/I/61rNHtiiQ7L.jpg;https://m.media-amazon.com/images/I/61wrJffH2sL.jpg","五木食品 熟成素麺 540g ×15個","","367971","421966","75 %","1","2","3","4","","1","1","4,548","4,843","7 %","Amazon","yes","4,495","4,843","4,712","7 %","","0 %","0","0","4,843","4,717","7 %","","4,590","","-","","","","-","4,815","4,815","0 %","1","1","0 %","https://www.amazon.co.jp/dp/B07X6VPTRP","https://keepa.com/#!product/5-B07X6VPTRP","食品・飲料・お酒","そうめん・ひやむぎ","食品・飲料・お酒 › 麺類・パスタ › そうめん・ひやむぎ","B07X6VPTRP","4901726040966","五木食品","五木食品","15","15","","38.8","23.4","14.2","8760","1","","","","8400","yes","","","100 %","100 %","100 %","100 %","100 %","100 %","100 %","100 %","1","1","1","1","332","328","430","8","9","34"
"https://m.media-amazon.com/images/I/61Qqs64BI6L.jpg;https://m.media-amazon.com/images/I/51boeac6iOL.jpg;https://m.media-amazon.com/images/I/51CG578s9ML.jpg;https://m.media-amazon.com/images/I/51bWzEnZeWL.jpg","五木食品 ちょい彩りめん 120g 10個 (乾麺) (使い切り)","","374793","302611","-11 %","0","1","5","11","","","","","1,177","","-","no","","1,177","1,405","","","96 %","1","1","1,177","1,398","","","1,566","","-","","","","-","1,450","1,471","0 %","1","1","","https://www.amazon.co.jp/dp/B0F2DY8L6T","https://keepa.com/#!product/5-B0F2DY8L6T","食品・飲料・お酒","ラーメン","食品・飲料・お酒 › 麺類・パスタ › ラーメン","B0F2DY8L6T","2503250000014","五木食品","五木食品","10","10","2025-03-03","25.9","10","9.6","1250","","","","","","no","","","0 %","5 %","52 %","77 %","0 %","5 %","52 %","77 %","0","1","1","1","-","-","143","5","5","45"
"https://m.media-amazon.com/images/I/71cFGM7HfLL.jpg","五木食品 中華細麺 280g","","378750","413164","-32 %","0","2","3","4","","4.2","12","730","688","-6 %","ルミック (70%) / A14PRL4CQUFW44","no","","","","","","100 %","1","1","688","645","-6 %","","","","-","688","651","","-","","","","1","1","0 %","https://www.amazon.co.jp/dp/B0758CKWZ9","https://keepa.com/#!product/5-B0758CKWZ9","食品・飲料・お酒","ラーメン","食品・飲料・お酒 › 麺類・パスタ › ラーメン","B0758CKWZ9","4901726013120","五木食品","五木食品","1","1","2017-08-31","22.2","8.1","2.3","310","1","","","","280","no","","","0 %","0 %","0 %","0 %","100 %","100 %","95 %","98 %","1","1","1","1","-","49","35","8","8","8"
"https://m.media-amazon.com/images/I/51jW8dIMm4L.jpg","五木食品 そば粉 600g×10袋","","382172","591134","52 %","1","2","4","6","","5","1","7,328","7,328","0 %","アイシャイン (89%) / A358ERZFRDFYD","no","","","","","","100 %","1","1","7,328","7,357","0 %","","","","-","7,328","7,362","0 %","アイシャイン (89%) / A358ERZFRDFYD; プレミアコンタクト_インボイス対応 (59%) / A1R6WV6NFQNZUO; First Contact (79%) / A8A8J1IIL0YMB; ワールドファクトリー (89%) / A2WGUAQ33DDVJ3","","","","6","5","33 %","https://www.amazon.co.jp/dp/B0CL9BSKCP","https://keepa.com/#!product/5-B0CL9BSKCP","食品・飲料・お酒","そば粉","食品・飲料・お酒 › 粉類 › そば粉","B0CL9BSKCP","4901726015551","五木","五木食品","10","","","","","","","10","","","","","no","","","0 %","0 %","0 %","0 %","47 %","44 %","38 %","50 %","5","6","7","7","-","-","95","8","8","8"
"https://m.media-amazon.com/images/I/41NHf7xerzL.jpg","五木食品 中華細麺 280g×10袋","","388777","427209","29 %","2","2","5","5","","","","2,398","2,398","0 %","プレミアコンタクト_インボイス対応 (59%) / A1R6WV6NFQNZUO","no","","","","","","100 %","1","1","2,398","2,403","0 %","","","","-","2,398","2,403","","-","","","","5","4","80 %","https://www.amazon.co.jp/dp/B0CX8PN98P","https://keepa.com/#!product/5-B0CX8PN98P","食品・飲料・お酒","ラーメン","食品・飲料・お酒 › 麺類・パスタ › ラーメン","B0CX8PN98P","4901726013120","五木食品","五木食品","10","10","","","","","","10","","","","","no","","","0 %","0 %","0 %","0 %","30 %","43 %","47 %","47 %","3","4","4","5","-","-","24","8","8","8"
"https://m.media-amazon.com/images/I/71ZvwJZP1sL.jpg;https://m.media-amazon.com/images/I/61opqGU-voL.jpg;https://m.media-amazon.com/images/I/61FECEo4uhL.jpg;https://m.media-amazon.com/images/I/61xlxrKSIIL.jpg;https://m.media-amazon.com/images/I/61RiHiKffnL.jpg","五木食品 3食入塩焼そば 477g×6個(常温保存商品)(生タイプ即席麵)","","393469","321709","-28 %","0","0","0","0","","3.7","4","","","","-","no","","","","","","100 %","1","1","","","","","","","-","","","","-","1,740","1,740","0 %","","","","https://www.amazon.co.jp/dp/B0BTYCFYMP","https://keepa.com/#!product/5-B0BTYCFYMP","食品・飲料・お酒","焼きそば","食品・飲料・お酒 › 麺類・パスタ › 焼きそば","B0BTYCFYMP","2302060000050","五木食品","五木食品","6","6","2023-03-08","27.1","22.8","13.2","3070","6","","","","477","no","","","0 %","0 %","0 %","0 %","0 %","0 %","0 %","0 %","0","0","0","0","-","-","-","5","5","5"
"https://m.media-amazon.com/images/I/71SbCpBlMLL.jpg","五木食品 熊本赤辛ラーメン 120g ×3個","","395995","349185","35 %","1","1","3","6","","5","1","762","774","3 %","SanLana Groceries (81%) / A3IKGNQJW3JYQ5","no","","","","","","100 %","1","1","774","779","3 %","","","","-","774","779","","-","","","","2","2","0 %","https://www.amazon.co.jp/dp/B08KWBBP8D","https://keepa.com/#!product/5-B08KWBBP8D","食品・飲料・お酒","ラーメン","食品・飲料・お酒 › 麺類・パスタ › ラーメン","B08KWBBP8D","4901726011249","五木食品","五木食品","1","3","","","","","","3","","","","","no","","","0 %","0 %","0 %","0 %","57 %","81 %","87 %","94 %","2","2","3","3","16","13","7","8","8","8"
"https://m.media-amazon.com/images/I/81hGd+vGVCL.jpg;https://m.media-amazon.com/images/I/81rXFmICFwL.jpg;https://m.media-amazon.com/images/I/81aGlun9c4L.jpg","五木食品 アルミタイプ鍋焼うどん 2種セット(焼あごだしうどん 3個､ごま豆乳坦坦うどん3個 計6個) (セット商品)(常温保存)(即席袋麺)","","401687","372452","-4 %","0","0","0","0","","3","2","","","","-","no","","","","","","100 %","2","2","","","","","","","-","","","","-","1,670","1,670","0 %","","","","https://www.amazon.co.jp/dp/B0DGPR52V9","https://keepa.com/#!product/5-B0DGPR52V9","食品・飲料・お酒","パスタ","食品・飲料・お酒 › 麺類・パスタ › パスタ","B0DGPR52V9","2409100000053","五木食品","五木食品","1","1","2024-09-10","45.2","32","18.2","2170","","","","","","no","","","0 %","0 %","0 %","0 %","0 %","0 %","0 %","0 %","0","0","0","0","-","-","-","5","5","5"
"https://m.media-amazon.com/images/I/61kqXGtIB6L.jpg;https://m.media-amazon.com/images/I/61WZ9-I0eML.jpg;https://m.media-amazon.com/images/I/61+i0autAPL.jpg;https://m.media-amazon.com/images/I/61+tgmMrbvL.jpg","五木食品 山芋入りそば 320g ×20個","","407232","328686","-11 %","0","0","3","13","","2.6","3","7,188","7,452","13 %","Amazon","yes","6,454","7,493","7,468","14 %","","0 %","0","0","7,412","7,462","13 %","","7,320","","-","7,480","7,480","","-","7,760","7,998","0 %","2","1","0 %","https://www.amazon.co.jp/dp/B07XJV1D5Q","https://keepa.com/#!product/5-B07XJV1D5Q","食品・飲料・お酒","麺類・パスタ","食品・飲料・お酒 › 麺類・パスタ","B07XJV1D5Q","4901726040973","五木食品","五木食品","20","20","","34.4","22.8","12.6","7020","1","","","","320","yes","","","80 %","73 %","86 %","93 %","80 %","73 %","86 %","93 %","2","2","2","2","318","268","366","9","7","14"
"https://m.media-amazon.com/images/I/61O6Cvm4MkL.jpg;https://m.media-amazon.com/images/I/610Pa8zS01L.jpg;https://m.media-amazon.com/images/I/613bveXtH3L.jpg;https://m.media-amazon.com/images/I/61ikc3gXLVL.jpg","五木食品 山芋入り 更科 八割そば 240g ×20個","","409973","369582","-5 %","0","1","1","17","","2.7","5","7,763","7,395","-10 %","Amazon","yes","8,110","7,430","7,672","-9 %","","0 %","0","0","7,430","7,670","-9 %","","7,888","","-","","","","-","8,280","8,632","0 %","1","1","0 %","https://www.amazon.co.jp/dp/B08WSNP87T","https://keepa.com/#!product/5-B08WSNP87T","食品・飲料・お酒","ラーメン","食品・飲料・お酒 › 麺類・パスタ › ラーメン","B08WSNP87T","4901726041352","五木食品","五木食品","20","20","2021-03-01","39.1","22.9","10.4","5260","1","","","","","yes","","","100 %","100 %","100 %","100 %","100 %","100 %","100 %","100 %","1","1","1","1","339","781","596","4","54","59"
"https://m.media-amazon.com/images/I/61N9b8fixVL.jpg;https://m.media-amazon.com/images/I/51Ynmn9Y1bL.jpg","五木食品 ざるラーメン 和風しょうゆ 280g×12個入","","413143","413143","12 %","1","2","2","2","","4.5","3","3,654","3,587","3 %","Smile Spoon (96%) / ANX50H5BJ2R33","no","","","","","","100 %","1","1","3,587","3,587","3 %","","","","-","3,587","3,587","","-","0","0","0 %","1","1","-100 %","https://www.amazon.co.jp/dp/B07SKFBMKP","https://keepa.com/#!product/5-B07SKFBMKP","食品・飲料・お酒","ラーメン","食品・飲料・お酒 › 麺類・パスタ › ラーメン","B07SKFBMKP","4901726013168","五木食品","五木食品","12","12","","39.6","26.8","9.1","3710","12","30.6","26.6","12.4","280","no","","","0 %","0 %","0 %","0 %","80 %","88 %","88 %","88 %","2","2","2","2","314","251","251","8","7","6"
"https://m.media-amazon.com/images/I/61f2s2h5xWL.jpg","五木食品 鍋焼カレーうどん 220g×18個入","","413261","376682","-7 %","0","1","2","5","","","","3,560","3,560","","-","no","","","","","","100 %","1","1","3,560","3,559","","","","","-","3,560","3,560","","-","","","","3","3","","https://www.amazon.co.jp/dp/B074766ZDS","https://keepa.com/#!product/5-B074766ZDS","食品・飲料・お酒","うどん","食品・飲料・お酒 › 麺類・パスタ › うどん","B074766ZDS","4901726013380","五木食品","五木食品","18","","","","","","","18","","","","","no","","","0 %","0 %","0 %","0 %","43 %","39 %","44 %","32 %","2","3","3","3","-","-","13","8","8","8"
"https://m.media-amazon.com/images/I/51-VRQGlZpL.jpg","五木食品 アベックラ-メン とんこつ味 180g×20個入","","417978","349482","-3 %","0","0","0","6","","3.9","5","3,827","3,803","0 %","ジャパネットKN【適格請求書発行事業者】 (86%) / A3IRAE6MWRQR5Y","no","","","","","","100 %","1","1","3,800","3,793","0 %","","","","-","3,800","3,793","","-","","","","10","9","70 %","https://www.amazon.co.jp/dp/B00600HDTU","https://keepa.com/#!product/5-B00600HDTU","食品・飲料・お酒","ラーメン","食品・飲料・お酒 › 麺類・パスタ › ラーメン","B00600HDTU","4901726003060","五木食品","五木食品","20","20","","30.4","22.8","10.4","4110","20","","","","180","no","","","0 %","0 %","0 %","0 %","59 %","85 %","93 %","94 %","4","5","6","7","44","32","42","8","8","8"
"https://m.media-amazon.com/images/I/71PfBYPuwUL.jpg;https://m.media-amazon.com/images/I/71i827jo7NL.jpg;https://m.media-amazon.com/images/I/611HSaqCqEL.jpg;https://m.media-amazon.com/images/I/61S3YpwZ5fL.jpg;https://m.media-amazon.com/images/I/61ZOJ2I4oZL.jpg","五木食品 彩菜中華細麺 320g×5個","","418402","361566","-10 %","0","0","0","0","","4.6","3","","","","-","no","","","","","","100 %","1","1","","","","","","","-","","","","-","1,515","1,515","0 %","","","","https://www.amazon.co.jp/dp/B0BTY9QC1B","https://keepa.com/#!product/5-B0BTY9QC1B","食品・飲料・お酒","ラーメン","食品・飲料・お酒 › 麺類・パスタ › ラーメン","B0BTY9QC1B","2302060000029","五木食品","五木食品","5","5","2023-03-08","24.6","11.1","10.9","1660","5","","","","320","no","","","0 %","0 %","0 %","0 %","0 %","0 %","0 %","0 %","0","0","0","0","-","-","-","5","5","5"
"https://m.media-amazon.com/images/I/8115FCRfBGL.jpg;https://m.media-amazon.com/images/I/81qhIzofUGL.jpg;https://m.media-amazon.com/images/I/81RCBnr9ypL.jpg;https://m.media-amazon.com/images/I/71ehnGSPVaL.jpg;https://m.media-amazon.com/images/I/71FRT6WwiTL.jpg;https://m.media-amazon.com/images/I/61wEgCSYErL.jpg","五木食品 半生香る冷し麺 ゆずしょうが 248g 4個 (常温保存) (2食)","","419567","361871","-14 %","0","0","0","3","","","","","","","-","no","","","1,266","","","100 %","1","1","","1,266","","","1,266","","-","","","","-","1,172","1,172","0 %","","1","","https://www.amazon.co.jp/dp/B0CX1L594T","https://keepa.com/#!product/5-B0CX1L594T","食品・飲料・お酒","冷麺","食品・飲料・お酒 › 麺類・パスタ › 冷麺","B0CX1L594T","2403040000043","五木食品","五木食品","4","4","2024-03-01","38.1","30.8","4.4","1100","","","","","","no","","","0 %","0 %","0 %","7 %","0 %","0 %","0 %","7 %","0","0","0","1","-","-","-","5","5","5"
"https://m.media-amazon.com/images/I/61PLwx6EEOL.jpg","五木食品 ちっこいうどん松茸風味 110g×12個入","","419994","364303","-3 %","0","0","1","3","","","","2,383","2,383","","-","no","","","","","","100 %","1","1","2,383","2,388","","","","","-","2,383","2,388","","-","","","","1","1","","https://www.amazon.co.jp/dp/B004ABRALM","https://keepa.com/#!product/5-B004ABRALM","食品・飲料・お酒","うどん","食品・飲料・お酒 › 麺類・パスタ › うどん","B004ABRALM","4901726010686","五木食品","五木食品","1","12","","40","27","15.5","1901","12","","","","110","no","","","0 %","0 %","0 %","0 %","89 %","96 %","98 %","64 %","1","1","1","1","-","-","12","8","8","7"
"https://m.media-amazon.com/images/I/715O0ZBV3OL.jpg;https://m.media-amazon.com/images/I/810KoKcujJL.jpg","五木食品 贅沢鍋焼ごま豆乳担担うどん 243g×4個","","420469","407173","-14 %","0","0","0","0","","5","1","","","","-","no","","","","","","100 %","1","1","","","","","","","-","","","","-","1,560","1,560","0 %","","","","https://www.amazon.co.jp/dp/B0DF7MKZXX","https://keepa.com/#!product/5-B0DF7MKZXX","食品・飲料・お酒","うどん","食品・飲料・お酒 › 麺類・パスタ › うどん","B0DF7MKZXX","2408260000064","五木食品","五木食品","4","4","2024-08-19","39.5","22.3","10.5","1130","","","","","243","no","","","0 %","0 %","0 %","0 %","0 %","0 %","0 %","0 %","0","0","0","0","-","-","-","5","5","5"
"https://m.media-amazon.com/images/I/41d8aVwjiqL.jpg","五木食品 彩菜そうめん 320g×20個入","","426572","426572","-48 %","0","0","0","0","","","","5,323","5,323","","-","no","","","","","","100 %","1","1","5,323","5,323","","","","","-","5,323","5,323","","-","","","","3","3","","https://www.amazon.co.jp/dp/B0B2ZPGJYF","https://keepa.com/#!product/5-B0B2ZPGJYF","食品・飲料・お酒","そうめん・ひやむぎ","食品・飲料・お酒 › 麺類・パスタ › そうめん・ひやむぎ","B0B2ZPGJYF","4901726014752","五木食品","五木食品","20","20","","","","","","20","","","","320","no","","","0 %","0 %","0 %","0 %","26 %","47 %","47 %","47 %","3","3","3","3","-","-","-","8","8","4"
"https://m.media-amazon.com/images/I/81uvHUrnlAL.jpg;https://m.media-amazon.com/images/I/71U1OSF8muL.jpg;https://m.media-amazon.com/images/I/71B8JZ9MJJL.jpg;https://m.media-amazon.com/images/I/71OcgyKc8XL.jpg","五木食品 1食辛味系棒状ラーメン食べ比べセット(2種×各5個 計10個)(熊本赤辛/辛麺)(セット商品)","","428571","354367","-19 %","0","0","0","0","","3.9","3","","","","-","no","","","","","","100 %","1","1","","","","","","","-","","","","-","1,860","1,860","0 %","","","","https://www.amazon.co.jp/dp/B0BV1VXGXR","https://keepa.com/#!product/5-B0BV1VXGXR","食品・飲料・お酒","ラーメン","食品・飲料・お酒 › 麺類・パスタ › ラーメン","B0BV1VXGXR","2302070000019","五木食品","五木食品","1","1","2023-03-17","26.1","21.8","16.9","1570","0","","","","1570","no","","","0 %","0 %","0 %","0 %","0 %","0 %","0 %","0 %","0","0","0","0","-","-","-","5","5","5"
"https://m.media-amazon.com/images/I/512oj2HHrzL.jpg","五木食品 おいしい冷し中華 レモン風味 222g","","431091","366513","-10 %","0","0","0","4","","","","","","","-","no","","","","","","100 %","1","1","","410","","","","","-","","530","","-","","","","","1","","https://www.amazon.co.jp/dp/B01G11S0V2","https://keepa.com/#!product/5-B01G11S0V2","食品・飲料・お酒","冷麺","食品・飲料・お酒 › 麺類・パスタ › 冷麺","B01G11S0V2","4901726013557","五木食品","五木食品","1","1","","23.9","9.3","2.2","80","1","","","","","no","","","0 %","0 %","0 %","0 %","0 %","0 %","0 %","18 %","0","0","0","1","-","-","-","5","5","6"
"https://m.media-amazon.com/images/I/71Env9St1fL.jpg;https://m.media-amazon.com/images/I/616Rv3Y-qGL.jpg;https://m.media-amazon.com/images/I/61Q6BQHw8CL.jpg;https://m.media-amazon.com/images/I/61ZIFk9lyKL.jpg;https://m.media-amazon.com/images/I/61XQ0lI+laL.jpg","五木食品 半生冷し中華ごまだれ 250g×4個(常温保存商品)","","434157","398568","-22 %","0","0","0","0","","3.5","2","","","","-","no","","","","","","100 %","5","5","","","","","","","-","","","","-","1,008","1,008","0 %","","","","https://www.amazon.co.jp/dp/B0BTYB781F","https://keepa.com/#!product/5-B0BTYB781F","食品・飲料・お酒","冷麺","食品・飲料・お酒 › 麺類・パスタ › 冷麺","B0BTYB781F","2302060000159","五木食品","五木食品","4","4","2023-03-01","37.1","33.8","3.9","1090","4","","","","1000","no","","","0 %","0 %","0 %","0 %","0 %","0 %","0 %","0 %","0","0","0","0","-","-","-","5","5","5"
"https://m.media-amazon.com/images/I/81O3jtsn2nL.jpg;https://m.media-amazon.com/images/I/819hqXemW3L.jpg;https://m.media-amazon.com/images/I/813Hgfrh9NL.jpg;https://m.media-amazon.com/images/I/819N5ZIfV8L.jpg;https://m.media-amazon.com/images/I/71FxepJvxxL.jpg;https://m.media-amazon.com/images/I/71jbfkSIcBL.jpg","五木食品 半生香る冷し麺 花椒風味 254g 4個 (常温保存) (2食)","","438270","399594","-12 %","0","0","0","0","","","","","","","-","no","","","","","","100 %","1","1","","","","","","","-","","","","-","1,172","1,172","0 %","","","","https://www.amazon.co.jp/dp/B0CX1KZ75M","https://keepa.com/#!product/5-B0CX1KZ75M","食品・飲料・お酒","冷麺","食品・飲料・お酒 › 麺類・パスタ › 冷麺","B0CX1KZ75M","2403040000050","五木食品","五木食品","4","4","2024-03-01","36.5","30.7","4.9","1120","","","","","","no","","","0 %","0 %","0 %","0 %","0 %","0 %","0 %","0 %","0","0","0","0","-","-","-","5","5","5"
"https://m.media-amazon.com/images/I/51n5bcFI1zL.jpg","五木食品 五木庵 天ぷらそば 165g×30個入","","438705","384759","-3 %","0","0","0","4","","4.4","2","4,300","4,300","","-","no","","","","","","100 %","1","1","4,300","4,266","","","","","-","4,300","4,285","","-","","","","1","1","","https://www.amazon.co.jp/dp/B0772RFVCX","https://keepa.com/#!product/5-B0772RFVCX","食品・飲料・お酒","そば","食品・飲料・お酒 › 麺類・パスタ › そば","B0772RFVCX","4901726014127","","五木食品","1","30","","","","","","30","","","","165","no","","","0 %","0 %","0 %","0 %","100 %","100 %","100 %","53 %","1","1","1","3","-","-","192","8","8","7"
"https://m.media-amazon.com/images/I/71Aybza-+AL.jpg;https://m.media-amazon.com/images/I/71GKdMcR1GL.jpg;https://m.media-amazon.com/images/I/61dA8ThqqIL.jpg;https://m.media-amazon.com/images/I/61URMjCJRtL.jpg;https://m.media-amazon.com/images/I/61T9yZc+F3L.jpg","五木食品 ざるラーメン えび塩 254g×6個(常温保存商品)","","441569","412778","-20 %","0","0","0","0","","","","","","","-","no","","","2,022","","","100 %","1","1","","2,022","","","","","-","","","","-","1,938","1,938","0 %","","1","","https://www.amazon.co.jp/dp/B0BTYC1H76","https://keepa.com/#!product/5-B0BTYC1H76","食品・飲料・お酒","ラーメン","食品・飲料・お酒 › 麺類・パスタ › ラーメン","B0BTYC1H76","2302060000012","五木食品","五木食品","6","6","2023-03-08","30.6","27","5.6","1670","6","","","","254","no","","","0 %","0 %","0 %","7 %","0 %","0 %","0 %","7 %","0","0","0","1","-","-","9","5","5","5"
"https://m.media-amazon.com/images/I/81wEciA1NKL.jpg;https://m.media-amazon.com/images/I/810ugSKIaCL.jpg","五木食品 ざるラーメンゴマだれ 264g ×12個","","446763","397809","-8 %","0","0","0","2","","5","6","","","","-","no","","","3,224","","","100 %","1","1","","3,034","","","3,083","","-","","","","-","3,876","3,876","0 %","","1","","https://www.amazon.co.jp/dp/B07S1W9P2P","https://keepa.com/#!product/5-B07S1W9P2P","食品・飲料・お酒","ラーメン","食品・飲料・お酒 › 麺類・パスタ › ラーメン","B07S1W9P2P","4901726009390","五木食品","五木食品","12","12","","30.8","27.2","12.4","3740","1","","","","264","no","","","0 %","0 %","0 %","24 %","0 %","0 %","0 %","24 %","0","0","0","1","-","-","202","5","5","44"
"https://m.media-amazon.com/images/I/61rkJJu9fTL.jpg","山芋入り五木そば 320g","","451923","449818","-25 %","0","0","1","4","","4","1","980","980","0 %","ちむぐくる（リサイクル段ボール利用で安価販売） (79%) / A2D9USOWENKI27","no","","","","","","100 %","1","1","980","598","0 %","","","","-","980","980","","-","","","","1","1","0 %","https://www.amazon.co.jp/dp/B006GKAL48","https://keepa.com/#!product/5-B006GKAL48","食品・飲料・お酒","そば","食品・飲料・お酒 › 麺類・パスタ › そば","B006GKAL48","4901726010839","五木食品","五木食品","1","1","","","","","360","1","","","","360","no","","","0 %","0 %","0 %","0 %","100 %","100 %","95 %","87 %","1","1","1","1","-","-","-","8","8","8"
"https://m.media-amazon.com/images/I/61CvqS6+UDL.jpg;https://m.media-amazon.com/images/I/71RoMJaiZwL.jpg;https://m.media-amazon.com/images/I/613F0Y12r+L.jpg;https://m.media-amazon.com/images/I/613sRwqa+kL.jpg;https://m.media-amazon.com/images/I/6153VRHKVrL.jpg","五木食品 レッドチリスパゲティ 159g×5個 (電子レンジ調理可能)(常温保存商品)","","452741","366053","-23 %","0","0","0","0","","4.2","7","","","","-","no","","","","","","100 %","1","1","","","","","","","-","","","","-","800","800","0 %","","","","https://www.amazon.co.jp/dp/B0BTYBM3M7","https://keepa.com/#!product/5-B0BTYBM3M7","食品・飲料・お酒","パスタ","食品・飲料・お酒 › 麺類・パスタ › パスタ","B0BTYBM3M7","2302060000043","五木食品","五木食品","5","5","2023-03-08","26.9","18","6","860","5","","","","159","no","","","0 %","0 %","0 %","0 %","0 %","0 %","0 %","0 %","0","0","0","0","-","-","-","5","5","5"
"https://m.media-amazon.com/images/I/51fA5StudoL.jpg","五木食品 山芋入りそば 320g","","453753","486058","-21 %","0","1","3","6","","4.3","9","","","","-","no","","","","","","100 %","2","2","501","494","12 %","","","","-","501","578","","-","","","","2","2","0 %","https://www.amazon.co.jp/dp/B07YSBSLP8?psc=1","https://keepa.com/#!product/5-B07YSBSLP8","食品・飲料・お酒","そば","食品・飲料・お酒 › 麺類・パスタ › そば","B07YSBSLP8","4901726014790","五木食品","五木食品","1","","2021-08-07","23.4","10.3","2.4","370","1","2.2","8.5","23","320","no","","","0 %","0 %","0 %","0 %","0 %","0 %","25 %","22 %","0","0","1","1","-","-","-","5","5","6"
"https://m.media-amazon.com/images/I/41w2dFb3YPL.jpg","五木食品 3食焼そば 510g×12入","","454563","423271","-3 %","0","0","0","1","","4.5","2","3,680","3,680","","-","no","","","","","","100 %","1","1","3,680","3,656","","","","","-","3,680","3,666","","-","","","","1","1","","https://www.amazon.co.jp/dp/B00OH4IZD4","https://keepa.com/#!product/5-B00OH4IZD4","食品・飲料・お酒","焼きそば","食品・飲料・お酒 › 麺類・パスタ › 焼きそば","B00OH4IZD4","4901726012390","","五木食品","1","12","","","","","","12","","","","510","no","","","0 %","0 %","0 %","0 %","79 %","93 %","96 %","82 %","1","1","1","2","-","-","150","8","8","8"
"https://m.media-amazon.com/images/I/81C1UbvQePL.jpg","五木食品 鍋焼とろろ昆布うどん 210g×18個","","455916","404768","-5 %","0","0","2","5","","3","2","","","","-","no","","","","","","100 %","1","1","","3,260","","","","","-","","3,265","","-","3,834","3,834","0 %","","6","","https://www.amazon.co.jp/dp/B09B9SDT7H?psc=1","https://keepa.com/#!product/5-B09B9SDT7H","食品・飲料・お酒","うどん","食品・飲料・お酒 › 麺類・パスタ › うどん","B09B9SDT7H","4901726041383","五木食品","五木食品","18","18","2021-08-02","55.2","37.6","15.6","4940","18","","","","3780","no","","","0 %","0 %","0 %","0 %","0 %","0 %","11 %","24 %","0","0","3","3","-","-","332","5","5","6"
"https://m.media-amazon.com/images/I/71jWR2nzgeL.jpg","五木食品 鶏白湯ラーメン 124g×20袋","","464335","426543","-10 %","0","0","0","0","","5","2","","","","-","no","","","","","","100 %","1","1","","3,168","","","","","-","","3,168","","-","","","","","3","","https://www.amazon.co.jp/dp/B0CL9BDDDG","https://keepa.com/#!product/5-B0CL9BDDDG","食品・飲料・お酒","ラーメン","食品・飲料・お酒 › 麺類・パスタ › ラーメン","B0CL9BDDDG","4901726015513","五木","五木食品","20","20","","","","","","20","","","","124","no","","","0 %","0 %","0 %","0 %","0 %","0 %","0 %","4 %","0","0","0","3","-","-","-","5","5","6"
"https://m.media-amazon.com/images/I/51tqbbypqNL.jpg","五木食品 五木庵カレーうどん 生タイプ 225g×20個入×(2ケース)","","467857","506652","-23 %","0","0","1","2","","","","6,119","6,118","","-","no","","","","","","100 %","1","1","6,118","6,080","","","","","-","6,118","6,117","","-","","","","3","3","","https://www.amazon.co.jp/dp/B0B2455KF7","https://keepa.com/#!product/5-B0B2455KF7","食品・飲料・お酒","うどん","食品・飲料・お酒 › 麺類・パスタ › うどん","B0B2455KF7","4901726015087","五木食品","五木食品","40","2","","","","","225","40","","","","225","no","","","0 %","0 %","0 %","0 %","37 %","39 %","33 %","32 %","2","3","3","4","-","1","77","7","8","8"
"https://m.media-amazon.com/images/I/71zVmYk15dL.jpg;https://m.media-amazon.com/images/I/71w+PxEXDoL.jpg;https://m.media-amazon.com/images/I/61KhqdDeDwL.jpg;https://m.media-amazon.com/images/I/61x7peZtKHL.jpg;https://m.media-amazon.com/images/I/61QAmmc1P0L.jpg","五木食品 ちょいそうめん 120g 10個 (乾麺) (使い切り)","","476652","429306","-6 %","0","0","0","2","","4","1","","","","-","no","","","1,507","","","100 %","1","1","","1,507","","","1,547","","-","","","","-","1,690","1,690","0 %","","1","","https://www.amazon.co.jp/dp/B0CX1K7VC6","https://keepa.com/#!product/5-B0CX1K7VC6","食品・飲料・お酒","そうめん・ひやむぎ","食品・飲料・お酒 › 麺類・パスタ › そうめん・ひやむぎ","B0CX1K7VC6","2403040000012","五木食品","五木食品","10","10","2024-03-01","24.3","21.4","4.5","1250","","","","","","no","","","0 %","0 %","0 %","30 %","0 %","0 %","0 %","30 %","0","0","0","1","-","-","55","5","5","5"
"https://m.media-amazon.com/images/I/81yLnCM+WxL.jpg;https://m.media-amazon.com/images/I/81LmNyZ6LeL.jpg","五木食品 半生ざるそば 210g ×12個(常温保存商品)(まとめ買い)","","477809","418148","-8 %","0","0","0","0","","4.4","3","","","","-","no","","","","","","100 %","1","1","","","","","","","-","","","","-","3,024","3,024","0 %","","","","https://www.amazon.co.jp/dp/B07S2R7PNF","https://keepa.com/#!product/5-B07S2R7PNF","食品・飲料・お酒","麺類・パスタ","食品・飲料・お酒 › 麺類・パスタ","B07S2R7PNF","4901726040775","五木食品","五木食品","12","12","","40.4","31.8","11.6","3240","1","","","","210","no","","","0 %","0 %","0 %","0 %","0 %","0 %","0 %","0 %","0","0","0","0","-","-","-","5","5","5"
"https://m.media-amazon.com/images/I/51Mz+RaW-oL.jpg;https://m.media-amazon.com/images/I/51cbKvbenJL.jpg","五木食品 ゆず塩ラーメン 80g×20個入","","496826","496826","-39 %","0","0","0","0","","","","2,631","2,623","1 %","Smile Spoon (96%) / ANX50H5BJ2R33","no","","","","","","100 %","1","1","2,623","2,623","1 %","","","","-","2,623","2,623","","-","0","0","0 %","3","3","33 %","https://www.amazon.co.jp/dp/B0H28Q1HMR","https://keepa.com/#!product/5-B0H28Q1HMR","食品・飲料・お酒","ラーメン","食品・飲料・お酒 › 麺類・パスタ › ラーメン","B0H28Q1HMR","4901726015674","五木食品","五木食品","20","","","35.3","25.6","7","1900","20","35.3","25.6","7","1900","no","","","0 %","0 %","0 %","0 %","91 %","94 %","94 %","94 %","2","3","3","3","72","51","26","8","8","4"
"https://m.media-amazon.com/images/I/61VETy-+jqL.jpg","五木食品 おいしいざるそば 2人前 180g 麺つゆ付 3個セット","","506561","448007","-10 %","0","0","2","4","","5","1","1,280","1,280","0 %","ルミック (70%) / A14PRL4CQUFW44","no","","","","","","100 %","1","1","1,280","1,068","0 %","","823","","-","1,280","1,259","0 %","ルミック (70%) / A14PRL4CQUFW44","","","","1","2","0 %","https://www.amazon.co.jp/dp/B087WRCQ3B","https://keepa.com/#!product/5-B087WRCQ3B","食品・飲料・お酒","そば","食品・飲料・お酒 › 麺類・パスタ › そば","B087WRCQ3B","4901726014608","五木食品株式会社","五木食品","1","3","","21.6","8.4","3.6","580","3","","","","566","no","","","0 %","0 %","0 %","0 %","100 %","100 %","85 %","66 %","1","1","2","2","-","-","212","8","8","60"
"https://m.media-amazon.com/images/I/31+foebGY+L.jpg","五木食品 五木庵だんご汁 192g×20個入","","511574","459126","-4 %","0","0","0","3","","4.4","2","3,258","3,258","","-","no","","","","","","100 %","1","1","3,258","3,270","","","","","-","3,258","3,272","","-","","","","4","4","","https://www.amazon.co.jp/dp/B08XWTLTM8","https://keepa.com/#!product/5-B08XWTLTM8","食品・飲料・お酒","味噌汁","食品・飲料・お酒 › レトルト・料理の素 › スープ・味噌汁 › 味噌汁","B08XWTLTM8","4901726050279","五木食品","五木食品","20","20","","","","","192","20","","","","192","no","","","0 %","0 %","0 %","0 %","73 %","91 %","96 %","67 %","1","1","1","4","-","-","74","8","8","8"
"https://m.media-amazon.com/images/I/51Qi02ELkRL.jpg","五木食品 鴨だしそば ２２８ｇ","","530129","478863","-4 %","0","0","0","3","","","","499","499","0 %","くすりのiQ (98%) / A2NAUX3I3PG8DE","no","","","","","","100 %","1","1","499","512","0 %","","","","-","499","513","","-","","","","6","5","67 %","https://www.amazon.co.jp/dp/B072JXPYGJ","https://keepa.com/#!product/5-B072JXPYGJ","食品・飲料・お酒","そば","食品・飲料・お酒 › 麺類・パスタ › そば","B072JXPYGJ","4901726011409","五木食品","五木食品","1","1","","25","9.8","2.4","240","1","","","","228","no","","","0 %","0 %","0 %","0 %","73 %","58 %","55 %","23 %","1","2","3","4","-","1","14","8","7","7"
"https://m.media-amazon.com/images/I/213aL4a78EL.jpg","五木食品 茶そば 180g×20入","","531764","452312","-8 %","0","0","0","2","","5","2","6,234","6,234","","-","no","","","","","","100 %","1","1","6,234","6,234","","","","","-","6,234","6,234","","-","","","","1","1","","https://www.amazon.co.jp/dp/B0074YXNQ8","https://keepa.com/#!product/5-B0074YXNQ8","食品・飲料・お酒","そば","食品・飲料・お酒 › 麺類・パスタ › そば","B0074YXNQ8","4901726002353","五木食品","五木食品","1","20","","","","","","20","","","","180","no","","","0 %","0 %","0 %","0 %","72 %","46 %","65 %","46 %","1","1","1","1","-","-","-","8","7","7"
"https://m.media-amazon.com/images/I/71fEOIH1l4L.jpg","五木食品 スタミナにんにくラーメン 120g×20袋","","535117","484676","-9 %","0","0","0","1","","","","","","","-","no","","","","","","100 %","1","1","","3,457","","","","","-","","3,408","","-","","","","","3","","https://www.amazon.co.jp/dp/B0CL9CSC65","https://keepa.com/#!product/5-B0CL9CSC65","食品・飲料・お酒","ラーメン","食品・飲料・お酒 › 麺類・パスタ › ラーメン","B0CL9CSC65","4901726015520","五木","五木食品","20","20","","","","","","20","","","","120","no","","","0 %","0 %","0 %","0 %","0 %","0 %","0 %","6 %","0","0","0","3","-","-","309","5","5","6"
"https://m.media-amazon.com/images/I/61wEdkT4vwL.jpg;https://m.media-amazon.com/images/I/61hlR8S07TL.jpg","五木食品 ざるラーメン 辛みそ 266g×12個入","","564455","647600","18 %","0","2","3","4","","5","2","3,496","3,496","0 %","Smile Spoon (96%) / ANX50H5BJ2R33","no","","","","","","100 %","1","1","3,496","3,496","0 %","","","","-","3,496","3,496","","-","0","0","0 %","1","1","0 %","https://www.amazon.co.jp/dp/B07SHD9DSR","https://keepa.com/#!product/5-B07SHD9DSR","食品・飲料・お酒","ラーメン","食品・飲料・お酒 › 麺類・パスタ › ラーメン","B07SHD9DSR","4901726013182","五木食品","五木食品","1","12","","30.6","26.6","11.9","3600","12","30.6","26.6","11.9","3600","no","","","0 %","0 %","0 %","0 %","100 %","68 %","70 %","70 %","1","1","1","1","-","-","-","7","8","6"
"https://m.media-amazon.com/images/I/81c38j-E5qL.jpg;https://m.media-amazon.com/images/I/91N02iIlrLL.jpg","五木食品 半生冷し中華ごまだれ 250g ×12個(常温保存商品)(まとめ買い)","","568277","502795","-14 %","0","0","0","1","","3","1","","","","-","no","","","3,029","","","100 %","1","1","","3,029","","","2,542","","-","","","","-","","","","","1","","https://www.amazon.co.jp/dp/B07S1N716Y","https://keepa.com/#!product/5-B07S1N716Y","食品・飲料・お酒","冷麺","食品・飲料・お酒 › 麺類・パスタ › 冷麺","B07S1N716Y","4901726040751","五木食品","五木食品","12","12","","39","31.8","10.8","3660","1","","","","","no","","","0 %","0 %","0 %","19 %","0 %","0 %","0 %","19 %","0","0","0","1","-","-","459","5","5","43"
"https://m.media-amazon.com/images/I/51jW8dIMm4L.jpg","五木食品 そば粉 600g×3袋","","578197","499329","-6 %","0","0","0","2","","","","2,598","2,598","0 %","アイシャイン (89%) / A358ERZFRDFYD","no","","","","","","100 %","1","1","2,598","2,550","0 %","","","","-","2,598","2,550","","-","","","","5","4","20 %","https://www.amazon.co.jp/dp/B0CL9BVVM4","https://keepa.com/#!product/5-B0CL9BVVM4","食品・飲料・お酒","そば粉","食品・飲料・お酒 › 粉類 › そば粉","B0CL9BVVM4","4901726015551","","五木食品","3","","","","","","","3","","","","","no","","","0 %","0 %","0 %","0 %","76 %","42 %","49 %","70 %","2","4","5","6","-","-","63","8","8","8"
"https://m.media-amazon.com/images/I/31rCR9pcP4L.jpg","五木食品 熊本赤辛ラーメン 114g×20個入×(2ケース)","","579388","487712","-5 %","0","0","0","1","","","","5,640","5,640","0 %","プレミアコンタクト_インボイス対応 (59%) / A1R6WV6NFQNZUO","no","","","","","","100 %","1","1","5,640","5,654","0 %","","","","-","5,640","5,654","","-","","","","5","4","60 %","https://www.amazon.co.jp/dp/B01N2URTPH","https://keepa.com/#!product/5-B01N2URTPH","食品・飲料・お酒","ラーメン","食品・飲料・お酒 › 麺類・パスタ › ラーメン","B01N2URTPH","","","五木食品","1","20","","","","","","40","","","","114","no","","","0 %","0 %","0 %","0 %","100 %","99 %","63 %","33 %","1","2","5","6","-","-","61","8","8","8"
"https://m.media-amazon.com/images/I/41aX2asYnDL.jpg","五木食品 アベックラーメン 175g×20個入×(2ケース)","","581726","508998","-4 %","0","0","1","2","","5","1","7,120","7,120","0 %","プレミアコンタクト_インボイス対応 (59%) / A1R6WV6NFQNZUO","no","","","","","","100 %","1","1","7,100","7,100","0 %","","","","-","7,100","7,100","","-","","","","10","8","80 %","https://www.amazon.co.jp/dp/B07QRYL7T9","https://keepa.com/#!product/5-B07QRYL7T9","食品・飲料・お酒","ラーメン","食品・飲料・お酒 › 麺類・パスタ › ラーメン","B07QRYL7T9","4901726003053","五木食品","五木食品","40","2","","","","","","40","","","","175","no","","","0 %","0 %","0 %","0 %","43 %","28 %","31 %","41 %","3","6","8","8","-","-","76","8","8","8"
"https://m.media-amazon.com/images/I/51xVkI8TMGS.jpg","五木食品 日田風焼そば 362g×18袋入","","608381","587995","-3 %","0","0","0","2","","","","5,229","5,228","","-","no","","","","","","100 %","1","1","5,228","5,227","","","","","-","5,228","5,227","","-","","","","3","3","","https://www.amazon.co.jp/dp/B093PFY36N","https://keepa.com/#!product/5-B093PFY36N","食品・飲料・お酒","焼きそば","食品・飲料・お酒 › 麺類・パスタ › 焼きそば","B093PFY36N","4901726011034","五木食品","五木食品","18","18","","","","","","18","","","","362","no","","","0 %","0 %","0 %","0 %","55 %","38 %","37 %","33 %","3","3","3","3","-","1","1","8","8","8"
"https://m.media-amazon.com/images/I/41zmZ0OaE1L.jpg","五木食品 2コナポリタン 318g×18入","","615771","556769","-15 %","0","0","0","0","","2","1","4,300","4,300","","-","no","","","","","","100 %","1","1","4,300","4,227","","","","","-","4,300","4,130","","-","","","","1","1","","https://www.amazon.co.jp/dp/B01N52N7B6","https://keepa.com/#!product/5-B01N52N7B6","食品・飲料・お酒","パスタソース","食品・飲料・お酒 › レトルト・料理の素 › 料理の素 › パスタソース","B01N52N7B6","4901726012499","","五木食品","1","18","","","","","","18","","","","318","no","","","0 %","0 %","0 %","0 %","90 %","97 %","98 %","78 %","1","1","1","2","-","-","213","8","8","8"
"https://m.media-amazon.com/images/I/51jW8dIMm4L.jpg","五木食品 そば粉 600g×2袋","","626058","561877","-3 %","0","0","0","1","","","","1,798","1,798","0 %","First Contact (79%) / A8A8J1IIL0YMB","no","","","","","","100 %","1","1","1,798","1,748","0 %","","","","-","1,798","1,748","","-","","","","5","4","60 %","https://www.amazon.co.jp/dp/B0CL99941K","https://keepa.com/#!product/5-B0CL99941K","食品・飲料・お酒","そば粉","食品・飲料・お酒 › 粉類 › そば粉","B0CL99941K","4901726015551","五木","五木食品","2","","","","","","","2","","","","","no","","","0 %","0 %","0 %","0 %","81 %","51 %","38 %","45 %","2","5","5","5","-","-","58","8","8","8"
"https://m.media-amazon.com/images/I/516OWY1aejL.jpg;https://m.media-amazon.com/images/I/71Rsn-3pLEL.jpg;https://m.media-amazon.com/images/I/51z5GZ6iTTL.jpg;https://m.media-amazon.com/images/I/61Yp60PuiqL.jpg","五木食品 田舎ひやむぎ 200g ×20個","","641929","556492","-5 %","0","0","0","0","","4.2","3","","","","-","no","","","3,701","","","100 %","1","1","","3,701","","","4,426","","-","","","","-","4,240","4,240","0 %","","1","","https://www.amazon.co.jp/dp/B07X5X1D37?psc=1","https://keepa.com/#!product/5-B07X5X1D37","食品・飲料・お酒","そうめん・ひやむぎ","食品・飲料・お酒 › 麺類・パスタ › そうめん・ひやむぎ","B07X5X1D37","4901726041031","五木食品","五木食品","20","20","","34.8","25.4","8","4520","1","","","","200","no","","","0 %","0 %","0 %","26 %","0 %","0 %","0 %","26 %","0","0","0","1","-","-","728","5","5","51"
"https://m.media-amazon.com/images/I/410o9ZRBkGS.jpg","五木食品 3食濃厚ナポリタン 483g×12袋入","","671959","739181","11 %","0","1","1","1","","","","3,848","3,847","","-","no","","","","","","100 %","1","1","3,847","3,808","","","","","-","3,847","3,810","","-","","","","3","3","","https://www.amazon.co.jp/dp/B093NT956W","https://keepa.com/#!product/5-B093NT956W","食品・飲料・お酒","パスタ","食品・飲料・お酒 › 麺類・パスタ › パスタ","B093NT956W","4901726014486","五木食品","五木食品","12","12","","","","","","12","","","","","no","","","0 %","0 %","0 %","0 %","61 %","39 %","40 %","27 %","2","3","3","4","-","2","92","8","8","8"
"https://m.media-amazon.com/images/I/41hOP6uexnL.jpg","五木食品 茶そば 180g","","674951","591797","-6 %","0","0","0","0","","5","3","771","771","","-","no","","","","","","100 %","1","1","771","585","","","","","-","771","770","","-","","","","1","1","","https://www.amazon.co.jp/dp/B071R3RBN6","https://keepa.com/#!product/5-B071R3RBN6","食品・飲料・お酒","そば","食品・飲料・お酒 › 麺類・パスタ › そば","B071R3RBN6","4901726002353","五木食品","五木食品","1","1","2017-04-20","23.8","6.7","2","190","1","","","","","no","","","0 %","0 %","0 %","0 %","43 %","81 %","91 %","70 %","1","1","1","1","-","-","1","7","8","8"
"https://m.media-amazon.com/images/I/71PYFhGY9jL.jpg","五木 日田風焼そば 362g","","713307","623496","-3 %","0","0","0","0","","4","2","880","913","4 %","ジャパネットKN【適格請求書発行事業者】 (86%) / A3IRAE6MWRQR5Y","no","","","","","","100 %","7","7","917","750","4 %","","","","-","917","928","4 %","ジャパネットKN【適格請求書発行事業者】 (86%) / A3IRAE6MWRQR5Y","","","","1","1","0 %","https://www.amazon.co.jp/dp/B0758BS29M","https://keepa.com/#!product/5-B0758BS29M","食品・飲料・お酒","焼きそば","食品・飲料・お酒 › 麺類・パスタ › 焼きそば","B0758BS29M","4901726011034","五木食品","五木食品","1","1","2017-08-31","22.8","14.9","5","390","1","","","","362","no","","","0 %","0 %","0 %","0 %","49 %","20 %","29 %","20 %","1","2","2","2","-","27","23","7","7","6"
"https://m.media-amazon.com/images/I/51eERFbPldL.jpg;https://m.media-amazon.com/images/I/51T83DCSFSL.jpg","五木食品 熊本赤辛ラーメン 120g×20個入","","744114","653911","-7 %","0","0","0","0","","","","3,415","3,432","0 %","Smile Spoon (96%) / ANX50H5BJ2R33","no","","","","","","100 %","1","1","3,444","3,460","0 %","","","","-","3,444","3,483","0 %","Smile Spoon (96%) / ANX50H5BJ2R33","0","0","0 %","4","3","50 %","https://www.amazon.co.jp/dp/B07WVWMWSC","https://keepa.com/#!product/5-B07WVWMWSC","食品・飲料・お酒","ラーメン","食品・飲料・お酒 › 麺類・パスタ › ラーメン","B07WVWMWSC","4901726014707","五木食品","五木食品","1","20","","35.3","25.6","7.5","2800","20","35.3","25.6","7.5","2800","no","","","0 %","0 %","0 %","0 %","100 %","77 %","39 %","34 %","1","3","4","4","75","54","111","16","21","16"
"https://m.media-amazon.com/images/I/31GOB7VbszS.jpg","五木食品 田舎うどん 200g×20袋入×(2ケース)","","751257","682490","10 %","0","1","2","2","","","","7,570","7,569","","-","no","","","","","","100 %","1","1","7,569","7,565","","","","","-","7,569","7,567","","-","","","","3","3","","https://www.amazon.co.jp/dp/B093PGHSX1","https://keepa.com/#!product/5-B093PGHSX1","食品・飲料・お酒","うどん","食品・飲料・お酒 › 麺類・パスタ › うどん","B093PGHSX1","4901726014875","五木食品","五木食品","40","2","","","","","","40","","","","200","no","","","0 %","0 %","0 %","0 %","57 %","43 %","40 %","37 %","2","3","3","3","-","2","2","8","8","8"
"https://m.media-amazon.com/images/I/51gQELwJCfL.jpg","五木食品 熊本赤辛ラーメン 120g×20個入×(2ケース)","","822239","776242","-2 %","0","0","0","0","","","","6,576","6,271","-19 %","SanLana Groceries (81%) / A3IKGNQJW3JYQ5","no","","","","","","100 %","1","1","6,271","6,154","-19 %","","","","-","6,271","6,154","","-","","","","3","3","67 %","https://www.amazon.co.jp/dp/B093NYGXFS","https://keepa.com/#!product/5-B093NYGXFS","食品・飲料・お酒","ラーメン","食品・飲料・お酒 › 麺類・パスタ › ラーメン","B093NYGXFS","4901726014707","五木食品","五木食品","40","2","","","","","","40","","","","120","no","","","0 %","0 %","0 %","0 %","34 %","36 %","47 %","48 %","4","4","4","4","643","429","224","8","8","8"
"https://m.media-amazon.com/images/I/41lh52ey5tL.jpg;https://m.media-amazon.com/images/I/51+RjvgfITL.jpg","五木食品 くまモンの熊本ラーメン 176g","","825546","720227","","0","0","0","0","","","","839","853","-19 %","three-P (68%) / A3BUOLMDV74C5F","no","","","","","","100 %","1","1","634","437","-60 %","","","","-","634","657","","-","","","","2","2","50 %","https://www.amazon.co.jp/dp/B00TRUNC68","https://keepa.com/#!product/5-B00TRUNC68","食品・飲料・お酒","ラーメン","食品・飲料・お酒 › 麺類・パスタ › ラーメン","B00TRUNC68","4901726012116","","五木食品","1","1","","","","","","1","","","","176","no","","","0 %","0 %","0 %","0 %","56 %","59 %","70 %","70 %","2","2","2","2","196","194","149","63","61","61"
"https://m.media-amazon.com/images/I/81rMSuPk+-L.jpg;https://m.media-amazon.com/images/I/71ve-2sKf9L.jpg;https://m.media-amazon.com/images/I/81cgwsFmrxL.jpg","五木食品 つけ麺辛みそごま 260g×5個","","","","","0","0","0","0","","2.4","4","","","","-","no","","","","","","100 %","1","1","","","","","","","-","","","","-","1,275","1,275","0 %","","","","https://www.amazon.co.jp/dp/B01268VDKE","https://keepa.com/#!product/5-B01268VDKE","食品・飲料・お酒","ラーメン","食品・飲料・お酒 › 麺類・パスタ › ラーメン","B01268VDKE","4901726013304","五木食品","五木食品","5","5","2015-08-24","27.5","10.4","9.2","1362","5","","","","260","no","","","0 %","0 %","0 %","0 %","0 %","0 %","0 %","0 %","0","0","0","0","-","-","-","5","5","5"
"https://m.media-amazon.com/images/I/81snyQzVBDL.jpg;https://m.media-amazon.com/images/I/71zQX4Ps8kL.jpg;https://m.media-amazon.com/images/I/81BJIng2MAL.jpg","五木食品 つけ麺丸鶏醤油 248g×5個","","","","","0","0","0","0","","4.2","5","","","","-","no","","","","","","100 %","1","1","","","","","","","-","","","","-","1,275","1,275","0 %","","","","https://www.amazon.co.jp/dp/B01268VDPE","https://keepa.com/#!product/5-B01268VDPE","食品・飲料・お酒","ラーメン","食品・飲料・お酒 › 麺類・パスタ › ラーメン","B01268VDPE","4901726013311","五木食品","五木食品","5","5","2015-08-24","27.1","12","8.5","1296","5","","","","248","no","","","0 %","0 %","0 %","0 %","0 %","0 %","0 %","0 %","0","0","0","0","-","-","-","","",""
"https://m.media-amazon.com/images/I/81d-vEqUxKL.jpg;https://m.media-amazon.com/images/I/71lKrD77HAL.jpg;https://m.media-amazon.com/images/I/71GWxAG-vvL.jpg","五木食品 3食ちっこいにゅうめん醤油仕立て 270g×6個","","","","","0","0","0","0","","5","2","","","","-","no","","","","","","100 %","1","1","","","","","","","-","","","","-","1,404","1,404","0 %","","","","https://www.amazon.co.jp/dp/B01268VK1Q","https://keepa.com/#!product/5-B01268VK1Q","食品・飲料・お酒","そうめん・ひやむぎ","食品・飲料・お酒 › 麺類・パスタ › そうめん・ひやむぎ","B01268VK1Q","4901726013335","五木食品","五木食品","6","6","2015-08-24","25.2","24.3","12.4","1838","6","","","","270","no","","","0 %","0 %","0 %","0 %","0 %","0 %","0 %","0 %","0","0","0","0","-","-","-","5","5","5"
"https://m.media-amazon.com/images/I/813OC5j2YTL.jpg;https://m.media-amazon.com/images/I/71E1aopLRPL.jpg;https://m.media-amazon.com/images/I/71RHiWEb-iL.jpg","五木食品 坦々麺 216g×5個","","","","","0","0","0","0","","3.5","2","","","","-","no","","","","","","100 %","1","1","","","","","","","-","","","","-","1,275","1,275","0 %","","","","https://www.amazon.co.jp/dp/B01268WDBC","https://keepa.com/#!product/5-B01268WDBC","食品・飲料・お酒","ラーメン","食品・飲料・お酒 › 麺類・パスタ › ラーメン","B01268WDBC","4901726013267","五木食品","五木食品","5","5","2015-08-24","26.1","11.6","7.9","1142","5","","","","216","no","","","0 %","0 %","0 %","0 %","0 %","0 %","0 %","0 %","0","0","0","0","-","-","-","","",""
"https://m.media-amazon.com/images/I/81x0iHRubML.jpg;https://m.media-amazon.com/images/I/71h2920xBRL.jpg;https://m.media-amazon.com/images/I/81wdLScX9BL.jpg","五木食品 つけ麺濃厚魚介豚骨 248g×5個","","","","","0","0","0","0","","4.4","11","","","","-","no","","","","","","100 %","1","1","","","","","","","-","","","","-","1,275","1,275","0 %","","","","https://www.amazon.co.jp/dp/B01268WERK","https://keepa.com/#!product/5-B01268WERK","食品・飲料・お酒","ラーメン","食品・飲料・お酒 › 麺類・パスタ › ラーメン","B01268WERK","4901726013298","五木食品","五木食品","5","5","2015-08-24","26.4","11.8","8.7","1312","5","","","","248","no","","","0 %","0 %","0 %","0 %","0 %","0 %","0 %","0 %","0","0","0","0","-","-","-","5","5","5"
"https://m.media-amazon.com/images/I/813a2pB4lZL.jpg;https://m.media-amazon.com/images/I/715jcOauySL.jpg;https://m.media-amazon.com/images/I/71HguNB6hpL.jpg","五木食品 3食ちっこいうどん松茸風味 330g×6個","","","","","0","0","0","0","","5","1","","","","-","no","","","","","","100 %","2","2","","","","","","","-","","","","-","1,404","1,404","0 %","","","","https://www.amazon.co.jp/dp/B01268WEWK","https://keepa.com/#!product/5-B01268WEWK","食品・飲料・お酒","うどん","食品・飲料・お酒 › 麺類・パスタ › うどん","B01268WEWK","4901726013328","五木食品","五木食品","6","6","2015-08-24","25.9","23.6","12.7","2190","6","","","","330","no","","","0 %","0 %","0 %","0 %","0 %","0 %","0 %","0 %","0","0","0","0","-","-","-","","",""
"https://m.media-amazon.com/images/I/71bAWU0uQpL.jpg;https://m.media-amazon.com/images/I/81POjBQ4hML.jpg","五木食品 鍋焼あげ玉うどん 210g×6個","","","","","0","0","0","0","","4","1","","","","-","no","","","","","","100 %","1","1","","","","","","","-","","","","-","1,338","1,338","0 %","","","","https://www.amazon.co.jp/dp/B01268WFT2","https://keepa.com/#!product/5-B01268WFT2","食品・飲料・お酒","うどん","食品・飲料・お酒 › 麺類・パスタ › うどん","B01268WFT2","4901726013366","五木食品","五木食品","6","6","2015-08-01","35.8","18.2","11.6","1540","6","","","","210","no","","","0 %","0 %","0 %","0 %","0 %","0 %","0 %","0 %","0","0","0","0","-","-","-","5","5","5"
"https://m.media-amazon.com/images/I/81DT8y+TdyL.jpg;https://m.media-amazon.com/images/I/817+Is+ltiL.jpg","五木食品 鍋焼ごぼう天うどん 213g×6個","","","","","0","0","0","0","","4.1","13","","","","-","no","","","","","","100 %","1","1","","","","","","","-","","","","-","1,338","1,338","0 %","","","","https://www.amazon.co.jp/dp/B01268WY2U","https://keepa.com/#!product/5-B01268WY2U","食品・飲料・お酒","うどん","食品・飲料・お酒 › 麺類・パスタ › うどん","B01268WY2U","4901726013403","五木食品","五木食品","6","6","2015-08-01","43","23.4","13.6","1492","6","","","","213","no","","","0 %","0 %","0 %","0 %","0 %","0 %","0 %","0 %","0","0","0","0","-","-","-","5","5","5"
"https://m.media-amazon.com/images/I/71gTi7VFB0L.jpg;https://m.media-amazon.com/images/I/61I88Lb3r8L.jpg;https://m.media-amazon.com/images/I/515pZI+NLEL.jpg","五木食品 久留米ネギとんこつラーメン 172g×5個","","","","","0","0","0","0","","4.1","98","","","","-","no","","","","","","100 %","1","1","","","","","","","-","","","","-","","","","","","","https://www.amazon.co.jp/dp/B09WHZYXHC?psc=1","https://keepa.com/#!product/5-B09WHZYXHC","食品・飲料・お酒","ラーメン","食品・飲料・お酒 › 麺類・パスタ › ラーメン","B09WHZYXHC","2203250000204","五木食品","五木食品","5","5","2022-04-01","31.2","23.3","4.5","930","5","","","","172","no","","","0 %","0 %","0 %","0 %","0 %","0 %","0 %","0 %","0","0","0","0","-","-","-","5","5","5"
"https://m.media-amazon.com/images/I/71qeqBxuL9L.jpg;https://m.media-amazon.com/images/I/617IY6jD9RL.jpg;https://m.media-amazon.com/images/I/61ex8DKQtLL.jpg","五木食品 熊本黒マー油とんこつラーメン 172g×5個","","","","","0","0","0","0","","4.2","303","","","","-","no","","","","","","100 %","1","1","","","","","","","-","","","","-","","","","","","","https://www.amazon.co.jp/dp/B09WHZZKT4?psc=1","https://keepa.com/#!product/5-B09WHZZKT4","食品・飲料・お酒","ラーメン","食品・飲料・お酒 › 麺類・パスタ › ラーメン","B09WHZZKT4","2203250000198","五木食品","五木食品","5","5","2022-04-01","32.6","22.2","3.3","940","5","","","","172","no","","","0 %","0 %","0 %","0 %","0 %","0 %","0 %","0 %","0","0","0","0","-","-","-","5","5","5"
"https://m.media-amazon.com/images/I/816IYxWEQKL.jpg;https://m.media-amazon.com/images/I/71go3drBvxL.jpg;https://m.media-amazon.com/images/I/81c1ViNkX0L.jpg","五木食品 つけ麺濃厚魚介豚骨 248g×3袋","","","","","0","0","0","0","","","","","","","-","no","","","","","","100 %","1","1","","","","","","","-","","","","-","765","765","0 %","","","","https://www.amazon.co.jp/dp/B079S5HYPT","https://keepa.com/#!product/5-B079S5HYPT","食品・飲料・お酒","ラーメン","食品・飲料・お酒 › 麺類・パスタ › ラーメン","B079S5HYPT","4901726013298","五木食品","五木食品","3","1","2018-02-13","23.5","9.7","6","600","3","","","","","no","","","0 %","0 %","0 %","0 %","0 %","0 %","0 %","0 %","0","0","0","0","-","-","-","","",""
"https://m.media-amazon.com/images/I/81MCT45PskL.jpg;https://m.media-amazon.com/images/I/71V-mH59vSL.jpg","五木食品 山芋入りそば 360g×3袋","","","","","0","0","0","0","","","","","","","-","no","","","","","","100 %","1","1","","","","","","","-","","","","-","990","990","0 %","","","","https://www.amazon.co.jp/dp/B079S5JK8G","https://keepa.com/#!product/5-B079S5JK8G","食品・飲料・お酒","そば","食品・飲料・お酒 › 麺類・パスタ › そば","B079S5JK8G","4901726010839","五木食品","五木食品","3","1","2018-02-13","90.2","23","2","1080","3","","","","","no","","","0 %","0 %","0 %","0 %","0 %","0 %","0 %","0 %","0","0","0","0","-","-","-","","",""
"https://m.media-amazon.com/images/I/8102MZ3kQ4L.jpg;https://m.media-amazon.com/images/I/71fdkPPOneL.jpg;https://m.media-amazon.com/images/I/81J6Cexu+bL.jpg","五木食品 つけ麺濃厚魚介醤油 256g×3袋","","","","","0","0","0","0","","","","","","","-","no","","","","","","100 %","1","1","","","","","","","-","","","","-","765","765","0 %","","","","https://www.amazon.co.jp/dp/B079S8WKCF","https://keepa.com/#!product/5-B079S8WKCF","食品・飲料・お酒","ラーメン","食品・飲料・お酒 › 麺類・パスタ › ラーメン","B079S8WKCF","4901726013281","五木食品","五木食品","3","1","2018-02-13","23.5","9.7","6","900","3","","","","","no","","","0 %","0 %","0 %","0 %","0 %","0 %","0 %","0 %","0","0","0","0","-","-","-","","",""
"https://m.media-amazon.com/images/I/81h8JBnnDFL.jpg;https://m.media-amazon.com/images/I/71aTR7WHDZL.jpg;https://m.media-amazon.com/images/I/81TisVZboCL.jpg","五木食品 つけ麺辛みそごま 260g×3袋","","","","","0","0","0","0","","","","","","","-","no","","","","","","100 %","1","1","","","","","","","-","","","","-","765","765","0 %","","","","https://www.amazon.co.jp/dp/B079SBX741","https://keepa.com/#!product/5-B079SBX741","食品・飲料・お酒","ラーメン","食品・飲料・お酒 › 麺類・パスタ › ラーメン","B079SBX741","4901726013304","五木食品","五木食品","3","1","2018-02-13","23.5","9.7","6","900","3","","","","","no","","","0 %","0 %","0 %","0 %","0 %","0 %","0 %","0 %","0","0","0","0","-","-","-","","",""
"https://m.media-amazon.com/images/I/71ghRsQ2RML.jpg;https://m.media-amazon.com/images/I/610RVuWrLrL.jpg;https://m.media-amazon.com/images/I/7114W8NvZ-L.jpg","五木食品 つけ麺 辛旨味噌 188g×5袋","","","","","0","0","0","0","","3.8","32","","","","-","no","","","","","","100 %","1","1","","","","","","","-","","","","-","1,145","1,145","0 %","","","","https://www.amazon.co.jp/dp/B079TCN4J3","https://keepa.com/#!product/5-B079TCN4J3","食品・飲料・お酒","ラーメン","食品・飲料・お酒 › 麺類・パスタ › ラーメン","B079TCN4J3","4901726014318","五木食品","五木食品","5","5","2018-03-01","25.2","11","7.4","960","5","","","","188","no","","","0 %","0 %","0 %","0 %","0 %","0 %","0 %","0 %","0","0","0","0","-","-","-","5","5","5"
"https://m.media-amazon.com/images/I/71Puhoyv+ZL.jpg;https://m.media-amazon.com/images/I/611i+Vs92lL.jpg;https://m.media-amazon.com/images/I/81dwK4-PISL.jpg","五木食品 つけ麺 魚介豚骨 180g×5袋","","","","","0","0","0","0","","3.5","24","","","","-","no","","","","","","100 %","1","1","","","","","","","-","","","","-","1,145","1,145","0 %","","","","https://www.amazon.co.jp/dp/B079TDXPVC","https://keepa.com/#!product/5-B079TDXPVC","食品・飲料・お酒","ラーメン","食品・飲料・お酒 › 麺類・パスタ › ラーメン","B079TDXPVC","4901726014301","五木食品","五木食品","5","5","2018-03-01","25.8","10.2","6.4","920","5","","","","180","no","","","0 %","0 %","0 %","0 %","0 %","0 %","0 %","0 %","0","0","0","0","-","-","-","5","5","5"
"https://m.media-amazon.com/images/I/71GltlKpQ9L.jpg;https://m.media-amazon.com/images/I/61Q6ZM9wnzL.jpg;https://m.media-amazon.com/images/I/71zOhE2+83L.jpg","五木食品 更科そば 200g×5個","","","","","0","0","0","0","","","","","","","-","no","","","","","","100 %","1","1","","","","","","","-","","","","-","870","870","0 %","","","","https://www.amazon.co.jp/dp/B07BSK312R","https://keepa.com/#!product/5-B07BSK312R","食品・飲料・お酒","そば","食品・飲料・お酒 › 麺類・パスタ › そば","B07BSK312R","4901726011331","五木食品","五木食品","5","","","24.6","11.4","7.6","1060","5","","","","200","no","","","0 %","0 %","0 %","0 %","0 %","0 %","0 %","0 %","0","0","0","0","-","-","-","5","5","5"
"https://m.media-amazon.com/images/I/71mgr60cVfL.jpg;https://m.media-amazon.com/images/I/61ejIN22OHL.jpg;https://m.media-amazon.com/images/I/71CFMR0SxvL.jpg","五木食品 藪そば 200g×5個","","","","","0","0","0","0","","5","1","","","","-","no","","","","","","100 %","1","1","","","","","","","-","","","","-","870","870","0 %","","","","https://www.amazon.co.jp/dp/B07C9NYGF3","https://keepa.com/#!product/5-B07C9NYGF3","食品・飲料・お酒","そば","食品・飲料・お酒 › 麺類・パスタ › そば","B07C9NYGF3","4901726011348","五木食品","五木食品","5","5","","24.9","10.3","7.6","1050","5","","","","200","no","","","0 %","0 %","0 %","0 %","0 %","0 %","0 %","0 %","0","0","0","0","-","-","-","5","5","5"
"https://m.media-amazon.com/images/I/61IyDz3O10L.jpg;https://m.media-amazon.com/images/I/41nN1LAb4qL.jpg;https://m.media-amazon.com/images/I/61LbxQB4QNL.jpg;https://m.media-amazon.com/images/I/71kkyD9iUlL.jpg;https://m.media-amazon.com/images/I/71DHiR1tmsL.jpg","五木食品 味噌ラーメン 124g×5個","","","","","0","0","0","0","","3.3","33","","","","-","no","","","","","","100 %","4","4","","","","","","","-","","","","-","790","790","0 %","","","","https://www.amazon.co.jp/dp/B07FN3P812","https://keepa.com/#!product/5-B07FN3P812","食品・飲料・お酒","ラーメン","食品・飲料・お酒 › 麺類・パスタ › ラーメン","B07FN3P812","4901726014448","五木食品","五木食品","5","5","2018-08-20","24.6","9","6.4","540","5","","","","124","no","","","0 %","0 %","0 %","0 %","0 %","0 %","0 %","0 %","0","0","0","0","-","-","-","5","5","5"
"https://m.media-amazon.com/images/I/615Q8Ln-u7L.jpg;https://m.media-amazon.com/images/I/71yaCjeqCQL.jpg","五木食品 贅沢鍋焼 ごま豆乳担担うどん 244g","","","","","0","0","0","0","","1","1","","","","-","no","","","","","","100 %","7","7","","","","","","","-","","","","-","259","259","0 %","","","","https://www.amazon.co.jp/dp/B07FWLKHX3","https://keepa.com/#!product/5-B07FWLKHX3","食品・飲料・お酒","うどん","食品・飲料・お酒 › 麺類・パスタ › うどん","B07FWLKHX3","4901726014424","五木食品","五木食品","1","1","2018-08-20","18.8","18.2","5.2","300","1","","","","244","no","","","0 %","0 %","0 %","0 %","0 %","0 %","0 %","0 %","0","0","0","0","-","-","-","5","5","5"
"https://m.media-amazon.com/images/I/61lqZjIUZnL.jpg;https://m.media-amazon.com/images/I/51PI3AtPESL.jpg;https://m.media-amazon.com/images/I/71v9SeyWOPL.jpg","五木食品 糖質30%off とんこつラーメン 75g×10個","","","","","0","0","0","0","","3.7","7","","","","-","no","","","","","","100 %","1","1","","","","","","","-","","","","-","1,580","1,580","0 %","","","","https://www.amazon.co.jp/dp/B074VMNHGF","https://keepa.com/#!product/5-B074VMNHGF","食品・飲料・お酒","ラーメン","食品・飲料・お酒 › 麺類・パスタ › ラーメン","B074VMNHGF","4901726014141","五木食品","五木食品","10","10","","25.6","20.1","6.1","920","10","","","","75","no","","","0 %","0 %","0 %","0 %","0 %","0 %","0 %","0 %","0","0","0","0","-","-","-","5","5","5"
"https://m.media-amazon.com/images/I/71v73w7CusL.jpg;https://m.media-amazon.com/images/I/61j53TGRN1L.jpg;https://m.media-amazon.com/images/I/61+UvZYvVjL.jpg;https://m.media-amazon.com/images/I/51kZSIP7nCL.jpg;https://m.media-amazon.com/images/I/515D62IHTuL.jpg","五木食品 スープ付ちゃんぽん 267g×10個","","","386547","","0","0","0","0","","4.1","34","","","","-","no","","","","","","100 %","1","1","","","","","","","-","","","","-","2,710","2,710","0 %","","","","https://www.amazon.co.jp/dp/B074VWBWH8","https://keepa.com/#!product/5-B074VWBWH8","食品・飲料・お酒","ラーメン","食品・飲料・お酒 › 麺類・パスタ › ラーメン","B074VWBWH8","4901726014004","五木食品","五木食品","10","10","","35.3","23.4","7.9","2880","10","","","","2670","no","","","0 %","0 %","0 %","0 %","0 %","0 %","0 %","0 %","0","0","0","0","-","-","-","5","5","5"
"https://m.media-amazon.com/images/I/71NuPVYaSpL.jpg;https://m.media-amazon.com/images/I/61pUTrjGCKL.jpg;https://m.media-amazon.com/images/I/71usCiYAnrL.jpg;https://m.media-amazon.com/images/I/71tIFkPexXL.jpg","五木食品 激情ラーメンカレー豚骨 115g×5個","","","","","0","0","0","0","","3.9","45","","","","-","no","","","","","","100 %","1","1","","","","","","","-","","","","-","1,100","1,100","0 %","","","","https://www.amazon.co.jp/dp/B074VXYYVB","https://keepa.com/#!product/5-B074VXYYVB","食品・飲料・お酒","ラーメン","食品・飲料・お酒 › 麺類・パスタ › ラーメン","B074VXYYVB","4901726014172","五木食品","五木食品","5","5","","25.1","11.7","7.1","660","5","","","","115","no","","","0 %","0 %","0 %","0 %","0 %","0 %","0 %","0 %","0","0","0","0","-","-","-","5","5","5"
"https://m.media-amazon.com/images/I/71P-IaF0vTL.jpg","五木食品 スープ付ちゃんぽん 267g","","","","","0","0","0","0","","3.7","5","","","","-","no","","","","","","100 %","1","1","","","","","","","-","","","","-","","","","","","","https://www.amazon.co.jp/dp/B0751H3TZZ","https://keepa.com/#!product/5-B0751H3TZZ","食品・飲料・お酒","ラーメン","食品・飲料・お酒 › 麺類・パスタ › ラーメン","B0751H3TZZ","4901726014004","五木食品","五木食品","1","1","2017-08-22","23.2","8.7","3.8","290","1","","","","","no","","","0 %","0 %","0 %","0 %","0 %","0 %","0 %","0 %","0","0","0","0","-","-","-","5","5","5"
"https://m.media-amazon.com/images/I/613imVtCCgL.jpg;https://m.media-amazon.com/images/I/71Nn3FbDL6L.jpg;https://m.media-amazon.com/images/I/71PwJnVpQKL.jpg","五木食品 熱辛ラーメン辛旨味噌とんとつ 136g","","","","","0","0","0","0","","2.6","5","","","","-","no","","","","","","100 %","1","1","","","","","","","-","","","","-","","","","","","","https://www.amazon.co.jp/dp/B0751HV3HF","https://keepa.com/#!product/5-B0751HV3HF","食品・飲料・お酒","ラーメン","食品・飲料・お酒 › 麺類・パスタ › ラーメン","B0751HV3HF","4901726014165","五木食品","五木食品","1","1","2017-08-22","24.9","10.3","1.9","150","1","","","","","no","","","0 %","0 %","0 %","0 %","0 %","0 %","0 %","0 %","0","0","0","0","-","-","-","5","5","5"
"https://m.media-amazon.com/images/I/618E4B0uadL.jpg;https://m.media-amazon.com/images/I/71b2RJ2lp5L.jpg;https://m.media-amazon.com/images/I/71HnbpbPO5L.jpg","五木食品 激情ラーメンカレー豚骨 115g","","","","","0","0","0","0","","","","","","","-","no","","","","","","100 %","4","4","","","","","","","-","","","","-","","","","","","","https://www.amazon.co.jp/dp/B0751HZ24K","https://keepa.com/#!product/5-B0751HZ24K","食品・飲料・お酒","ラーメン","食品・飲料・お酒 › 麺類・パスタ › ラーメン","B0751HZ24K","4901726014172","五木食品","五木食品","1","1","2017-08-22","25.3","10.2","1.8","120","1","","","","","no","","","0 %","0 %","0 %","0 %","0 %","0 %","0 %","0 %","0","0","0","0","-","-","-","","",""
"https://m.media-amazon.com/images/I/51r5uVysI5L.jpg;https://m.media-amazon.com/images/I/71ZHgoBzjoL.jpg","五木食品 糖質30%off とんこつラーメン 75g","","","","","0","0","0","0","","","","","","","-","no","","","","","","100 %","3","3","","","","","","","-","","","","-","","","","","","","https://www.amazon.co.jp/dp/B0751J97HK","https://keepa.com/#!product/5-B0751J97HK","食品・飲料・お酒","ラーメン","食品・飲料・お酒 › 麺類・パスタ › ラーメン","B0751J97HK","4901726014141","五木食品","五木食品","1","1","2017-08-22","24.3","8.3","1.5","90","1","","","","","no","","","0 %","0 %","0 %","0 %","0 %","0 %","0 %","0 %","0","0","0","0","-","-","-","","",""
"https://m.media-amazon.com/images/I/719QZby4eHL.jpg;https://m.media-amazon.com/images/I/610C2LPT2XL.jpg;https://m.media-amazon.com/images/I/610i+GpyaLL.jpg;https://m.media-amazon.com/images/I/51Xri4Yxx+L.jpg","五木食品 熱辛ラーメン辛旨味噌とんこつ 136g×10個","","","","","0","0","0","0","","4","358","","","","-","no","","","","","","100 %","1","1","","","","","","","-","","","","-","","","","","","","https://www.amazon.co.jp/dp/B09WJ1PFG6?psc=1","https://keepa.com/#!product/5-B09WJ1PFG6","食品・飲料・お酒","ラーメン","食品・飲料・お酒 › 麺類・パスタ › ラーメン","B09WJ1PFG6","2203250000129","五木食品","五木食品","10","10","2022-04-01","26","21.4","7.2","1540","10","","","","1360","no","","","0 %","0 %","0 %","0 %","0 %","0 %","0 %","0 %","0","0","0","0","-","-","-","5","5","5"
"https://m.media-amazon.com/images/I/81fDaSHFMkL.jpg;https://m.media-amazon.com/images/I/61XlP1eKJ-L.jpg;https://m.media-amazon.com/images/I/71RrLJfP61L.jpg;https://m.media-amazon.com/images/I/81zUW-FdGjL.jpg","五木食品 ざるラーメン和風しょうゆ 280g(2人前)×4袋","","","","","0","0","0","0","","4.5","2","","","","-","no","","","","","","100 %","1","1","","","","","","","-","","","","-","960","960","0 %","","","","https://www.amazon.co.jp/dp/B00CPWV5M8","https://keepa.com/#!product/5-B00CPWV5M8","食品・飲料・お酒","ラーメン","食品・飲料・お酒 › 麺類・パスタ › ラーメン","B00CPWV5M8","4901726003077","五木食品","五木食品","4","","","28","11.2","9.5","1250","4","","","","","no","","","0 %","0 %","0 %","0 %","0 %","0 %","0 %","0 %","0","0","0","0","-","-","-","5","5","5"
"https://m.media-amazon.com/images/I/81KkxZA9J-L.jpg;https://m.media-amazon.com/images/I/619xPzlu1sL.jpg;https://m.media-amazon.com/images/I/71QoqXkxGRL.jpg;https://m.media-amazon.com/images/I/71gsO2jcszL.jpg","五木食品 ざるラーメンゴマだれ 270g(2人前)×4袋","","","","","0","0","0","0","","","","","","","-","no","","","","","","100 %","2","2","","","","","","","-","","","","-","960","960","0 %","","","","https://www.amazon.co.jp/dp/B00CPWV8PW","https://keepa.com/#!product/5-B00CPWV8PW","食品・飲料・お酒","ラーメン","食品・飲料・お酒 › 麺類・パスタ › ラーメン","B00CPWV8PW","4901726003091","五木食品","五木食品","4","4","","28","11.2","9.5","1200","4","","","","","no","","","0 %","0 %","0 %","0 %","0 %","0 %","0 %","0 %","0","0","0","0","-","-","-","5","5","5"
"https://m.media-amazon.com/images/I/81kgoQ2m0vL.jpg;https://m.media-amazon.com/images/I/61tWcLUePXL.jpg;https://m.media-amazon.com/images/I/71V1Wwg7usL.jpg;https://m.media-amazon.com/images/I/81nNdrqr62L.jpg","五木食品 ざるラーメン辛みそだれ 266g(2人前)×4袋","","","","","0","0","0","0","","","","","","","-","no","","","","","","100 %","1","1","","","","","","","-","","","","-","960","960","0 %","","","","https://www.amazon.co.jp/dp/B00CPWVA32","https://keepa.com/#!product/5-B00CPWVA32","食品・飲料・お酒","ラーメン","食品・飲料・お酒 › 麺類・パスタ › ラーメン","B00CPWVA32","4901726010112","五木食品","五木食品","4","","","28","11.2","9.5","1100","4","","","","","no","","","0 %","0 %","0 %","0 %","0 %","0 %","0 %","0 %","0","0","0","0","-","-","-","","",""
"https://m.media-amazon.com/images/I/51KiLKcRgZL.jpg","五木食品 無塩づくり山芋入りそば 320g","","","","","0","0","0","0","","4","3","","","","-","no","","","","","","100 %","4","4","","","","","","","-","","","","-","","","","","","","https://www.amazon.co.jp/dp/B071CW6FSW","https://keepa.com/#!product/5-B071CW6FSW","食品・飲料・お酒","そば","食品・飲料・お酒 › 麺類・パスタ › そば","B071CW6FSW","4901726013571","五木食品","五木食品","1","1","2017-04-20","23.4","8.9","2.2","330","1","","","","","no","","","0 %","0 %","0 %","0 %","0 %","0 %","0 %","0 %","0","0","0","0","-","-","-","5","5","5"
"https://m.media-amazon.com/images/I/41U0XaLvQiL.jpg","五木食品 早煮えうどん 400g","","","","","0","0","0","0","","","","","","","-","no","","","","","","100 %","5","5","","","","","","","-","","","","-","","","","","","","https://www.amazon.co.jp/dp/B071D5NJBB","https://keepa.com/#!product/5-B071D5NJBB","食品・飲料・お酒","うどん","食品・飲料・お酒 › 麺類・パスタ › うどん","B071D5NJBB","4901726010822","五木食品","五木食品","1","1","2017-04-20","22.2","9.8","2.6","410","1","","","","","no","","","0 %","0 %","0 %","0 %","0 %","0 %","0 %","0 %","0","0","0","0","-","-","-","","",""
"https://m.media-amazon.com/images/I/51fpJKgDI5L.jpg","五木食品 ゆでのびしにくい日本そば 500g","","","","","0","0","0","0","","","","","","","-","no","","","","","","100 %","1","1","","","","","","","-","","","","-","431","431","0 %","","","","https://www.amazon.co.jp/dp/B006ZSKUEC","https://keepa.com/#!product/5-B006ZSKUEC","食品・飲料・お酒","そば","食品・飲料・お酒 › 麺類・パスタ › そば","B006ZSKUEC","4901726011416","五木食品","五木食品","1","1","","21","11","2.5","499","1","","","","500","no","","","0 %","0 %","0 %","0 %","0 %","0 %","0 %","0 %","0","0","0","0","-","-","-","","",""
"https://m.media-amazon.com/images/I/51Ygrq+NCxL.jpg","五木食品 ゆでのびしにくい茶そば 500g","","","","","0","0","0","0","","","","","","","-","no","","","","","","100 %","1","1","","","","","","","-","","","","-","651","651","0 %","","","","https://www.amazon.co.jp/dp/B006ZSKUUQ","https://keepa.com/#!product/5-B006ZSKUUQ","食品・飲料・お酒","そば","食品・飲料・お酒 › 麺類・パスタ › そば","B006ZSKUUQ","4901726011423","五木食品","五木食品","1","","","22.5","11.5","3","549","1","","","","","no","","","0 %","0 %","0 %","0 %","0 %","0 %","0 %","0 %","0","0","0","0","-","-","-","","",""
"https://m.media-amazon.com/images/I/513cv0lmH+L.jpg","五木食品 ゆでのびしにくい中華麺 500g","","","","","0","0","0","0","","","","","","","-","no","","","","","","100 %","1","1","","","","","","","-","","","","-","431","431","0 %","","","","https://www.amazon.co.jp/dp/B006ZSKV2S","https://keepa.com/#!product/5-B006ZSKV2S","食品・飲料・お酒","ラーメン","食品・飲料・お酒 › 麺類・パスタ › ラーメン","B006ZSKV2S","4901726011430","五木食品","五木食品","1","","","22","12","2.5","499","1","","","","","no","","","0 %","0 %","0 %","0 %","0 %","0 %","0 %","0 %","0","0","0","0","-","-","-","","",""
"https://m.media-amazon.com/images/I/81K+6ELlJ6L.jpg;https://m.media-amazon.com/images/I/81YAsWzKdyL.jpg","五木食品 業務用茶そば 450g","","","","","0","0","0","0","","5","1","","","","-","no","","","","","","100 %","1","1","","","","","","","-","","","","-","651","651","0 %","","","","https://www.amazon.co.jp/dp/B006ZSKYNY","https://keepa.com/#!product/5-B006ZSKYNY","食品・飲料・お酒","そば","食品・飲料・お酒 › 麺類・パスタ › そば","B006ZSKYNY","4901726002285","五木食品","五木食品","1","1","","22","10","3","449","1","22","10","3","450","no","","","0 %","0 %","0 %","0 %","0 %","0 %","0 %","0 %","0","0","0","0","-","-","-","5","5","5"
"https://m.media-amazon.com/images/I/51zubgku86L.jpg","五木食品 煮込みちゃんぽん海鮮とんこつ 105g×10個","","","","","0","0","0","0","","","","","","","-","no","","","","","","100 %","1","1","","","","","","","-","","","","-","1,500","1,500","0 %","","","","https://www.amazon.co.jp/dp/B0092K3TU2","https://keepa.com/#!product/5-B0092K3TU2","食品・飲料・お酒","ラーメン","食品・飲料・お酒 › 麺類・パスタ › ラーメン","B0092K3TU2","4901726011874","五木食品","五木食品","10","","","24","11","8","1152","10","","","","","no","","","0 %","0 %","0 %","0 %","0 %","0 %","0 %","0 %","0","0","0","0","-","-","-","","",""
"https://m.media-amazon.com/images/I/61DQTByNl7L.jpg;https://m.media-amazon.com/images/I/71Htlh+6afL.jpg","五木食品 鍋焼韓国風チャンポン 172g×6個","","","","","0","0","0","0","","","","","","","-","no","","","","","","100 %","1","1","","","","","","","-","","","","-","1,170","1,170","0 %","","","","https://www.amazon.co.jp/dp/B0092K3U5Q","https://keepa.com/#!product/5-B0092K3U5Q","食品・飲料・お酒","ラーメン","食品・飲料・お酒 › 麺類・パスタ › ラーメン","B0092K3U5Q","4901726011867","五木食品","五木食品","6","","","23","18.2","18.2","1220","6","","","","","no","","","0 %","0 %","0 %","0 %","0 %","0 %","0 %","0 %","0","0","0","0","-","-","-","","",""
"https://m.media-amazon.com/images/I/71NI5M6hIpL.jpg;https://m.media-amazon.com/images/I/61YDn0jbrvL.jpg;https://m.media-amazon.com/images/I/51KgwKI3wBL.jpg;https://m.media-amazon.com/images/I/416nipyJBEL.jpg;https://m.media-amazon.com/images/I/51szsZVVGEL.jpg;https://m.media-amazon.com/images/I/714HufEFlpL.jpg","五木食品 国産原料使用乱切りとろろそば 200g×2個","","","","","0","0","0","0","","5","16","","","","-","no","","","","","","100 %","1","1","","","","","","","-","","","","-","782","782","0 %","","","","https://www.amazon.co.jp/dp/B0092K3UA6","https://keepa.com/#!product/5-B0092K3UA6","食品・飲料・お酒","そば","食品・飲料・お酒 › 麺類・パスタ › そば","B0092K3UA6","4901726020050","五木食品","五木食品","2","","","26","9","3","399","2","","","","","no","","","0 %","0 %","0 %","0 %","0 %","0 %","0 %","0 %","0","0","0","0","-","-","-","5","5","5"
"https://m.media-amazon.com/images/I/510FmpebG-L.jpg;https://m.media-amazon.com/images/I/81GzD2OuHlL.jpg;https://m.media-amazon.com/images/I/71YD+y0ZbGL.jpg","五木食品 拉麺豚骨道熊本 272g(2食入り)","","","","","0","0","0","0","","3.5","69","","","","-","no","","","","","","100 %","1","1","","","","","","","-","","","","-","","","","","","","https://www.amazon.co.jp/dp/B0092K3UEC","https://keepa.com/#!product/5-B0092K3UEC","食品・飲料・お酒","ラーメン","食品・飲料・お酒 › 麺類・パスタ › ラーメン","B0092K3UEC","4901726011843","五木食品","五木食品","2","1","","24.5","13","4","299","1","","","","","no","","","0 %","0 %","0 %","0 %","0 %","0 %","0 %","0 %","0","0","0","0","-","-","-","5","5","5"
"https://m.media-amazon.com/images/I/61t9Xy-5DsL.jpg;https://m.media-amazon.com/images/I/61WV9zQOvXL.jpg;https://m.media-amazon.com/images/I/81UbWY2L6jL.jpg;https://m.media-amazon.com/images/I/61RxicPuSTL.jpg","五木食品 拉麺豚骨道博多 274g(2食入り)","","","","","0","0","0","0","","3.8","115","","","","-","no","","","","","","100 %","1","1","","","","","","","-","","","","-","510","510","0 %","","","","https://www.amazon.co.jp/dp/B0092K3UJ2","https://keepa.com/#!product/5-B0092K3UJ2","食品・飲料・お酒","ラーメン","食品・飲料・お酒 › 麺類・パスタ › ラーメン","B0092K3UJ2","4901726011850","五木食品","五木食品","2","1","","25.5","14.5","3.8","320","1","","","","","no","","","0 %","0 %","0 %","0 %","0 %","0 %","0 %","0 %","0","0","0","0","-","-","-","5","5","5"
"https://m.media-amazon.com/images/I/51+PNAUeKeL.jpg","五木食品 棒状鍋用ラーメン 240g×5個","","","","","0","0","0","0","","3.9","17","","","","-","no","","","","","","100 %","1","1","","","","","","","-","","","","-","800","800","0 %","","","","https://www.amazon.co.jp/dp/B009KYS0G8","https://keepa.com/#!product/5-B009KYS0G8","食品・飲料・お酒","ラーメン","食品・飲料・お酒 › 麺類・パスタ › ラーメン","B009KYS0G8","4901726011003","五木食品","五木食品","5","5","","20.5","11.7","7.8","1247","5","","","","240","no","","","0 %","0 %","0 %","0 %","0 %","0 %","0 %","0 %","0","0","0","0","-","-","-","5","5","5"
"https://m.media-amazon.com/images/I/6118MiVgOfL.jpg","五木食品 鍋用チャンポン 180g×6個","","","","","0","0","0","0","","","","","","","-","no","","","","","","100 %","1","1","","","","","","","-","","","","-","1,080","1,080","0 %","","","","https://www.amazon.co.jp/dp/B009KYS1AS","https://keepa.com/#!product/5-B009KYS1AS","食品・飲料・お酒","ラーメン","食品・飲料・お酒 › 麺類・パスタ › ラーメン","B009KYS1AS","4901726011324","五木食品","五木食品","6","","","22.4","16.1","15.6","1207","6","","","","","no","","","0 %","0 %","0 %","0 %","0 %","0 %","0 %","0 %","0","0","0","0","-","-","-","","",""
"https://m.media-amazon.com/images/I/51Qyn531bqL.jpg","五木食品 鍋用ラーメン 180g×6個","","","","","0","0","0","0","","5","1","","","","-","no","","","","","","100 %","1","1","","","","","","","-","","","","-","1,200","1,200","0 %","","","","https://www.amazon.co.jp/dp/B009LE9EXA","https://keepa.com/#!product/5-B009LE9EXA","食品・飲料・お酒","ラーメン","食品・飲料・お酒 › 麺類・パスタ › ラーメン","B009LE9EXA","4901726010754","五木食品","五木食品","6","6","","22.5","16.5","15.8","1202","6","","","","180","no","","","0 %","0 %","0 %","0 %","0 %","0 %","0 %","0 %","0","0","0","0","-","-","-","5","5","5"
"https://m.media-amazon.com/images/I/71U0QUgD6IL.jpg;https://m.media-amazon.com/images/I/810ZbSX7qAL.jpg","五木食品 つけ麺辛みそごま 260g","","","","","0","0","0","0","","5","1","","","","-","no","","","","","","100 %","1","1","","","","","","","-","","","","-","","","","","","","https://www.amazon.co.jp/dp/B01G8CZ39Q","https://keepa.com/#!product/5-B01G8CZ39Q","食品・飲料・お酒","ラーメン","食品・飲料・お酒 › 麺類・パスタ › ラーメン","B01G8CZ39Q","4901726013304","五木食品","五木食品","1","1","2016-05-27","24.5","10.6","2","260","1","","","","","no","","","0 %","0 %","0 %","0 %","0 %","0 %","0 %","0 %","0","0","0","0","-","-","-","","",""
"https://m.media-amazon.com/images/I/817N2KaCwsL.jpg;https://m.media-amazon.com/images/I/71HywD3pZ5L.jpg;https://m.media-amazon.com/images/I/71-4F4cvUjL.jpg;https://m.media-amazon.com/images/I/71D-iZM1j+L.jpg;https://m.media-amazon.com/images/I/71WOLxp-PoL.jpg;https://m.media-amazon.com/images/I/61fBQ95rZYL.jpg;https://m.media-amazon.com/images/I/61UGgehQHcL.jpg","五木食品 ナポリ風スパゲティ 200g×3個","","","","","0","0","0","0","","3.6","51","","","","-","no","","","","","","100 %","1","1","","","","","","","-","","","","-","387","387","0 %","","","","https://www.amazon.co.jp/dp/B07V9F96XL","https://keepa.com/#!product/5-B07V9F96XL","食品・飲料・お酒","パスタ","食品・飲料・お酒 › 麺類・パスタ › パスタ","B07V9F96XL","4901726005040","五木食品","五木食品","3","1","2019-07-15","13.4","12.9","8.7","640","3","","","","200","no","","","0 %","0 %","0 %","0 %","0 %","0 %","0 %","0 %","0","0","0","0","-","-","-","5","5","5"
"https://m.media-amazon.com/images/I/711IdkUfp4L.jpg;https://m.media-amazon.com/images/I/617l2YfoCyL.jpg;https://m.media-amazon.com/images/I/61RFkxVed1L.jpg;https://m.media-amazon.com/images/I/61L7cHjlBvL.jpg","五木食品 五木博多焼うどん辛子明太風味 376g ×18個","","","","","0","0","0","0","","","","","","","-","no","","","","","","100 %","1","1","","","","","","","-","","","","-","","","0 %","","","","https://www.amazon.co.jp/dp/B07X1S6KFP","https://keepa.com/#!product/5-B07X1S6KFP","食品・飲料・お酒","うどん","食品・飲料・お酒 › 麺類・パスタ › うどん","B07X1S6KFP","4901726060308","五木食品","五木食品","18","","","42.2","27.2","15","7720","1","","","","","no","","","0 %","0 %","0 %","0 %","0 %","0 %","0 %","0 %","0","0","0","0","-","-","-","5","5","5"
"https://m.media-amazon.com/images/I/61W53p5OYPL.jpg;https://m.media-amazon.com/images/I/61xUjenO74L.jpg;https://m.media-amazon.com/images/I/61NNm7kEP3L.jpg;https://m.media-amazon.com/images/I/61P9H0LE+lL.jpg","五木食品 棒状鍋用ラーメン 195g ×20個","","","","","0","0","0","0","","5","1","","","","-","no","","","","","","100 %","1","1","","","","","","","-","","","","-","","","0 %","","","","https://www.amazon.co.jp/dp/B07X3WDGWT","https://keepa.com/#!product/5-B07X3WDGWT","食品・飲料・お酒","ラーメン","食品・飲料・お酒 › 麺類・パスタ › ラーメン","B07X3WDGWT","4901726041000","五木食品","五木食品","20","20","","35.4","22","9.2","4320","1","","","","","no","","","0 %","0 %","0 %","0 %","0 %","0 %","0 %","0 %","0","0","0","0","-","-","-","5","5","5"
"https://m.media-amazon.com/images/I/81DyjqUujBL.jpg;https://m.media-amazon.com/images/I/715gQieSlYL.jpg;https://m.media-amazon.com/images/I/61RaUjuGbRL.jpg;https://m.media-amazon.com/images/I/61LZwY1UXYL.jpg","五木食品 五木博多焼うどん辛子明太風味 376g ×3袋","","","","","0","0","0","0","","","","","","","-","no","","","","","","100 %","1","1","","","","","","","-","","","","-","","","","","","","https://www.amazon.co.jp/dp/B07XJX3358","https://keepa.com/#!product/5-B07XJX3358","食品・飲料・お酒","うどん","食品・飲料・お酒 › 麺類・パスタ › うどん","B07XJX3358","4901726050309","五木食品","五木食品","3","1","2019-09-10","36.6","18","5.2","1200","3","","","","","no","","","0 %","0 %","0 %","0 %","0 %","0 %","0 %","0 %","0","0","0","0","-","-","-","","",""
"https://m.media-amazon.com/images/I/81CVCj6+PhL.jpg;https://m.media-amazon.com/images/I/61BA3LtA9jL.jpg;https://m.media-amazon.com/images/I/61w9BAiZk1L.jpg;https://m.media-amazon.com/images/I/61my7xpo3-L.jpg","五木食品 2コ焼うどんソース味 406g ×3個","","","","","0","0","0","0","","","","","","","-","no","","","","","","100 %","1","1","","","","","","","-","","","","-","","","","","","","https://www.amazon.co.jp/dp/B07XL2DCL4","https://keepa.com/#!product/5-B07XL2DCL4","食品・飲料・お酒","うどん","食品・飲料・お酒 › 麺類・パスタ › うどん","B07XL2DCL4","4901726050293","五木食品","五木食品","3","1","2019-09-10","34.8","15","5.4","1240","3","","","","","no","","","0 %","0 %","0 %","0 %","0 %","0 %","0 %","0 %","0","0","0","0","-","-","-","","",""
"https://m.media-amazon.com/images/I/611IJ5aHZcL.jpg","五木食品 博多うどん 360g ×20個","","","","","0","0","0","0","","4.3","9","","","","-","no","","","","","","100 %","1","1","","","","","","","-","","","","-","","","0 %","","","","https://www.amazon.co.jp/dp/B07XPVR36H","https://keepa.com/#!product/5-B07XPVR36H","食品・飲料・お酒","うどん","食品・飲料・お酒 › 麺類・パスタ › うどん","B07XPVR36H","4901726040928","五木食品","五木食品","20","20","","37","22.2","13","7760","1","","","","","no","","","0 %","0 %","0 %","0 %","0 %","0 %","0 %","0 %","0","0","0","0","-","-","-","5","5","5"
"https://m.media-amazon.com/images/I/61s-G4iwgXL.jpg","五木食品 つゆ付ざるそば 300g ×20個","","","","","0","0","0","0","","3","1","","","","-","no","","","","","","100 %","1","1","","","","","","","-","","","","-","","","0 %","","","","https://www.amazon.co.jp/dp/B07XPZY91Y","https://keepa.com/#!product/5-B07XPZY91Y","食品・飲料・お酒","そば","食品・飲料・お酒 › 麺類・パスタ › そば","B07XPZY91Y","4901726041017","五木食品","五木食品","20","","","39","22.6","12.2","6520","1","","","","","no","","","0 %","0 %","0 %","0 %","0 %","0 %","0 %","0 %","0","0","0","0","-","-","-","5","5","5"
"https://m.media-amazon.com/images/I/61hIvNTUlNL.jpg;https://m.media-amazon.com/images/I/61VmJCbAsYL.jpg;https://m.media-amazon.com/images/I/61crcQbt7ZL.jpg;https://m.media-amazon.com/images/I/61-ObLcszGL.jpg","五木食品 彩菜ざるうどん 320g ×20個","","","","","0","0","0","0","","3","2","","","","-","no","","","","","","100 %","1","1","","","","","","","-","","","","-","","","0 %","","","","https://www.amazon.co.jp/dp/B07XQDH6ZK","https://keepa.com/#!product/5-B07XQDH6ZK","食品・飲料・お酒","うどん","食品・飲料・お酒 › 麺類・パスタ › うどん","B07XQDH6ZK","4901726040959","五木食品","五木食品","20","20","","35","22.6","12.4","7020","1","","","","320","no","","","0 %","0 %","0 %","0 %","0 %","0 %","0 %","0 %","0","0","0","0","-","-","-","5","5","5"
"https://m.media-amazon.com/images/I/8190ofE5mUL.jpg;https://m.media-amazon.com/images/I/61dTs2p+rVL.jpg;https://m.media-amazon.com/images/I/61ag7WnWaEL.jpg;https://m.media-amazon.com/images/I/61wJ3LudLjL.jpg","五木食品 熟成素麺 540g ×3個","","","","","0","0","0","0","","","","","","","-","no","","","","","","100 %","1","1","","","","","","","-","","","","-","","","","","","","https://www.amazon.co.jp/dp/B07XQNPKYF","https://keepa.com/#!product/5-B07XQNPKYF","食品・飲料・お酒","そうめん・ひやむぎ","食品・飲料・お酒 › 麺類・パスタ › そうめん・ひやむぎ","B07XQNPKYF","4901726014783","五木食品","五木食品","3","1","2019-09-10","38","21.9","3.6","1680","3","","","","540","no","","","0 %","0 %","0 %","0 %","0 %","0 %","0 %","0 %","0","0","0","0","-","-","-","","",""
"https://m.media-amazon.com/images/I/81YhUkQCIRL.jpg;https://m.media-amazon.com/images/I/715RefdoyEL.jpg","【Amazon.co.jp限定】五木食品 詰め合わせお楽しみBOX(熊本ラーメンセット)(セット商品)","","","","","0","0","0","0","","5","1","","","","-","no","","","","","","100 %","3","3","","","","","","","-","","","","-","1,000","1,000","0 %","","","","https://www.amazon.co.jp/dp/B0186NF88G","https://keepa.com/#!product/5-B0186NF88G","食品・飲料・お酒","ラーメン","食品・飲料・お酒 › 麺類・パスタ › ラーメン","B0186NF88G","4901726011911","五木食品","五木食品","1","4","","23.5","20","8","660","1","","","","575","no","","","0 %","0 %","0 %","0 %","0 %","0 %","0 %","0 %","0","0","0","0","-","-","-","","",""
"https://m.media-amazon.com/images/I/71uUGKJk0VL.jpg;https://m.media-amazon.com/images/I/71YmK-jD77L.jpg;https://m.media-amazon.com/images/I/81N4ZSnPs+L.jpg;https://m.media-amazon.com/images/I/71lVtSwh07L.jpg","五木食品 五木庵天ぷらそば 165g×10個","","","","","0","0","0","0","","3.3","8","","","","-","no","","","","","","100 %","8","8","","","","","","","-","","","","-","1,320","1,320","0 %","","","","https://www.amazon.co.jp/dp/B00L4RV37C","https://keepa.com/#!product/5-B00L4RV37C","食品・飲料・お酒","そば","食品・飲料・お酒 › 麺類・パスタ › そば","B00L4RV37C","4901726012215","五木食品","五木食品","10","","","29","18","13","1780","10","","","","165","no","","","0 %","0 %","0 %","0 %","0 %","0 %","0 %","0 %","0","0","0","0","-","-","-","","",""
"https://m.media-amazon.com/images/I/61ANRIcbHML.jpg;https://m.media-amazon.com/images/I/51VN2sGzJ-L.jpg","五木食品 ざるラーメン ゴマだれ 264g×12個入","","","","","0","0","0","0","","","","3,496","3,496","0 %","Smile Spoon (96%) / ANX50H5BJ2R33","no","","","","","","100 %","1","1","3,496","3,496","0 %","","","","-","3,496","3,496","","-","0","0","0 %","1","1","0 %","https://www.amazon.co.jp/dp/B07SLK5VN6","https://keepa.com/#!product/5-B07SLK5VN6","食品・飲料・お酒","ラーメン","食品・飲料・お酒 › 麺類・パスタ › ラーメン","B07SLK5VN6","4901726013175","五木食品","五木食品","12","","","30.6","26.6","11.9","3600","12","30.6","26.6","11.9","3600","no","","","0 %","0 %","0 %","0 %","77 %","75 %","75 %","75 %","1","1","1","1","-","-","-","8","7","3"
"https://m.media-amazon.com/images/I/81qxVOJLN-L.jpg;https://m.media-amazon.com/images/I/714IyycaY+L.jpg","五木食品 ざるラーメンだし割りカレー 256g(2人前)×4袋","","","","","0","0","0","0","","","","","","","-","no","","","","","","100 %","1","1","","","","","","","-","","","","-","960","960","0 %","","","","https://www.amazon.co.jp/dp/B00CM23RQS","https://keepa.com/#!product/5-B00CM23RQS","食品・飲料・お酒","ラーメン","食品・飲料・お酒 › 麺類・パスタ › ラーメン","B00CM23RQS","4901726012000","五木食品","五木食品","4","","","25.8","13.4","9.4","1120","4","","","","","no","","","0 %","0 %","0 %","0 %","0 %","0 %","0 %","0 %","0","0","0","0","-","-","-","5","5","5"
"https://m.media-amazon.com/images/I/81Y8uNj7FnL.jpg;https://m.media-amazon.com/images/I/61GvjHQ+J9L.jpg;https://m.media-amazon.com/images/I/71d7t8+22ML.jpg;https://m.media-amazon.com/images/I/71fFhQFi7IL.jpg","五木食品 日向夏冷し中華 268g(2人前)×4袋","","","","","0","0","0","0","","5","2","","","","-","no","","","","","","100 %","1","1","","","","","","","-","","","","-","1,020","1,020","0 %","","","","https://www.amazon.co.jp/dp/B00CM23VDM","https://keepa.com/#!product/5-B00CM23VDM","食品・飲料・お酒","ラーメン","食品・飲料・お酒 › 麺類・パスタ › ラーメン","B00CM23VDM","4901726012031","五木食品","五木食品","4","","","26","11","10","1180","4","","","","","no","","","0 %","0 %","0 %","0 %","0 %","0 %","0 %","0 %","0","0","0","0","-","-","-","","",""
"https://m.media-amazon.com/images/I/71X2-0-yO8L.jpg;https://m.media-amazon.com/images/I/61zRrXR7brL.jpg;https://m.media-amazon.com/images/I/71kwID8ZVeL.jpg;https://m.media-amazon.com/images/I/71jTbB6ldbL.jpg","五木食品 金ごま冷し中華 266g(2人前)×4袋","","","","","0","0","0","0","","5","2","","","","-","no","","","","","","100 %","1","1","","","","","","","-","","","","-","1,020","1,020","0 %","","","","https://www.amazon.co.jp/dp/B00CM23WNQ","https://keepa.com/#!product/5-B00CM23WNQ","食品・飲料・お酒","ラーメン","食品・飲料・お酒 › 麺類・パスタ › ラーメン","B00CM23WNQ","4901726012048","五木食品","五木食品","4","4","","27","15.3","12","1154","4","","","","266","no","","","0 %","0 %","0 %","0 %","0 %","0 %","0 %","0 %","0","0","0","0","-","-","-","","",""
"https://m.media-amazon.com/images/I/71IRiZmv4OL.jpg;https://m.media-amazon.com/images/I/610VK+JVq4L.jpg","五木食品 天の川のように輝くそうめん 400g×5袋","","","","","0","0","0","0","","","","","","","-","no","","","","","","100 %","1","1","","","","","","","-","","","","-","1,300","1,300","0 %","","","","https://www.amazon.co.jp/dp/B00CM23ZB0","https://keepa.com/#!product/5-B00CM23ZB0","食品・飲料・お酒","そうめん・ひやむぎ","食品・飲料・お酒 › 麺類・パスタ › そうめん・ひやむぎ","B00CM23ZB0","4901726011997","五木食品","五木食品","5","","","25.3","20.3","17.5","2110","5","","","","","no","","","0 %","0 %","0 %","0 %","0 %","0 %","0 %","0 %","0","0","0","0","-","-","-","","",""
"https://m.media-amazon.com/images/I/51FC+7oETJL.jpg;https://m.media-amazon.com/images/I/71yfkDdt1ZL.jpg;https://m.media-amazon.com/images/I/81nNkg8AdJL.jpg;https://m.media-amazon.com/images/I/717CMXtmaoL.jpg","五木食品 くまモンの焼そば 342g(2人前)×3袋","","","","","0","0","0","0","","3.6","54","","","","-","no","","","","","","100 %","1","1","","","","","","","-","","","","-","644","644","0 %","","","","https://www.amazon.co.jp/dp/B00CM240N2","https://keepa.com/#!product/5-B00CM240N2","食品・飲料・お酒","焼きそば","食品・飲料・お酒 › 麺類・パスタ › 焼きそば","B00CM240N2","4901726012123","五木食品","五木食品","3","3","","24.8","20.6","13.2","1112","3","","","","","no","","","0 %","0 %","0 %","0 %","0 %","0 %","0 %","0 %","0","0","0","0","-","-","-","","",""
"https://m.media-amazon.com/images/I/71tYC+9kAoL.jpg;https://m.media-amazon.com/images/I/61xxpZsSvLL.jpg;https://m.media-amazon.com/images/I/81rwoXWmlKL.jpg","五木食品 つけ麺 魚介醤油 180g×5袋","","","","","0","0","0","0","","3.8","31","","","","-","no","","","","","","100 %","1","1","","","","","","","-","","","","-","1,145","1,145","0 %","","","","https://www.amazon.co.jp/dp/B079TDXPVJ","https://keepa.com/#!product/5-B079TDXPVJ","食品・飲料・お酒","ラーメン","食品・飲料・お酒 › 麺類・パスタ › ラーメン","B079TDXPVJ","4901726014295","五木食品","五木食品","5","5","2018-03-01","24.6","10.2","6.2","920","5","","","","180","no","","","0 %","0 %","0 %","0 %","0 %","0 %","0 %","0 %","0","0","0","0","-","-","-","5","5","5"
"https://m.media-amazon.com/images/I/41QWIKOEL7L.jpg","五木食品 アベックラ-メン とんこつ味 180g×20個入×(2ケース)","","","","","0","0","0","0","","","","8,324","8,279","-7 %","SanLana Groceries (81%) / A3IKGNQJW3JYQ5","no","","","","","","100 %","1","1","8,279","8,257","-7 %","","","","-","8,279","8,245","","-","","","","3","3","67 %","https://www.amazon.co.jp/dp/B093PG8LBY","https://keepa.com/#!product/5-B093PG8LBY","食品・飲料・お酒","ラーメン","食品・飲料・お酒 › 麺類・パスタ › ラーメン","B093PG8LBY","4901726003060","五木食品","五木食品","40","2","","","","","","40","","","","180","no","","","0 %","0 %","0 %","0 %","46 %","47 %","42 %","39 %","3","4","4","4","194","117","59","8","8","8"
"https://m.media-amazon.com/images/I/61uohq5f2LL.jpg","五木食品 くまモンのそば熊本県産原料100%使用 200g","","","","","0","0","0","0","","3.2","16","","","","-","no","","","","","","100 %","3","3","","","","","","","-","","","","-","","","","","","","https://www.amazon.co.jp/dp/B07587RMZZ","https://keepa.com/#!product/5-B07587RMZZ","食品・飲料・お酒","そば","食品・飲料・お酒 › 麺類・パスタ › そば","B07587RMZZ","4901726012352","五木食品","五木食品","1","1","2017-08-31","23.1","8","1.9","200","1","","","","","no","","","0 %","0 %","0 %","0 %","0 %","0 %","0 %","0 %","0","0","0","0","-","-","-","","",""
"https://m.media-amazon.com/images/I/51f5fwscfkL.jpg;https://m.media-amazon.com/images/I/71iT3knEazL.jpg;https://m.media-amazon.com/images/I/71l1jjRbjGL.jpg","五木食品 久留米ほとめきラーメン 123g","","","","","0","0","0","0","","3.6","6","","","","-","no","","","","","","100 %","1","1","","","","","","","-","","","","-","","","","","","","https://www.amazon.co.jp/dp/B07587RS6C","https://keepa.com/#!product/5-B07587RS6C","食品・飲料・お酒","ラーメン","食品・飲料・お酒 › 麺類・パスタ › ラーメン","B07587RS6C","4901726011812","五木食品","五木食品","1","1","2017-08-31","23.6","8.6","1.8","140","1","","","","","no","","","0 %","0 %","0 %","0 %","0 %","0 %","0 %","0 %","0","0","0","0","-","-","-","5","5","5"
"https://m.media-amazon.com/images/I/61t9Xy-5DsL.jpg;https://m.media-amazon.com/images/I/61WV9zQOvXL.jpg;https://m.media-amazon.com/images/I/81VvLuVbQbL.jpg;https://m.media-amazon.com/images/I/61RxicPuSTL.jpg","五木食品 拉麺豚骨道博多 2食入","","","","","0","0","0","0","","3.9","115","","","","-","no","","","","","","100 %","1","1","","","","","","","-","","","","-","513","513","0 %","","","","https://www.amazon.co.jp/dp/B07587RVP8","https://keepa.com/#!product/5-B07587RVP8","食品・飲料・お酒","ラーメン","食品・飲料・お酒 › 麺類・パスタ › ラーメン","B07587RVP8","4901726011850","五木食品","五木食品","1","1","2017-08-31","24.6","14.9","3.7","320","1","","","","","no","","","0 %","0 %","0 %","0 %","0 %","0 %","0 %","0 %","0","0","0","0","-","-","-","5","5","5"
"https://m.media-amazon.com/images/I/71Ghv+E5bmL.jpg;https://m.media-amazon.com/images/I/71kPPA2mgHL.jpg","五木食品 3食野菜そうめん 240g","","","","","0","0","0","0","","5","29","","","","-","no","","","","","","100 %","3","3","","","","","","","-","","","","-","","","","","","","https://www.amazon.co.jp/dp/B0758BR7MK","https://keepa.com/#!product/5-B0758BR7MK","食品・飲料・お酒","そうめん・ひやむぎ","食品・飲料・お酒 › 麺類・パスタ › そうめん・ひやむぎ","B0758BR7MK","4901726013854","五木食品","五木食品","1","1","2017-08-31","23.7","8.1","2.5","250","1","","","","","no","","","0 %","0 %","0 %","0 %","0 %","0 %","0 %","0 %","0","0","0","0","-","-","-","","",""
"https://m.media-amazon.com/images/I/51P8i9nDO2L.jpg;https://m.media-amazon.com/images/I/713z5me1+hL.jpg;https://m.media-amazon.com/images/I/71Z+bkvS4oL.jpg","五木食品 博多おっしょいラーメン 123g","","","","","0","0","0","0","","4.7","5","","","","-","no","","","","","","100 %","1","1","","","","","","","-","","","","-","","","","","","","https://www.amazon.co.jp/dp/B0758BRC49?psc=1","https://keepa.com/#!product/5-B0758BRC49","食品・飲料・お酒","ラーメン","食品・飲料・お酒 › 麺類・パスタ › ラーメン","B0758BRC49","4901726011805","五木食品","五木食品","1","1","2017-08-31","23.8","8.5","1.8","130","1","","","","123","no","","","0 %","0 %","0 %","0 %","0 %","0 %","0 %","0 %","0","0","0","0","-","-","-","5","5","5"
"https://m.media-amazon.com/images/I/8147A+8qTxL.jpg","五木食品 鍋焼きつねうどん 210g","","","","","0","0","0","0","","3.9","181","","","","-","no","","","","","","100 %","1","1","","","","","","","-","","","","-","","","","","","","https://www.amazon.co.jp/dp/B0758BS27Z","https://keepa.com/#!product/5-B0758BS27Z","食品・飲料・お酒","うどん","食品・飲料・お酒 › 麺類・パスタ › うどん","B0758BS27Z","4901726013359","五木食品","五木食品","1","1","2017-08-31","18.1","17.6","4.5","250","1","","","","","no","","","0 %","0 %","0 %","0 %","0 %","0 %","0 %","0 %","0","0","0","0","-","-","-","5","5","5"
"https://m.media-amazon.com/images/I/61V10bkRn3L.jpg;https://m.media-amazon.com/images/I/71qY8Evd6aL.jpg;https://m.media-amazon.com/images/I/81i9ouQ+eZL.jpg","五木食品 熊本黒マー油とんこつラーメン 172g","","","","","0","0","0","0","","4.1","275","","","","-","no","","","","","","100 %","1","1","","","","","","","-","","","","-","","","","","","","https://www.amazon.co.jp/dp/B0758CBJMJ","https://keepa.com/#!product/5-B0758CBJMJ","食品・飲料・お酒","ラーメン","食品・飲料・お酒 › 麺類・パスタ › ラーメン","B0758CBJMJ","4901726012284","五木食品","五木食品","1","1","2017-08-31","23","7.9","2.8","190","1","","","","","no","","","0 %","0 %","0 %","0 %","0 %","0 %","0 %","0 %","0","0","0","0","-","-","-","5","5","5"
"https://m.media-amazon.com/images/I/71qNvh4jBVL.jpg;https://m.media-amazon.com/images/I/61R38XMF0GS.jpg;https://m.media-amazon.com/images/I/51WTkqGGNZS.jpg","五木食品 野菜そうめん(ほうれん草) 120g","","","","","0","0","0","0","","","","","","","-","no","","","","","","100 %","2","2","","","","","","","-","","","","-","","","","","","","https://www.amazon.co.jp/dp/B0758CKX37","https://keepa.com/#!product/5-B0758CKX37","食品・飲料・お酒","そうめん・ひやむぎ","食品・飲料・お酒 › 麺類・パスタ › そうめん・ひやむぎ","B0758CKX37","4901726013878","五木食品","五木食品","1","1","2017-08-31","25.7","8.8","1.1","130","1","","","","120","no","","","0 %","0 %","0 %","0 %","0 %","0 %","0 %","0 %","0","0","0","0","-","-","-","","",""
"https://m.media-amazon.com/images/I/816orrkwJ7L.jpg;https://m.media-amazon.com/images/I/81JW4EHNhkL.jpg","五木食品 野菜そうめん(にんじん) 120g","","","","","0","0","0","0","","5","1","","","","-","no","","","","","","100 %","2","2","","","","","","","-","","","","-","","","","","","","https://www.amazon.co.jp/dp/B0758CKX3R","https://keepa.com/#!product/5-B0758CKX3R","食品・飲料・お酒","そうめん・ひやむぎ","食品・飲料・お酒 › 麺類・パスタ › そうめん・ひやむぎ","B0758CKX3R","4901726013861","五木食品","五木食品","1","1","2017-08-31","25.6","8.7","1.2","130","1","","","","120","no","","","0 %","0 %","0 %","0 %","0 %","0 %","0 %","0 %","0","0","0","0","-","-","-","","",""
"https://m.media-amazon.com/images/I/71v6Jlw437L.jpg;https://m.media-amazon.com/images/I/61NQls78YiL.jpg;https://m.media-amazon.com/images/I/61+OXdx7gCL.jpg;https://m.media-amazon.com/images/I/61RPbu3lUbL.jpg","五木食品 拉麺豚骨道熊本 二人前 272g×6個","","","","","0","0","0","0","","4.5","17","","","","-","no","","","","","","100 %","1","1","","","","","","","-","","","","-","2,763","2,763","0 %","","","","https://www.amazon.co.jp/dp/B0764BQF5W","https://keepa.com/#!product/5-B0764BQF5W","食品・飲料・お酒","ラーメン","食品・飲料・お酒 › 麺類・パスタ › ラーメン","B0764BQF5W","4901726008300","五木食品","五木食品","6","6","","28.7","24.5","13.1","2070","1","","","","272","no","","","0 %","0 %","0 %","0 %","0 %","0 %","0 %","0 %","0","0","0","0","-","-","-","5","5","5"
"https://m.media-amazon.com/images/I/61-kt0qvy6L.jpg","ナポリ風スパゲティ 200g","","","","","0","0","0","0","","","","","","","-","no","","","","","","100 %","1","1","","561","","","","","-","","561","","-","100","100","0 %","","1","","https://www.amazon.co.jp/dp/B08YKLKWRH","https://keepa.com/#!product/5-B08YKLKWRH","食品・飲料・お酒","パスタ","食品・飲料・お酒 › 麺類・パスタ › パスタ","B08YKLKWRH","4901726005040","五木食品","五木食品","1","1","2021-03-10","19","12","2.5","200","1","","","","200","no","","","0 %","0 %","0 %","0 %","0 %","0 %","5 %","5 %","0","0","1","1","-","-","-","5","5","5"
"https://m.media-amazon.com/images/I/61bF0-lCt+L.jpg;https://m.media-amazon.com/images/I/61uwZSQDfZL.jpg;https://m.media-amazon.com/images/I/81+OO479bbL.jpg;https://m.media-amazon.com/images/I/61v+z9ZW+eL.jpg","五木 アベックラーメン 175g","","","","","0","0","0","0","","4.4","4","","","","-","no","","","","","","100 %","1","1","707","554","15 %","","","","-","707","723","","-","","","","1","1","0 %","https://www.amazon.co.jp/dp/B07587RN1P","https://keepa.com/#!product/5-B07587RN1P","食品・飲料・お酒","ラーメン","食品・飲料・お酒 › 麺類・パスタ › ラーメン","B07587RN1P","4901726003053","五木食品","五木食品","1","1","2017-08-31","23.5","8","2.1","200","1","","","","175","no","","","0 %","0 %","0 %","0 %","0 %","0 %","0 %","0 %","0","0","0","0","-","-","-","5","5","5"
"https://m.media-amazon.com/images/I/71lHmh-m-6L.jpg;https://m.media-amazon.com/images/I/61SHzWELtOL.jpg;https://m.media-amazon.com/images/I/61+294fszgL.jpg;https://m.media-amazon.com/images/I/617ibjnUj-L.jpg","五木食品 久留米ほとめきラーメン 123g×5個","","","","","0","0","0","0","","4","131","","","","-","no","","","","","","100 %","1","1","","","","","","","-","","","","-","","","","","","","https://www.amazon.co.jp/dp/B09WHZLJC4?psc=1","https://keepa.com/#!product/5-B09WHZLJC4","食品・飲料・お酒","ラーメン","食品・飲料・お酒 › 麺類・パスタ › ラーメン","B09WHZLJC4","2203250000044","五木食品","五木食品","5","5","2022-04-01","24.1","9.3","6","700","5","","","","123","no","","","0 %","0 %","0 %","0 %","0 %","0 %","0 %","0 %","0","0","0","0","-","-","-","5","5","5"
"https://m.media-amazon.com/images/I/71+BkKQ6hjL.jpg;https://m.media-amazon.com/images/I/61tn5WS3MVL.jpg;https://m.media-amazon.com/images/I/61MWVgd64BL.jpg;https://m.media-amazon.com/images/I/61gbh2o72rL.jpg","五木食品 博多おっしょいラーメン 123g×5個","","","","","0","0","0","0","","4.2","169","","","","-","no","","","","","","100 %","1","1","","","","","","","-","","","","-","","","","","","","https://www.amazon.co.jp/dp/B09WJ2KXHY?psc=1","https://keepa.com/#!product/5-B09WJ2KXHY","食品・飲料・お酒","ラーメン","食品・飲料・お酒 › 麺類・パスタ › ラーメン","B09WJ2KXHY","2203250000037","五木食品","五木食品","5","5","2022-04-01","24.4","9.8","7.2","690","5","","","","123","no","","","0 %","0 %","0 %","0 %","0 %","0 %","0 %","0 %","0","0","0","0","-","-","-","5","5","5"
"https://m.media-amazon.com/images/I/618X4Qh9KQL.jpg;https://m.media-amazon.com/images/I/61kslm6C0sL.jpg","五木 田舎うどん 250g×10個","","","","","0","0","0","0","","5","5","","","","-","no","","","","","","100 %","1","1","3,250","2,647","0 %","","","","-","3,250","3,250","","-","1,770","1,770","0 %","1","1","0 %","https://www.amazon.co.jp/dp/B007JQC574","https://keepa.com/#!product/5-B007JQC574","食品・飲料・お酒","うどん","食品・飲料・お酒 › 麺類・パスタ › うどん","B007JQC574","4901726002063","五木食品","五木食品","10","10","","25.8","4","3.8","9","1","","","","260","no","","","0 %","0 %","0 %","0 %","0 %","0 %","0 %","0 %","0","0","0","0","-","-","-","5","5","5"
"https://m.media-amazon.com/images/I/91DDlYd5boL.jpg;https://m.media-amazon.com/images/I/71TZt0XzpVL.jpg;https://m.media-amazon.com/images/I/71kDTU75l4L.jpg","五木 熊本赤辛ラーメン 114g×10個","","","","","0","0","0","0","","4.2","165","1,498","1,498","0 %","SanLana Groceries (81%) / A3IKGNQJW3JYQ5","no","","","","","","100 %","1","1","1,498","1,498","0 %","","","","-","1,498","1,498","","-","1,580","1,580","0 %","1","1","0 %","https://www.amazon.co.jp/dp/B007JQBHFK","https://keepa.com/#!product/5-B007JQBHFK","食品・飲料・お酒","ラーメン","食品・飲料・お酒 › 麺類・パスタ › ラーメン","B007JQBHFK","4901726011249","五木食品","五木食品","10","10","","25","17","6","1340","10","9.5","32.8","12.6","1340","no","","","0 %","0 %","0 %","0 %","100 %","100 %","100 %","100 %","1","1","1","1","-","-","-","6","6","5"
"https://m.media-amazon.com/images/I/61hMzHFIOXL.jpg;https://m.media-amazon.com/images/I/61Plyd2QqNL.jpg","五木食品 ざるラーメン 超梅 2人前×6袋","","","","","0","0","0","0","","","","2,309","2,309","","-","no","","","","","","100 %","1","1","2,309","2,309","","","","","-","2,309","2,309","","-","0","0","0 %","1","1","","https://www.amazon.co.jp/dp/B0H28YHKLL","https://keepa.com/#!product/5-B0H28YHKLL","食品・飲料・お酒","ラーメン","食品・飲料・お酒 › 麺類・パスタ › ラーメン","B0H28YHKLL","4901726015933","五木食品","五木食品","6","","","28","18.6","9.5","1610","6","28","9.5","18.6","1610","no","","","0 %","0 %","0 %","0 %","89 %","88 %","88 %","88 %","1","1","1","1","-","-","-","8","8","4"
"https://m.media-amazon.com/images/I/61MVassE2uL.jpg;https://m.media-amazon.com/images/I/51snLNYqoQL.jpg","五木食品 鶏だし醤油ラーメン 82g×20個入","","","","","0","0","0","0","","","","2,608","2,608","","-","no","","","","","","100 %","1","1","2,608","2,608","","","","","-","2,608","2,608","","-","0","0","0 %","2","2","","https://www.amazon.co.jp/dp/B0H2C1PB45","https://keepa.com/#!product/5-B0H2C1PB45","食品・飲料・お酒","ラーメン","食品・飲料・お酒 › 麺類・パスタ › ラーメン","B0H2C1PB45","4901726015681","五木食品","五木食品","20","","","35.3","25.6","7","1900","20","35.3","25.6","7","1900","no","","","0 %","0 %","0 %","0 %","81 %","81 %","81 %","81 %","1","1","1","1","-","-","-","6","3","2"
"","五木食品 NOODLE","","","","","0","0","0","0","","","","","","","-","no","","","","","","100 %","1","1","","","","","","","-","","","","-","","","","","","","https://www.amazon.co.jp/dp/B0BK3HJ1W7","https://keepa.com/#!product/5-B0BK3HJ1W7","食品・飲料・お酒","カテゴリー別","","B0BK3HJ1W7","","","五木食品","","","","","","","","0","","","","","no","","","0 %","0 %","0 %","0 %","0 %","0 %","0 %","0 %","0","0","0","0","-","-","-","","",""
"","五木食品 半生冷し中華ごまだれ 250g ×12個","","","","","0","0","0","0","","","","","","","-","no","","","","","","100 %","1","1","","","","","","","-","","","","-","","","","","","","https://www.amazon.co.jp/dp/B0BKLHR5XB","https://keepa.com/#!product/5-B0BKLHR5XB","食品・飲料・お酒","冷麺","食品・飲料・お酒 › 麺類・パスタ › 冷麺","B0BKLHR5XB","","","五木食品","","","","","","","","0","","","","","no","","","0 %","0 %","0 %","0 %","0 %","0 %","0 %","0 %","0","0","0","0","-","-","-","","",""
"","五木食品 NOODLE","","","","","0","0","0","0","","","","","","","-","no","","","","","","100 %","1","1","","","","","","","-","","","","-","","","","","","","https://www.amazon.co.jp/dp/B0BL62742M","https://keepa.com/#!product/5-B0BL62742M","食品・飲料・お酒","そば","食品・飲料・お酒 › 麺類・パスタ › そば","B0BL62742M","","","五木食品","","","","","","","","0","","","","","no","","","0 %","0 %","0 %","0 %","0 %","0 %","0 %","0 %","0","0","0","0","-","-","-","","",""
"","五木食品 NOODLE","","","","","0","0","0","0","","","","","","","-","no","","","","","","100 %","1","1","","","","","","","-","","","","-","","","","","","","https://www.amazon.co.jp/dp/B0BM3M8XZJ","https://keepa.com/#!product/5-B0BM3M8XZJ","食品・飲料・お酒","カテゴリー別","","B0BM3M8XZJ","","","五木食品","","1","","","","","","0","","","","","no","","","0 %","0 %","0 %","0 %","0 %","0 %","0 %","0 %","0","0","0","0","-","-","-","","",""
"","五木食品 NOODLE","","","","","0","0","0","0","","","","","","","-","no","","","","","","100 %","1","1","","","","","","","-","","","","-","","","","","","","https://www.amazon.co.jp/dp/B0BM3ZCBFV","https://keepa.com/#!product/5-B0BM3ZCBFV","食品・飲料・お酒","そば","食品・飲料・お酒 › 麺類・パスタ › そば","B0BM3ZCBFV","","","五木食品","","","","","","","","0","","","","","no","","","0 %","0 %","0 %","0 %","0 %","0 %","0 %","0 %","0","0","0","0","-","-","-","","",""
"","五木食品 NOODLE","","","","","0","0","0","0","","","","","","","-","no","","","","","","100 %","0","0","","","","","","","-","","","","-","","","","","","","https://www.amazon.co.jp/dp/B0BMLDL4P6","https://keepa.com/#!product/5-B0BMLDL4P6","食品・飲料・お酒","カテゴリー別","","B0BMLDL4P6","","","五木食品","","","","","","","","","","","","","no","","","0 %","0 %","0 %","0 %","0 %","0 %","0 %","0 %","0","0","0","0","-","-","-","","",""
"","五木食品 NOODLE","","","","","0","0","0","0","","","","","","","-","no","","","","","","100 %","0","0","","","","","","","-","","","","-","","","","","","","https://www.amazon.co.jp/dp/B0BMLDPQ83","https://keepa.com/#!product/5-B0BMLDPQ83","食品・飲料・お酒","そば","食品・飲料・お酒 › 麺類・パスタ › そば","B0BMLDPQ83","","","五木食品","","1","","","","","","","","","","","no","","","0 %","0 %","0 %","0 %","0 %","0 %","0 %","0 %","0","0","0","0","-","-","-","","",""
"","五木食品 NOODLE","","","","","0","0","0","0","","","","","","","-","no","","","","","","100 %","1","1","","","","","","","-","","","","-","","","","","","","https://www.amazon.co.jp/dp/B0BMQ8Y2HB","https://keepa.com/#!product/5-B0BMQ8Y2HB","食品・飲料・お酒","うどん","食品・飲料・お酒 › 麺類・パスタ › うどん","B0BMQ8Y2HB","","","五木食品","","1","","","","","","0","","","","","no","","","0 %","0 %","0 %","0 %","0 %","0 %","0 %","0 %","0","0","0","0","-","-","-","","",""
"","五木食品 NOODLE","","","","","0","0","0","0","","","","","","","-","no","","","","","","100 %","1","1","","","","","","","-","","","","-","","","","","","","https://www.amazon.co.jp/dp/B0BMSGFDTL","https://keepa.com/#!product/5-B0BMSGFDTL","食品・飲料・お酒","カテゴリー別","","B0BMSGFDTL","","","五木食品","","1","","","","","","0","","","","","no","","","0 %","0 %","0 %","0 %","0 %","0 %","0 %","0 %","0","0","0","0","-","-","-","","",""
"","五木食品 NOODLE","","","","","0","0","0","0","","","","","","","-","no","","","","","","100 %","1","1","","","","","","","-","","","","-","","","","","","","https://www.amazon.co.jp/dp/B0BMSH6HNC","https://keepa.com/#!product/5-B0BMSH6HNC","食品・飲料・お酒","そば","食品・飲料・お酒 › 麺類・パスタ › そば","B0BMSH6HNC","","","五木食品","","","","","","","","0","","","","","no","","","0 %","0 %","0 %","0 %","0 %","0 %","0 %","0 %","0","0","0","0","-","-","-","","",""
"","五木食品 NOODLE","","","","","0","0","0","0","","","","","","","-","no","","","","","","100 %","1","1","","","","","","","-","","","","-","","","","","","","https://www.amazon.co.jp/dp/B0BN67X7PT","https://keepa.com/#!product/5-B0BN67X7PT","食品・飲料・お酒","カテゴリー別","","B0BN67X7PT","","","五木食品","","","","","","","","0","","","","","no","","","0 %","0 %","0 %","0 %","0 %","0 %","0 %","0 %","0","0","0","0","-","-","-","","",""
"","五木食品 NOODLE","","","","","0","0","0","0","","","","","","","-","no","","","","","","100 %","1","1","","","","","","","-","","","","-","","","","","","","https://www.amazon.co.jp/dp/B0BN6XTMQH","https://keepa.com/#!product/5-B0BN6XTMQH","食品・飲料・お酒","うどん","食品・飲料・お酒 › 麺類・パスタ › うどん","B0BN6XTMQH","","","五木食品","","","","","","","","0","","","","","no","","","0 %","0 %","0 %","0 %","0 %","0 %","0 %","0 %","0","0","0","0","-","-","-","","",""
"","五木食品 NOODLE","","","","","0","0","0","0","","","","","","","-","no","","","","","","100 %","1","1","","","","","","","-","","","","-","","","","","","","https://www.amazon.co.jp/dp/B0BN79CN65","https://keepa.com/#!product/5-B0BN79CN65","食品・飲料・お酒","そば","食品・飲料・お酒 › 麺類・パスタ › そば","B0BN79CN65","","","五木食品","","","","","","","","0","","","","","no","","","0 %","0 %","0 %","0 %","0 %","0 %","0 %","0 %","0","0","0","0","-","-","-","","",""
"","五木食品 NOODLE","","","","","0","0","0","0","","","","","","","-","no","","","","","","100 %","1","1","","","","","","","-","","","","-","","","","","","","https://www.amazon.co.jp/dp/B0BNSV6523","https://keepa.com/#!product/5-B0BNSV6523","食品・飲料・お酒","パスタ","食品・飲料・お酒 › 麺類・パスタ › パスタ","B0BNSV6523","","","五木食品","","","","","","","","0","","","","","no","","","0 %","0 %","0 %","0 %","0 %","0 %","0 %","0 %","0","0","0","0","-","-","-","","",""
"","五木食品 茶そば 180g×4個","","","","","0","0","0","0","","","","","","","-","no","","","","","","100 %","1","1","","","","","","","-","","","","-","","","","","","","https://www.amazon.co.jp/dp/B0BP2GVFN2","https://keepa.com/#!product/5-B0BP2GVFN2","食品・飲料・お酒","そば","食品・飲料・お酒 › 麺類・パスタ › そば","B0BP2GVFN2","","","五木食品","","","","","","","","0","","","","","no","","","0 %","0 %","0 %","0 %","0 %","0 %","0 %","0 %","0","0","0","0","-","-","-","","",""
"","五木食品 2コ焼うどん","","","","","0","0","0","0","","","","","","","-","no","","","","","","100 %","1","1","","","","","","","-","","","","-","","","","","","","https://www.amazon.co.jp/dp/B0BSMLBV25","https://keepa.com/#!product/5-B0BSMLBV25","食品・飲料・お酒","うどん","食品・飲料・お酒 › 麺類・パスタ › うどん","B0BSMLBV25","","","五木食品","","","","","","","","0","","","","","no","","","0 %","0 %","0 %","0 %","0 %","0 %","0 %","0 %","0","0","0","0","-","-","-","","",""
"","五木食品 スープ付うどん 210g×6袋(電子レンジ調理可能)","","","","","0","0","0","0","","","","","","","-","no","","","","","","100 %","1","1","","","","","","","-","","","","-","","","","","","","https://www.amazon.co.jp/dp/B0BSMMGFJ6","https://keepa.com/#!product/5-B0BSMMGFJ6","食品・飲料・お酒","うどん","食品・飲料・お酒 › 麺類・パスタ › うどん","B0BSMMGFJ6","","","五木食品","","","","","","","","0","","","","","no","","","0 %","0 %","0 %","0 %","0 %","0 %","0 %","0 %","0","0","0","0","-","-","-","","",""
"","五木食品 2コ焼うどん しょうゆ味 396g×6個","","","","","0","0","0","0","","","","","","","-","no","","","","","","100 %","0","0","","","","","","","-","","","","-","","","","","","","https://www.amazon.co.jp/dp/B0BSMQRP71","https://keepa.com/#!product/5-B0BSMQRP71","食品・飲料・お酒","うどん","食品・飲料・お酒 › 麺類・パスタ › うどん","B0BSMQRP71","","","五木食品","","","","","","","","","","","","","no","","","0 %","0 %","0 %","0 %","0 %","0 %","0 %","0 %","0","0","0","0","-","-","-","","",""
"","五木食品 NOODLE","","","","","0","0","0","0","","","","","","","-","no","","","","","","100 %","1","1","","","","","","","-","","","","-","","","","","","","https://www.amazon.co.jp/dp/B0BW2WDZ9T","https://keepa.com/#!product/5-B0BW2WDZ9T","食品・飲料・お酒","カテゴリー別","","B0BW2WDZ9T","","","五木食品","","1","","","","","","0","","","","","no","","","0 %","0 %","0 %","0 %","0 %","0 %","0 %","0 %","0","0","0","0","-","-","-","","",""
"","五木食品 NOODLE","","","","","0","0","0","0","","","","","","","-","no","","","","","","100 %","1","1","","","","","","","-","","","","-","","","","","","","https://www.amazon.co.jp/dp/B0BW3H1BNZ","https://keepa.com/#!product/5-B0BW3H1BNZ","食品・飲料・お酒","パスタ","食品・飲料・お酒 › 麺類・パスタ › パスタ","B0BW3H1BNZ","","","五木食品","","","","","","","","0","","","","","no","","","0 %","0 %","0 %","0 %","0 %","0 %","0 %","0 %","0","0","0","0","-","-","-","","",""
"","五木食品 NOODLE","","","","","0","0","0","0","","","","","","","-","no","","","","","","100 %","1","1","","","","","","","-","","","","-","","","","","","","https://www.amazon.co.jp/dp/B0BWH6QDQS","https://keepa.com/#!product/5-B0BWH6QDQS","食品・飲料・お酒","ラーメン","食品・飲料・お酒 › 麺類・パスタ › ラーメン","B0BWH6QDQS","","","五木食品","","","","","","","","0","","","","","no","","","0 %","0 %","0 %","0 %","0 %","0 %","0 %","0 %","0","0","0","0","-","-","-","","",""
"","五木食品 NOODLE","","","","","0","0","0","0","","","","","","","-","no","","","","","","100 %","1","1","","","","","","","-","","","","-","","","","","","","https://www.amazon.co.jp/dp/B0BWH6SKPD","https://keepa.com/#!product/5-B0BWH6SKPD","食品・飲料・お酒","カテゴリー別","","B0BWH6SKPD","","","五木食品","","","","","","","","0","","","","","no","","","0 %","0 %","0 %","0 %","0 %","0 %","0 %","0 %","0","0","0","0","-","-","-","","",""
"","五木食品 NOODLE","","","","","0","0","0","0","","","","","","","-","no","","","","","","100 %","1","1","","","","","","","-","","","","-","","","","","","","https://www.amazon.co.jp/dp/B0BWH8Z65F","https://keepa.com/#!product/5-B0BWH8Z65F","食品・飲料・お酒","ラーメン","食品・飲料・お酒 › 麺類・パスタ › ラーメン","B0BWH8Z65F","","","五木食品","","","","","","","","0","","","","","no","","","0 %","0 %","0 %","0 %","0 %","0 %","0 %","0 %","0","0","0","0","-","-","-","","",""
"","五木食品 NOODLE","","","","","0","0","0","0","","","","","","","-","no","","","","","","100 %","1","1","","","","","","","-","","","","-","","","","","","","https://www.amazon.co.jp/dp/B0BWHP6RPG","https://keepa.com/#!product/5-B0BWHP6RPG","食品・飲料・お酒","そば","食品・飲料・お酒 › 麺類・パスタ › そば","B0BWHP6RPG","","","五木食品","","","","","","","","0","","","","","no","","","0 %","0 %","0 %","0 %","0 %","0 %","0 %","0 %","0","0","0","0","-","-","-","","",""
"","五木食品 半生ざるそば 210g ×12個(常温保存商品)(まとめ買い)","","","","","0","0","0","0","","","","","","","-","no","","","","","","100 %","1","1","","","","","","","-","","","","-","","","","","","","https://www.amazon.co.jp/dp/B0BWMSWF3V","https://keepa.com/#!product/5-B0BWMSWF3V","食品・飲料・お酒","そば","食品・飲料・お酒 › 麺類・パスタ › そば","B0BWMSWF3V","","","五木食品","","","","","","","","0","","","","","no","","","0 %","0 %","0 %","0 %","0 %","0 %","0 %","0 %","0","0","0","0","-","-","-","","",""
"","五木食品 濃厚とまとラーメン 120g ×20個","","","","","0","0","0","0","","","","","","","-","no","","","","","","100 %","0","0","","","","","","","-","","","","-","","","","","","","https://www.amazon.co.jp/dp/B0BX8TZSFK","https://keepa.com/#!product/5-B0BX8TZSFK","食品・飲料・お酒","ラーメン","食品・飲料・お酒 › 麺類・パスタ › ラーメン","B0BX8TZSFK","","","五木食品","","","","","","","","","","","","","no","","","0 %","0 %","0 %","0 %","0 %","0 %","0 %","0 %","0","0","0","0","-","-","-","","",""
"","五木食品 ざるラーメン和風しょうゆ 280g ×12個","","","","","0","0","0","0","","","","","","","-","no","","","","","","100 %","1","1","","","","","","","-","","","","-","","","","","","","https://www.amazon.co.jp/dp/B0BXM328ZT","https://keepa.com/#!product/5-B0BXM328ZT","食品・飲料・お酒","ラーメン","食品・飲料・お酒 › 麺類・パスタ › ラーメン","B0BXM328ZT","","","五木食品","","","","","","","","0","","","","","no","","","0 %","0 %","0 %","0 %","0 %","0 %","0 %","0 %","0","0","0","0","-","-","-","","",""
"","五木食品 濃厚とまとラーメン 120g ×20個","","","","","0","0","0","0","","","","","","","-","no","","","","","","100 %","1","1","","","","","","","-","","","","-","","","","","","","https://www.amazon.co.jp/dp/B0BY82T2VZ","https://keepa.com/#!product/5-B0BY82T2VZ","食品・飲料・お酒","ラーメン","食品・飲料・お酒 › 麺類・パスタ › ラーメン","B0BY82T2VZ","","","五木食品","","","","","","","","0","","","","","no","","","0 %","0 %","0 %","0 %","0 %","0 %","0 %","0 %","0","0","0","0","-","-","-","","",""
"","五木食品 NOODLE","","","","","0","0","0","0","","","","","","","-","no","","","","","","100 %","1","1","","","","","","","-","","","","-","","","","","","","https://www.amazon.co.jp/dp/B0BYRLWMFL","https://keepa.com/#!product/5-B0BYRLWMFL","食品・飲料・お酒","ラーメン","食品・飲料・お酒 › 麺類・パスタ › ラーメン","B0BYRLWMFL","","","五木食品","","","","","","","","0","","","","","no","","","0 %","0 %","0 %","0 %","0 %","0 %","0 %","0 %","0","0","0","0","-","-","-","","",""
"","五木食品 NOODLE","","","","","0","0","0","0","","","","","","","-","no","","","","","","100 %","1","1","","","","","","","-","","","","-","","","","","","","https://www.amazon.co.jp/dp/B0BYRN4XQ8","https://keepa.com/#!product/5-B0BYRN4XQ8","食品・飲料・お酒","ラーメン","食品・飲料・お酒 › 麺類・パスタ › ラーメン","B0BYRN4XQ8","","","五木食品","","","","","","","","0","","","","","no","","","0 %","0 %","0 %","0 %","0 %","0 %","0 %","0 %","0","0","0","0","-","-","-","","",""
"","五木食品 NOODLE","","","","","0","0","0","0","","","","","","","-","no","","","","","","100 %","1","1","","","","","","","-","","","","-","","","","","","","https://www.amazon.co.jp/dp/B0BYRQ5HJL","https://keepa.com/#!product/5-B0BYRQ5HJL","食品・飲料・お酒","ラーメン","食品・飲料・お酒 › 麺類・パスタ › ラーメン","B0BYRQ5HJL","","","五木食品","","","","","","","","0","","","","","no","","","0 %","0 %","0 %","0 %","0 %","0 %","0 %","0 %","0","0","0","0","-","-","-","","",""
"","五木食品 NOODLE","","","","","0","0","0","0","","","","","","","-","no","","","","","","100 %","1","1","","","","","","","-","","","","-","","","","","","","https://www.amazon.co.jp/dp/B0BZC4DVHC","https://keepa.com/#!product/5-B0BZC4DVHC","食品・飲料・お酒","ラーメン","食品・飲料・お酒 › 麺類・パスタ › ラーメン","B0BZC4DVHC","","","五木食品","","","","","","","","0","","","","","no","","","0 %","0 %","0 %","0 %","0 %","0 %","0 %","0 %","0","0","0","0","-","-","-","","",""
"","五木食品 NOODLE","","","","","0","0","0","0","","","","","","","-","no","","","","","","100 %","1","1","","","","","","","-","","","","-","","","","","","","https://www.amazon.co.jp/dp/B0C3GLZMNQ","https://keepa.com/#!product/5-B0C3GLZMNQ","食品・飲料・お酒","うどん","食品・飲料・お酒 › 麺類・パスタ › うどん","B0C3GLZMNQ","","","五木食品","","","","","","","","0","","","","","no","","","0 %","0 %","0 %","0 %","0 %","0 %","0 %","0 %","0","0","0","0","-","-","-","","",""
"","五木食品 NOODLE","","","","","0","0","0","0","","","","","","","-","no","","","","","","100 %","1","1","","","","","","","-","","","","-","","","","","","","https://www.amazon.co.jp/dp/B0C3GMGF2R","https://keepa.com/#!product/5-B0C3GMGF2R","食品・飲料・お酒","ラーメン","食品・飲料・お酒 › 麺類・パスタ › ラーメン","B0C3GMGF2R","","","五木食品","","","","","","","","0","","","","","no","","","0 %","0 %","0 %","0 %","0 %","0 %","0 %","0 %","0","0","0","0","-","-","-","","",""
"","五木食品 NOODLE","","","","","0","0","0","0","","","","","","","-","no","","","","","","100 %","1","1","","","","","","","-","","","","-","","","","","","","https://www.amazon.co.jp/dp/B0C3HLTNFZ","https://keepa.com/#!product/5-B0C3HLTNFZ","食品・飲料・お酒","そば","食品・飲料・お酒 › 麺類・パスタ › そば","B0C3HLTNFZ","","","五木食品","","","","","","","","0","","","","","no","","","0 %","0 %","0 %","0 %","0 %","0 %","0 %","0 %","0","0","0","0","-","-","-","","",""
"","五木食品 NOODLE","","","","","0","0","0","0","","","","","","","-","no","","","","","","100 %","1","1","","","","","","","-","","","","-","","","","","","","https://www.amazon.co.jp/dp/B0C3HMV42R","https://keepa.com/#!product/5-B0C3HMV42R","食品・飲料・お酒","うどん","食品・飲料・お酒 › 麺類・パスタ › うどん","B0C3HMV42R","","","五木食品","","","","","","","","0","","","","","no","","","0 %","0 %","0 %","0 %","0 %","0 %","0 %","0 %","0","0","0","0","-","-","-","","",""
"","五木食品 NOODLE","","","","","0","0","0","0","","","","","","","-","no","","","","","","100 %","1","1","","","","","","","-","","","","-","","","","","","","https://www.amazon.co.jp/dp/B0C3V417PC","https://keepa.com/#!product/5-B0C3V417PC","食品・飲料・お酒","カテゴリー別","","B0C3V417PC","","","五木食品","","","","","","","","0","","","","","no","","","0 %","0 %","0 %","0 %","0 %","0 %","0 %","0 %","0","0","0","0","-","-","-","","",""
"","五木食品 NOODLE","","","","","0","0","0","0","","","","","","","-","no","","","","","","100 %","1","1","","","","","","","-","","","","-","","","","","","","https://www.amazon.co.jp/dp/B0C54YX545","https://keepa.com/#!product/5-B0C54YX545","食品・飲料・お酒","ラーメン","食品・飲料・お酒 › 麺類・パスタ › ラーメン","B0C54YX545","","","五木食品","","","","","","","","0","","","","","no","","","0 %","0 %","0 %","0 %","0 %","0 %","0 %","0 %","0","0","0","0","-","-","-","","",""
"","五木食品 NOODLE","","","","","0","0","0","0","","","","","","","-","no","","","","","","100 %","1","1","","","","","","","-","","","","-","","","","","","","https://www.amazon.co.jp/dp/B0C961F2T2","https://keepa.com/#!product/5-B0C961F2T2","食品・飲料・お酒","そば","食品・飲料・お酒 › 麺類・パスタ › そば","B0C961F2T2","","","五木食品","","","","","","","","0","","","","","no","","","0 %","0 %","0 %","0 %","0 %","0 %","0 %","0 %","0","0","0","0","-","-","-","","",""
"","五木食品 NOODLE","","","","","0","0","0","0","","","","","","","-","no","","","","","","100 %","1","1","","","","","","","-","","","","-","","","","","","","https://www.amazon.co.jp/dp/B0C963SHDR","https://keepa.com/#!product/5-B0C963SHDR","食品・飲料・お酒","そば","食品・飲料・お酒 › 麺類・パスタ › そば","B0C963SHDR","","","五木食品","","","","","","","","0","","","","","no","","","0 %","0 %","0 %","0 %","0 %","0 %","0 %","0 %","0","0","0","0","-","-","-","","",""
"","五木食品 NOODLE","","","","","0","0","0","0","","","","","","","-","no","","","","","","100 %","1","1","","","","","","","-","","","","-","","","","","","","https://www.amazon.co.jp/dp/B0C963SJ15","https://keepa.com/#!product/5-B0C963SJ15","食品・飲料・お酒","そば","食品・飲料・お酒 › 麺類・パスタ › そば","B0C963SJ15","","","五木食品","","","","","","","","0","","","","","no","","","0 %","0 %","0 %","0 %","0 %","0 %","0 %","0 %","0","0","0","0","-","-","-","","",""
"","五木食品 NOODLE","","","","","0","0","0","0","","","","","","","-","no","","","","","","100 %","1","1","","","","","","","-","","","","-","","","","","","","https://www.amazon.co.jp/dp/B0C964BZ8P","https://keepa.com/#!product/5-B0C964BZ8P","食品・飲料・お酒","そば","食品・飲料・お酒 › 麺類・パスタ › そば","B0C964BZ8P","","","五木食品","","","","","","","","0","","","","","no","","","0 %","0 %","0 %","0 %","0 %","0 %","0 %","0 %","0","0","0","0","-","-","-","","",""
"","五木食品 NOODLE","","","","","0","0","0","0","","","","","","","-","no","","","","","","100 %","1","1","","","","","","","-","","","","-","","","","","","","https://www.amazon.co.jp/dp/B0C964QGKD","https://keepa.com/#!product/5-B0C964QGKD","食品・飲料・お酒","そば","食品・飲料・お酒 › 麺類・パスタ › そば","B0C964QGKD","","","五木食品","","","","","","","","0","","","","","no","","","0 %","0 %","0 %","0 %","0 %","0 %","0 %","0 %","0","0","0","0","-","-","-","","",""
"","五木食品 NOODLE","","","","","0","0","0","0","","","","","","","-","no","","","","","","100 %","1","1","","","","","","","-","","","","-","","","","","","","https://www.amazon.co.jp/dp/B0C967KG5G","https://keepa.com/#!product/5-B0C967KG5G","食品・飲料・お酒","そば","食品・飲料・お酒 › 麺類・パスタ › そば","B0C967KG5G","","","五木食品","","","","","","","","0","","","","","no","","","0 %","0 %","0 %","0 %","0 %","0 %","0 %","0 %","0","0","0","0","-","-","-","","",""
"","五木食品 NOODLE","","","","","0","0","0","0","","","","","","","-","no","","","","","","100 %","1","1","","","","","","","-","","","","-","","","","","","","https://www.amazon.co.jp/dp/B0C9WQGJ7B","https://keepa.com/#!product/5-B0C9WQGJ7B","食品・飲料・お酒","冷麺","食品・飲料・お酒 › 麺類・パスタ › 冷麺","B0C9WQGJ7B","","","五木食品","","","","","","","","0","","","","","no","","","0 %","0 %","0 %","0 %","0 %","0 %","0 %","0 %","0","0","0","0","-","-","-","","",""
"","五木食品 NOODLE","","","","","0","0","0","0","","","","","","","-","no","","","","","","100 %","0","0","","","","","","","-","","","","-","","","","","","","https://www.amazon.co.jp/dp/B0C9WQX5YJ","https://keepa.com/#!product/5-B0C9WQX5YJ","食品・飲料・お酒","ラーメン","食品・飲料・お酒 › 麺類・パスタ › ラーメン","B0C9WQX5YJ","","","五木食品","","","","","","","","","","","","","no","","","0 %","0 %","0 %","0 %","0 %","0 %","0 %","0 %","0","0","0","0","-","-","-","","",""
"","五木食品 NOODLE","","","","","0","0","0","0","","","","","","","-","no","","","","","","100 %","1","1","","","","","","","-","","","","-","","","","","","","https://www.amazon.co.jp/dp/B0C9WRZ2DY","https://keepa.com/#!product/5-B0C9WRZ2DY","食品・飲料・お酒","そば","食品・飲料・お酒 › 麺類・パスタ › そば","B0C9WRZ2DY","","","五木食品","","","","","","","","0","","","","","no","","","0 %","0 %","0 %","0 %","0 %","0 %","0 %","0 %","0","0","0","0","-","-","-","","",""
"","五木食品 NOODLE","","","","","0","0","0","0","","","","","","","-","no","","","","","","100 %","1","1","","","","","","","-","","","","-","","","","","","","https://www.amazon.co.jp/dp/B0CB8PYKKN","https://keepa.com/#!product/5-B0CB8PYKKN","食品・飲料・お酒","そば","食品・飲料・お酒 › 麺類・パスタ › そば","B0CB8PYKKN","","","五木食品","","","","","","","","0","","","","","no","","","0 %","0 %","0 %","0 %","0 %","0 %","0 %","0 %","0","0","0","0","-","-","-","","",""
"","五木食品 NOODLE","","","","","0","0","0","0","","","","","","","-","no","","","","","","100 %","1","1","","","","","","","-","","","","-","","","","","","","https://www.amazon.co.jp/dp/B0CCHWG91K","https://keepa.com/#!product/5-B0CCHWG91K","食品・飲料・お酒","ラーメン","食品・飲料・お酒 › 麺類・パスタ › ラーメン","B0CCHWG91K","","","五木食品","","","","","","","","0","","","","","no","","","0 %","0 %","0 %","0 %","0 %","0 %","0 %","0 %","0","0","0","0","-","-","-","","",""
"","五木食品 熊本赤辛ラーメン 120g ×10個","","","","","0","0","0","0","","","","","","","-","no","","","","","","100 %","1","1","","","","","","","-","","","","-","","","","","","","https://www.amazon.co.jp/dp/B0CGLQTTKT","https://keepa.com/#!product/5-B0CGLQTTKT","食品・飲料・お酒","ラーメン","食品・飲料・お酒 › 麺類・パスタ › ラーメン","B0CGLQTTKT","","","五木食品","","","","","","","","","","","","","no","","","0 %","0 %","0 %","0 %","0 %","0 %","0 %","0 %","0","0","0","0","-","-","-","","",""
"","五木食品 火の国熊本黒 244g×20個","","","","","0","0","0","0","","","","","","","-","no","","","","","","100 %","1","1","","","","","","","-","","","","-","","","","","","","https://www.amazon.co.jp/dp/B0CGLQWJ2M","https://keepa.com/#!product/5-B0CGLQWJ2M","食品・飲料・お酒","ラーメン","食品・飲料・お酒 › 麺類・パスタ › ラーメン","B0CGLQWJ2M","","","五木食品","","","","","","","","","","","","","no","","","0 %","0 %","0 %","0 %","0 %","0 %","0 %","0 %","0","0","0","0","-","-","-","","",""
"","五木食品 くまモンの熊本ラーメン 176g×10個","","","","","0","0","0","0","","","","","","","-","no","","","","","","100 %","1","1","","","","","","","-","","","","-","","","","","","","https://www.amazon.co.jp/dp/B0CGLS9QRZ","https://keepa.com/#!product/5-B0CGLS9QRZ","食品・飲料・お酒","ラーメン","食品・飲料・お酒 › 麺類・パスタ › ラーメン","B0CGLS9QRZ","","","五木食品","","","","","","","","0","","","","","no","","","0 %","0 %","0 %","0 %","0 %","0 %","0 %","0 %","0","0","0","0","-","-","-","","",""
"","五木食品 業務用中華麺 500g","","","","","0","0","0","0","","","","","","","-","no","","","","","","100 %","1","1","","","","","","","-","","","","-","","","","","","","https://www.amazon.co.jp/dp/B0CGLSXB6S","https://keepa.com/#!product/5-B0CGLSXB6S","食品・飲料・お酒","そば","食品・飲料・お酒 › 麺類・パスタ › そば","B0CGLSXB6S","","","五木食品","","","","","","","","","","","","","no","","","0 %","0 %","0 %","0 %","0 %","0 %","0 %","0 %","0","0","0","0","-","-","-","","",""
"","五木食品 濃厚とまとラーメン 120g ×20個","","","","","0","0","0","0","","","","","","","-","no","","","","","","100 %","1","1","","","","","","","-","","","","-","","","","","","","https://www.amazon.co.jp/dp/B0CGLTGYGS","https://keepa.com/#!product/5-B0CGLTGYGS","食品・飲料・お酒","ラーメン","食品・飲料・お酒 › 麺類・パスタ › ラーメン","B0CGLTGYGS","","","五木食品","","","","","","","","","","","","","no","","","0 %","0 %","0 %","0 %","0 %","0 %","0 %","0 %","0","0","0","0","-","-","-","","",""
"","五木食品 田舎うどん 200g ×20個","","","","","0","0","0","0","","","","","","","-","no","","","","","","100 %","0","0","","","","","","","-","","","","-","","","","","","","https://www.amazon.co.jp/dp/B0CGLTLWX6","https://keepa.com/#!product/5-B0CGLTLWX6","食品・飲料・お酒","そば","食品・飲料・お酒 › 麺類・パスタ › そば","B0CGLTLWX6","","","五木食品","","","","","","","","","","","","","no","","","0 %","0 %","0 %","0 %","0 %","0 %","0 %","0 %","0","0","0","0","-","-","-","","",""
"","五木食品 茶そば 180g×4個","","","","","0","0","0","0","","","","","","","-","no","","","","","","100 %","1","1","","","","","","","-","","","","-","","","","","","","https://www.amazon.co.jp/dp/B0CGLW85TR","https://keepa.com/#!product/5-B0CGLW85TR","食品・飲料・お酒","そば","食品・飲料・お酒 › 麺類・パスタ › そば","B0CGLW85TR","","","五木食品","","","","","","","","0","","","","","no","","","0 %","0 %","0 %","0 %","0 %","0 %","0 %","0 %","0","0","0","0","-","-","-","","",""
"","五木食品 山芋入り 更科 八割そば 240g ×20個","","","","","0","0","0","0","","","","","","","-","no","","","","","","100 %","0","0","","","","","","","-","","","","-","","","","","","","https://www.amazon.co.jp/dp/B0CGLW85TS","https://keepa.com/#!product/5-B0CGLW85TS","食品・飲料・お酒","そば","食品・飲料・お酒 › 麺類・パスタ › そば","B0CGLW85TS","","","五木食品","","","","","","","","","","","","","no","","","0 %","0 %","0 %","0 %","0 %","0 %","0 %","0 %","0","0","0","0","-","-","-","","",""
"","五木食品 もやしで作る醤油まぜそば 264g×10個","","","","","0","0","0","0","","","","","","","-","no","","","","","","100 %","0","0","","","","","","","-","","","","-","","","","","","","https://www.amazon.co.jp/dp/B0CGLWK78T","https://keepa.com/#!product/5-B0CGLWK78T","食品・飲料・お酒","ラーメン","食品・飲料・お酒 › 麺類・パスタ › ラーメン","B0CGLWK78T","","","五木食品","","","","","","","","","","","","","no","","","0 %","0 %","0 %","0 %","0 %","0 %","0 %","0 %","0","0","0","0","-","-","-","","",""
"","五木食品 PACKAGED_SOUP_AND_STEW","","","","","0","0","0","0","","","","","","","-","no","","","","","","100 %","1","1","","","","","","","-","","","","-","","","","","","","https://www.amazon.co.jp/dp/B0CGZWPSY2","https://keepa.com/#!product/5-B0CGZWPSY2","食品・飲料・お酒","スープ","食品・飲料・お酒 › レトルト・料理の素 › スープ・味噌汁 › スープ","B0CGZWPSY2","","","五木食品","","","","","","","","0","","","","","no","","","0 %","0 %","0 %","0 %","0 %","0 %","0 %","0 %","0","0","0","0","-","-","-","","",""
"","五木食品 NOODLE","","","","","0","0","0","0","","","","","","","-","no","","","","","","100 %","1","1","","","","","","","-","","","","-","","","","","","","https://www.amazon.co.jp/dp/B0CGZXLM7Q","https://keepa.com/#!product/5-B0CGZXLM7Q","食品・飲料・お酒","そば","食品・飲料・お酒 › 麺類・パスタ › そば","B0CGZXLM7Q","","","五木食品","","","","","","","","0","","","","","no","","","0 %","0 %","0 %","0 %","0 %","0 %","0 %","0 %","0","0","0","0","-","-","-","","",""
"","五木食品 NOODLE","","","","","0","0","0","0","","","","","","","-","no","","","","","","100 %","1","1","","","","","","","-","","","","-","","","","","","","https://www.amazon.co.jp/dp/B0CGZXXRCJ","https://keepa.com/#!product/5-B0CGZXXRCJ","食品・飲料・お酒","そば","食品・飲料・お酒 › 麺類・パスタ › そば","B0CGZXXRCJ","","","五木食品","","","","","","","","0","","","","","no","","","0 %","0 %","0 %","0 %","0 %","0 %","0 %","0 %","0","0","0","0","-","-","-","","",""
"","五木食品 NOODLE","","","","","0","0","0","0","","","","","","","-","no","","","","","","100 %","1","1","","","","","","","-","","","","-","","","","","","","https://www.amazon.co.jp/dp/B0CGZY41D6","https://keepa.com/#!product/5-B0CGZY41D6","食品・飲料・お酒","そば","食品・飲料・お酒 › 麺類・パスタ › そば","B0CGZY41D6","","","五木食品","","","","","","","","0","","","","","no","","","0 %","0 %","0 %","0 %","0 %","0 %","0 %","0 %","0","0","0","0","-","-","-","","",""
"","五木食品 NOODLE","","","","","0","0","0","0","","","","","","","-","no","","","","","","100 %","1","1","","","","","","","-","","","","-","","","","","","","https://www.amazon.co.jp/dp/B0CGZY54KK","https://keepa.com/#!product/5-B0CGZY54KK","食品・飲料・お酒","そば","食品・飲料・お酒 › 麺類・パスタ › そば","B0CGZY54KK","","","五木食品","","","","","","","","0","","","","","no","","","0 %","0 %","0 %","0 %","0 %","0 %","0 %","0 %","0","0","0","0","-","-","-","","",""
"","五木食品 NOODLE","","","","","0","0","0","0","","","","","","","-","no","","","","","","100 %","1","1","","","","","","","-","","","","-","","","","","","","https://www.amazon.co.jp/dp/B0CGZY97WF","https://keepa.com/#!product/5-B0CGZY97WF","食品・飲料・お酒","そば","食品・飲料・お酒 › 麺類・パスタ › そば","B0CGZY97WF","","","五木食品","","","","","","","","0","","","","","no","","","0 %","0 %","0 %","0 %","0 %","0 %","0 %","0 %","0","0","0","0","-","-","-","","",""
"","五木食品 NOODLE","","","","","0","0","0","0","","","","","","","-","no","","","","","","100 %","1","1","","","","","","","-","","","","-","","","","","","","https://www.amazon.co.jp/dp/B0CGZYR2LL","https://keepa.com/#!product/5-B0CGZYR2LL","食品・飲料・お酒","そば","食品・飲料・お酒 › 麺類・パスタ › そば","B0CGZYR2LL","","","五木食品","","","","","","","","0","","","","","no","","","0 %","0 %","0 %","0 %","0 %","0 %","0 %","0 %","0","0","0","0","-","-","-","","",""
"","五木食品 NOODLE","","","","","0","0","0","0","","","","","","","-","no","","","","","","100 %","1","1","","","","","","","-","","","","-","","","","","","","https://www.amazon.co.jp/dp/B0CGZYY77Y","https://keepa.com/#!product/5-B0CGZYY77Y","食品・飲料・お酒","そば","食品・飲料・お酒 › 麺類・パスタ › そば","B0CGZYY77Y","","","五木食品","","","","","","","","0","","","","","no","","","0 %","0 %","0 %","0 %","0 %","0 %","0 %","0 %","0","0","0","0","-","-","-","","",""
"","五木食品 NOODLE","","","","","0","0","0","0","","","","","","","-","no","","","","","","100 %","1","1","","","","","","","-","","","","-","","","","","","","https://www.amazon.co.jp/dp/B0CGZZ3ZFV","https://keepa.com/#!product/5-B0CGZZ3ZFV","食品・飲料・お酒","カテゴリー別","","B0CGZZ3ZFV","","","五木食品","","","","","","","","0","","","","","no","","","0 %","0 %","0 %","0 %","0 %","0 %","0 %","0 %","0","0","0","0","-","-","-","","",""
"","五木食品 NOODLE","","","","","0","0","0","0","","","","","","","-","no","","","","","","100 %","1","1","","","","","","","-","","","","-","","","","","","","https://www.amazon.co.jp/dp/B0CHJLVT58","https://keepa.com/#!product/5-B0CHJLVT58","食品・飲料・お酒","そば","食品・飲料・お酒 › 麺類・パスタ › そば","B0CHJLVT58","","","五木食品","","","","","","","","0","","","","","no","","","0 %","0 %","0 %","0 %","0 %","0 %","0 %","0 %","0","0","0","0","-","-","-","","",""
"","五木食品 NOODLE","","","","","0","0","0","0","","","","","","","-","no","","","","","","100 %","1","1","","","","","","","-","","","","-","","","","","","","https://www.amazon.co.jp/dp/B0CHJMZ7W2","https://keepa.com/#!product/5-B0CHJMZ7W2","食品・飲料・お酒","冷麺","食品・飲料・お酒 › 麺類・パスタ › 冷麺","B0CHJMZ7W2","","","五木食品","","","","","","","","0","","","","","no","","","0 %","0 %","0 %","0 %","0 %","0 %","0 %","0 %","0","0","0","0","-","-","-","","",""
"","五木食品 火の国熊本とんこつラーメン 250g×10個","","","","","0","0","0","0","","","","","","","-","no","","","","","","100 %","0","0","","","","","","","-","","","","-","","","","","","","https://www.amazon.co.jp/dp/B0D2DTKNSK","https://keepa.com/#!product/5-B0D2DTKNSK","食品・飲料・お酒","ラーメン","食品・飲料・お酒 › 麺類・パスタ › ラーメン","B0D2DTKNSK","","","五木食品","","","","","","","","","","","","","no","","","0 %","0 %","0 %","0 %","0 %","0 %","0 %","0 %","0","0","0","0","-","-","-","","",""
"","五木食品 ナポリ風スパゲティ 200g×6袋(電子レンジ調理可能)(常温保存商品)","","","","","0","0","0","0","","","","","","","-","no","","","","","","100 %","1","1","","","","","","","-","","","","-","","","","","","","https://www.amazon.co.jp/dp/B0D2DYK1NB","https://keepa.com/#!product/5-B0D2DYK1NB","食品・飲料・お酒","パスタ","食品・飲料・お酒 › 麺類・パスタ › パスタ","B0D2DYK1NB","","","五木食品","","","","","","","","","","","","","no","","","0 %","0 %","0 %","0 %","0 %","0 %","0 %","0 %","0","0","0","0","-","-","-","","",""
"","五木食品 スープ付うどん 210g×6袋(電子レンジ調理可能)(常温保存商品)","","","","","0","0","0","0","","","","","","","-","no","","","","","","100 %","1","1","","","","","","","-","","","","-","","","","","","","https://www.amazon.co.jp/dp/B0D2F11B6V","https://keepa.com/#!product/5-B0D2F11B6V","食品・飲料・お酒","うどん","食品・飲料・お酒 › 麺類・パスタ › うどん","B0D2F11B6V","","","五木食品","","","","","","","","","","","","","no","","","0 %","0 %","0 %","0 %","0 %","0 %","0 %","0 %","0","0","0","0","-","-","-","","",""
"","五木食品 火の国熊本とんこつラーメン 250g×10個","","","","","0","0","0","0","","","","","","","-","no","","","","","","100 %","1","1","","","","","","","-","","","","-","","","","","","","https://www.amazon.co.jp/dp/B0D2PJTN1L","https://keepa.com/#!product/5-B0D2PJTN1L","食品・飲料・お酒","ラーメン","食品・飲料・お酒 › 麺類・パスタ › ラーメン","B0D2PJTN1L","","","五木食品","","","","","","","","","","","","","no","","","0 %","0 %","0 %","0 %","0 %","0 %","0 %","0 %","0","0","0","0","-","-","-","","",""
"","五木食品 田舎うどん 200g ×20個","","","","","0","0","0","0","","","","","","","-","no","","","","","","100 %","0","0","","","","","","","-","","","","-","","","","","","","https://www.amazon.co.jp/dp/B0D2PMF68V","https://keepa.com/#!product/5-B0D2PMF68V","食品・飲料・お酒","そば","食品・飲料・お酒 › 麺類・パスタ › そば","B0D2PMF68V","","","五木食品","","","","","","","","","","","","","no","","","0 %","0 %","0 %","0 %","0 %","0 %","0 %","0 %","0","0","0","0","-","-","-","","",""
"","五木食品 山芋入り 更科 八割そば 240g ×20個","","","","","0","0","0","0","","","","","","","-","no","","","","","","100 %","0","0","","","","","","","-","","","","-","","","","","","","https://www.amazon.co.jp/dp/B0D2PNNRQG","https://keepa.com/#!product/5-B0D2PNNRQG","食品・飲料・お酒","そば","食品・飲料・お酒 › 麺類・パスタ › そば","B0D2PNNRQG","","","五木食品","","","","","","","","","","","","","no","","","0 %","0 %","0 %","0 %","0 %","0 %","0 %","0 %","0","0","0","0","-","-","-","","",""
"https://m.media-amazon.com/images/I/71x5XUVtzuL.jpg","五木食品 半生冷し中華 252g","","","","","0","0","0","0","","3.4","2","","","","-","no","","","","","","100 %","2","2","780","695","0 %","","","","-","780","756","","-","205","205","0 %","1","1","0 %","https://www.amazon.co.jp/dp/B085P2XJQF","https://keepa.com/#!product/5-B085P2XJQF","食品・飲料・お酒","ラーメン","食品・飲料・お酒 › 麺類・パスタ › ラーメン","B085P2XJQF","4901726014547","五木食品","五木食品","1","1","2020-03-09","19.6","14.4","3","280","1","","","","252","no","","","0 %","0 %","0 %","0 %","0 %","0 %","0 %","0 %","0","0","0","0","-","-","-","5","5","5"
"https://m.media-amazon.com/images/I/61hMzHFIOXL.jpg;https://m.media-amazon.com/images/I/61Plyd2QqNL.jpg","五木食品 ざるラーメン 超梅 2人前×12袋","","","","","0","0","0","0","","","","3,496","3,496","","-","no","","","","","","100 %","1","1","3,496","3,496","","","","","-","3,496","3,496","","-","0","0","0 %","1","1","","https://www.amazon.co.jp/dp/B0H28S55W8","https://keepa.com/#!product/5-B0H28S55W8","食品・飲料・お酒","ラーメン","食品・飲料・お酒 › 麺類・パスタ › ラーメン","B0H28S55W8","4901726015933","五木食品","五木食品","12","","","30.6","26.6","12.4","3600","12","30.6","26.6","12.4","3600","no","","","0 %","0 %","0 %","0 %","89 %","88 %","88 %","88 %","1","1","1","1","-","-","-","8","8","4"
"https://m.media-amazon.com/images/I/614HgRRLbZL.jpg;https://m.media-amazon.com/images/I/51o1tB-BC5L.jpg;https://m.media-amazon.com/images/I/61Xj6NYpJnL.jpg","五木食品 中華めん 250g","","","","","0","0","0","0","","","","","","","-","no","","","","","","100 %","4","4","598","506","0 %","","","","-","598","598","","-","184","184","0 %","1","1","0 %","https://www.amazon.co.jp/dp/B085P2Z1Q5","https://keepa.com/#!product/5-B085P2Z1Q5","食品・飲料・お酒","ラーメン","食品・飲料・お酒 › 麺類・パスタ › ラーメン","B085P2Z1Q5","4901726014363","五木食品","五木食品","1","1","2020-03-09","23.1","7.8","2.5","260","1","","","","","no","","","0 %","0 %","0 %","0 %","0 %","0 %","0 %","0 %","0","0","0","0","-","-","-","5","5","5"
"https://m.media-amazon.com/images/I/71bRm87j5uL.jpg","五木食品 ざるラーメン和風しょうゆ 280g(2人前)","","","","","0","0","0","0","","","","","","","-","no","","","","","","100 %","1","1","","720","","","","","-","","720","","-","","","","","1","","https://www.amazon.co.jp/dp/B00K73AEVA","https://keepa.com/#!product/5-B00K73AEVA","食品・飲料・お酒","ラーメン","食品・飲料・お酒 › 麺類・パスタ › ラーメン","B00K73AEVA","","五木食品","五木食品","1","1","","","","","","1","","","","","no","","","0 %","0 %","0 %","0 %","0 %","0 %","0 %","23 %","0","0","0","1","-","-","-","5","5","6"
"https://m.media-amazon.com/images/I/91XvQp+LaVL.jpg;https://m.media-amazon.com/images/I/71dJECjKLaL.jpg;https://m.media-amazon.com/images/I/71qryQslhYL.jpg","五木食品 熊本赤辛ラーメン 114g×3袋","","","","","0","0","0","0","","4.6","6","748","748","0 %","SanLana Groceries (81%) / A3IKGNQJW3JYQ5","no","","","","","","100 %","1","1","1,089","741","31 %","","","","-","1,089","1,144","","-","474","474","0 %","1","1","-100 %","https://www.amazon.co.jp/dp/B079S5J2JX","https://keepa.com/#!product/5-B079S5J2JX","食品・飲料・お酒","ラーメン","食品・飲料・お酒 › 麺類・パスタ › ラーメン","B079S5J2JX","4901726011249","五木食品","五木食品","3","1","2018-02-13","25","8.9","4.3","400","3","","","","114","no","","","0 %","0 %","0 %","0 %","100 %","100 %","100 %","100 %","1","1","1","1","-","-","-","","",""
"https://m.media-amazon.com/images/I/7185zGSc5AL.jpg;https://m.media-amazon.com/images/I/51uh-DozshL.jpg;https://m.media-amazon.com/images/I/51TjHr89zVL.jpg","五木食品 中華細麺 280g×10個","","","","","0","0","0","0","","4.2","41","","","","-","no","","","","","","100 %","1","1","","","","","","","-","","","","-","2,400","2,400","0 %","","","","https://www.amazon.co.jp/dp/B09WMPPX6Q?psc=1","https://keepa.com/#!product/5-B09WMPPX6Q","食品・飲料・お酒","ラーメン","食品・飲料・お酒 › 麺類・パスタ › ラーメン","B09WMPPX6Q","2203250000211","五木食品","五木食品","10","10","2022-04-01","26.1","22.1","10","3000","10","","","","2800","no","","","0 %","0 %","0 %","0 %","0 %","0 %","0 %","0 %","0","0","0","0","-","-","-","5","5","5"
"https://m.media-amazon.com/images/I/71G56XDR1LL.jpg;https://m.media-amazon.com/images/I/71GawxjiwsL.jpg","五木食品 ざるラーメンゴマだれ 264g","","","","","0","0","0","0","","4","1","677","677","","-","no","","","","","","100 %","3","3","701","711","-11 %","","","","-","701","711","","-","267","267","0 %","1","1","0 %","https://www.amazon.co.jp/dp/B085P2TS7K","https://keepa.com/#!product/5-B085P2TS7K","食品・飲料・お酒","ラーメン","食品・飲料・お酒 › 麺類・パスタ › ラーメン","B085P2TS7K","4901726013175","五木食品","五木食品","1","1","2020-03-09","27","10.3","3","280","1","","","","","no","","","0 %","0 %","0 %","0 %","43 %","67 %","67 %","67 %","1","1","1","1","-","-","-","7","7","6"
"https://m.media-amazon.com/images/I/71s9qPklbPL.jpg;https://m.media-amazon.com/images/I/61DSH2QMK0L.jpg","五木食品 中華めん 250g×5個","","","","","0","0","0","0","","","","","","","-","no","","","","","","100 %","2","2","","","","","","","-","","","","-","920","920","0 %","","","","https://www.amazon.co.jp/dp/B06Y51JWR6","https://keepa.com/#!product/5-B06Y51JWR6","食品・飲料・お酒","ラーメン","食品・飲料・お酒 › 麺類・パスタ › ラーメン","B06Y51JWR6","4901726002391","五木食品","五木食品","5","","","21.2","9","8","1320","5","","","","","no","","","0 %","0 %","0 %","0 %","0 %","0 %","0 %","0 %","0","0","0","0","-","-","-","","",""
"https://m.media-amazon.com/images/I/51Mz+RaW-oL.jpg;https://m.media-amazon.com/images/I/51cbKvbenJL.jpg","五木食品 ゆず塩ラーメン 1人前×10袋","","","","","0","0","0","0","","","","1,809","1,809","0 %","Smile Spoon (96%) / ANX50H5BJ2R33","no","","","","","","100 %","1","1","1,809","1,809","0 %","","","","-","1,809","1,809","","-","0","0","0 %","1","1","0 %","https://www.amazon.co.jp/dp/B0H28NR34M","https://keepa.com/#!product/5-B0H28NR34M","食品・飲料・お酒","ラーメン","食品・飲料・お酒 › 麺類・パスタ › ラーメン","B0H28NR34M","4901726015674","五木食品","五木食品","10","","","24.5","15","8.3","800","10","24.5","8.3","15","800","no","","","0 %","0 %","0 %","0 %","100 %","100 %","100 %","100 %","1","1","1","1","-","-","-","","",""
"https://m.media-amazon.com/images/I/51eTdQ7XbqL.jpg;https://m.media-amazon.com/images/I/51NW0nCB+QL.jpg","五木食品 こく味噌ラーメン 1人前×10袋","","","","","0","0","0","0","","","","1,809","1,809","0 %","Smile Spoon (96%) / ANX50H5BJ2R33","no","","","","","","100 %","1","1","1,809","1,809","0 %","","","","-","1,809","1,809","","-","0","0","0 %","1","1","0 %","https://www.amazon.co.jp/dp/B0H28QJGNY","https://keepa.com/#!product/5-B0H28QJGNY","食品・飲料・お酒","ラーメン","食品・飲料・お酒 › 麺類・パスタ › ラーメン","B0H28QJGNY","4901726015872","五木食品","五木食品","10","","","24.5","15","8.3","870","10","24.5","8.3","15","870","no","","","0 %","0 %","0 %","0 %","100 %","100 %","100 %","100 %","1","1","1","1","-","-","-","","",""
"https://m.media-amazon.com/images/I/51eTdQ7XbqL.jpg;https://m.media-amazon.com/images/I/51NW0nCB+QL.jpg","五木食品 こく味噌ラーメン 1人前×20袋","","","","","0","0","0","0","","","","2,608","2,608","0 %","Smile Spoon (96%) / ANX50H5BJ2R33","no","","","","","","100 %","1","1","2,608","2,608","0 %","","","","-","2,608","2,608","","-","0","0","0 %","1","1","0 %","https://www.amazon.co.jp/dp/B0H28W25RR","https://keepa.com/#!product/5-B0H28W25RR","食品・飲料・お酒","ラーメン","食品・飲料・お酒 › 麺類・パスタ › ラーメン","B0H28W25RR","4901726015872","五木食品","五木食品","20","","","35.3","25.6","7","2000","20","35.3","25.6","7","2000","no","","","0 %","0 %","0 %","0 %","100 %","100 %","100 %","100 %","1","1","1","1","-","-","-","","",""
"https://m.media-amazon.com/images/I/613xUNBjgHL.jpg;https://m.media-amazon.com/images/I/515Dj24CIYL.jpg","五木食品 ちゃちゃっとちゃんぽん 2人前×10袋","","","","","0","0","0","0","","","","2,489","2,489","0 %","Smile Spoon (96%) / ANX50H5BJ2R33","no","","","","","","100 %","1","1","2,489","2,489","0 %","","","","-","2,489","2,489","","-","0","0","0 %","1","1","0 %","https://www.amazon.co.jp/dp/B0H2CDC526","https://keepa.com/#!product/5-B0H2CDC526","食品・飲料・お酒","ラーメン","食品・飲料・お酒 › 麺類・パスタ › ラーメン","B0H2CDC526","4901726015735","五木食品","五木食品","10","","","25","23","9.5","1840","10","25","9.5","23","1840","no","","","0 %","0 %","0 %","0 %","100 %","100 %","100 %","100 %","1","1","1","1","-","-","-","","",""
"https://m.media-amazon.com/images/I/71gIqVqr2iL.jpg;https://m.media-amazon.com/images/I/61b2fc8GGEL.jpg","五木食品 中華めん 250g×3袋","","","","","0","0","0","0","","","","","","","-","no","","","","","","100 %","1","1","","","","","","","-","","","","-","552","552","0 %","","","","https://www.amazon.co.jp/dp/B079SBX1DH","https://keepa.com/#!product/5-B079SBX1DH","食品・飲料・お酒","ラーメン","食品・飲料・お酒 › 麺類・パスタ › ラーメン","B079SBX1DH","4901726002391","五木食品","五木食品","3","1","2018-02-13","23","8","6","750","3","","","","","no","","","0 %","0 %","0 %","0 %","0 %","0 %","0 %","0 %","0","0","0","0","-","-","-","","",""
"https://m.media-amazon.com/images/I/41bssO0wE5L.jpg","五木 彩菜ひやむぎ 320g","","","","","0","0","0","0","","","","870","870","0 %","mama☆BOON(ベビー・マタニティ・キッズ総合専門店) (54%) / A2CYHDSEUBNU8N","no","","","","","","100 %","1","1","870","870","0 %","","","","-","870","870","","-","","","","1","1","-100 %","https://www.amazon.co.jp/dp/B0FSJT8R3X","https://keepa.com/#!product/5-B0FSJT8R3X","食品・飲料・お酒","そうめん・ひやむぎ","食品・飲料・お酒 › 麺類・パスタ › そうめん・ひやむぎ","B0FSJT8R3X","4901726014769","五木","五木食品","1","","","","","","","","","","","","no","","","0 %","0 %","0 %","0 %","100 %","100 %","100 %","100 %","1","1","1","1","-","-","-","","",""
"","五木食品 熊本もっこすラーメン 123g×10個","","","","","0","0","0","0","","","","","","","-","no","","","","","","100 %","1","1","","","","","","","-","","","","-","","","","","","","https://www.amazon.co.jp/dp/B0FK9N11VC","https://keepa.com/#!product/5-B0FK9N11VC","食品・飲料・お酒","ラーメン","食品・飲料・お酒 › 麺類・パスタ › ラーメン","B0FK9N11VC","","","五木食品","","","","","","","","","","","","","no","","","0 %","0 %","0 %","0 %","0 %","0 %","0 %","0 %","0","0","0","0","-","-","-","","",""
"https://m.media-amazon.com/images/I/81QdgUuaDBL.jpg;https://m.media-amazon.com/images/I/71r358VX4EL.jpg;https://m.media-amazon.com/images/I/617v5NWTE-L.jpg;https://m.media-amazon.com/images/I/61ZqruQj6SL.jpg","五木食品 半生冷し中華ごまだれ 246g(2食入)×4個 (常温保存) (× 2)","","","","","0","0","0","0","","","","2,178","2,178","","-","no","","2,178","2,178","","","98 %","1","1","","","","","","","-","","","","-","","","","","","","https://www.amazon.co.jp/dp/B0H1SW941F?psc=1","https://keepa.com/#!product/5-B0H1SW941F","食品・飲料・お酒","たれ・料理ソース","食品・飲料・お酒 › レトルト・料理の素 › 料理の素 › たれ・料理ソース","B0H1SW941F","","五木食品","五木食品","8","8","2026-03-02","38.4","31.9","4","2140","","","","","","no","","","40 %","59 %","59 %","59 %","40 %","59 %","59 %","59 %","1","1","1","1","-","-","-","6","4","2"
"https://m.media-amazon.com/images/I/51eERFbPldL.jpg;https://m.media-amazon.com/images/I/51T83DCSFSL.jpg","五木食品 熊本赤辛ラーメン 1人前×3袋","","","","","0","0","0","0","","","","966","1,065","30 %","SanLana Groceries (81%) / A3IKGNQJW3JYQ5","no","","","","","","100 %","1","1","1,065","1,065","30 %","","","","-","1,065","1,065","","-","0","0","0 %","1","1","-100 %","https://www.amazon.co.jp/dp/B0H28KN1D5","https://keepa.com/#!product/5-B0H28KN1D5","食品・飲料・お酒","ラーメン","食品・飲料・お酒 › 麺類・パスタ › ラーメン","B0H28KN1D5","4901726014707","五木食品","五木食品","3","","","24.5","8.3","4.5","360","3","24.5","8.3","4.5","360","no","","","0 %","0 %","0 %","0 %","57 %","63 %","63 %","63 %","2","2","2","2","250","198","107","8","6","3"
"https://m.media-amazon.com/images/I/61MVassE2uL.jpg;https://m.media-amazon.com/images/I/51snLNYqoQL.jpg","五木食品 鶏だし醤油ラーメン 1人前×3袋","","","","","0","0","0","0","","","","1,088","1,111","33 %","SanLana Groceries (81%) / A3IKGNQJW3JYQ5","no","","","","","","100 %","1","1","1,111","1,111","33 %","","","","-","1,111","1,111","","-","0","0","0 %","1","1","-100 %","https://www.amazon.co.jp/dp/B0H28KVP3R","https://keepa.com/#!product/5-B0H28KVP3R","食品・飲料・お酒","ラーメン","食品・飲料・お酒 › 麺類・パスタ › ラーメン","B0H28KVP3R","4901726015681","五木食品","五木食品","3","","","24.5","8.3","4.5","250","3","24.5","8.3","4.5","250","no","","","0 %","0 %","0 %","0 %","89 %","96 %","96 %","96 %","2","2","2","2","117","70","35","8","8","4"
"https://m.media-amazon.com/images/I/51eTdQ7XbqL.jpg;https://m.media-amazon.com/images/I/51NW0nCB+QL.jpg","五木食品 こく味噌ラーメン 1人前×3袋","","","","","0","0","0","0","","","","1,128","1,128","0 %","Smile Spoon (96%) / ANX50H5BJ2R33","no","","","","","","100 %","1","1","1,128","1,128","0 %","","","","-","1,128","1,128","","-","0","0","0 %","1","1","0 %","https://www.amazon.co.jp/dp/B0H28WDP9V","https://keepa.com/#!product/5-B0H28WDP9V","食品・飲料・お酒","ラーメン","食品・飲料・お酒 › 麺類・パスタ › ラーメン","B0H28WDP9V","4901726015872","五木食品","五木食品","3","","","24.5","8.3","4.5","270","3","24.5","8.3","4.5","270","no","","","0 %","0 %","0 %","0 %","100 %","100 %","100 %","100 %","1","1","1","1","-","-","-","","",""
"https://m.media-amazon.com/images/I/61rAfjnP0nL.jpg;https://m.media-amazon.com/images/I/61WM73RZglL.jpg;https://m.media-amazon.com/images/I/51076eIbcuL.jpg","五木食品 2コ焼うどんしょうゆ味 396g","","","","","0","0","0","0","","","","","","","-","no","","","","","","100 %","1","1","","","","","","","-","","","","-","","","","","","","https://www.amazon.co.jp/dp/B085P2YG69","https://keepa.com/#!product/5-B085P2YG69","食品・飲料・お酒","うどん","食品・飲料・お酒 › 麺類・パスタ › うどん","B085P2YG69","4901726050286","五木食品","五木食品","1","1","2020-03-09","20.5","13","4","396","1","","","","","no","","","0 %","0 %","0 %","0 %","0 %","0 %","0 %","0 %","0","0","0","0","-","-","-","","",""
"","乾めん類","","","","","0","0","0","0","","","","","","","-","no","","","","","","100 %","1","1","","","","","","","-","","","","-","","","","","","","https://www.amazon.co.jp/dp/B0D2PM8J57?psc=1","https://keepa.com/#!product/5-B0D2PM8J57","食品・飲料・お酒","カテゴリー別","","B0D2PM8J57","","","五木食品","","","","","","","","","","","","","no","","","0 %","0 %","0 %","0 %","0 %","0 %","0 %","0 %","0","0","0","0","-","-","-","","",""
"","鍋焼シリーズ(年間)","","","","","0","0","0","0","","","","","","","-","no","","","","","","100 %","1","1","","","","","","","-","","","","-","","","","","","","https://www.amazon.co.jp/dp/B0CGLV2GZL","https://keepa.com/#!product/5-B0CGLV2GZL","食品・飲料・お酒","カテゴリー別","","B0CGLV2GZL","","","五木食品","","","","","","","","0","","","","","no","","","0 %","0 %","0 %","0 %","0 %","0 %","0 %","0 %","0","0","0","0","-","-","-","","",""
"","棒状ラーメン(通年)","","","","","0","0","0","0","","","","","","","-","no","","","","","","100 %","1","1","","","","","","","-","","","","-","","","","","","","https://www.amazon.co.jp/dp/B0D2XHGGDL?psc=1","https://keepa.com/#!product/5-B0D2XHGGDL","食品・飲料・お酒","カテゴリー別","","B0D2XHGGDL","","","五木食品","","","","","","","","","","","","","no","","","0 %","0 %","0 %","0 %","0 %","0 %","0 %","0 %","0","0","0","0","-","-","-","","",""
"","涼味系即席麺(つゆ付乾麺/半生)","","","","","0","0","0","0","","","","","","","-","no","","","","","","100 %","1","1","","","","","","","-","","","","-","","","","","","","https://www.amazon.co.jp/dp/B0BY812LTD","https://keepa.com/#!product/5-B0BY812LTD","食品・飲料・お酒","カテゴリー別","","B0BY812LTD","","","五木食品","","","","","","","","0","","","","","no","","","0 %","0 %","0 %","0 %","0 %","0 %","0 %","0 %","0","0","0","0","-","-","-","","",""
"https://m.media-amazon.com/images/I/41D0r8pDvZL.jpg","五木食品 無塩づくり山芋入りそば 320g","","","","","0","0","0","0","","4.3","9","","","","-","no","","","","","","100 %","1","1","1,160","571","","","","","-","1,160","1,055","","-","","","","1","1","","https://www.amazon.co.jp/dp/B01G11SBWU","https://keepa.com/#!product/5-B01G11SBWU","食品・飲料・お酒","そば","食品・飲料・お酒 › 麺類・パスタ › そば","B01G11SBWU","4901726013571","五木食品","五木食品","1","1","","23.3","9.5","2.6","440","1","2.1","8.2","23","320","no","","","0 %","0 %","0 %","0 %","0 %","0 %","0 %","4 %","0","0","0","1","-","-","-","5","5","5"
"","1食LL袋麺(五木庵&タカモリ)","","","","","0","0","0","0","","","","","","","-","no","","","","","","100 %","1","1","","","","","","","-","","","","-","","","","","","","https://www.amazon.co.jp/dp/B0C1BXYHVZ","https://keepa.com/#!product/5-B0C1BXYHVZ","食品・飲料・お酒","カテゴリー別","","B0C1BXYHVZ","","","五木食品","","","","","","","","0","","","","","no","","","0 %","0 %","0 %","0 %","0 %","0 %","0 %","0 %","0","0","0","0","-","-","-","","",""
"","涼味系即席麺(つゆ付乾麺/半生)","","","","","0","0","0","0","","","","","","","-","no","","","","","","100 %","1","1","","","","","","","-","","","","-","","","","","","","https://www.amazon.co.jp/dp/B0D2XJ4C3V","https://keepa.com/#!product/5-B0D2XJ4C3V","食品・飲料・お酒","カテゴリー別","","B0D2XJ4C3V","","","五木食品","","","","","","","","","","","","","no","","","0 %","0 %","0 %","0 %","0 %","0 %","0 %","0 %","0","0","0","0","-","-","-","","",""
"","1食LL袋麺(五木庵&タカモリ)","","","","","0","0","0","0","","","","","","","-","no","","","","","","100 %","1","1","","","","","","","-","","","","-","","","","","","","https://www.amazon.co.jp/dp/B0D2PLX3KT","https://keepa.com/#!product/5-B0D2PLX3KT","食品・飲料・お酒","カテゴリー別","","B0D2PLX3KT","","","五木食品","","","","","","","","","","","","","no","","","0 %","0 %","0 %","0 %","0 %","0 %","0 %","0 %","0","0","0","0","-","-","-","","",""
"","1食LL袋麺(五木庵&タカモリ)","","","","","0","0","0","0","","","","","","","-","no","","","","","","100 %","1","1","","","","","","","-","","","","-","","","","","","","https://www.amazon.co.jp/dp/B0CGLW1X2G","https://keepa.com/#!product/5-B0CGLW1X2G","食品・飲料・お酒","カテゴリー別","","B0CGLW1X2G","","","五木食品","","","","","","","","0","","","","","no","","","0 %","0 %","0 %","0 %","0 %","0 %","0 %","0 %","0","0","0","0","-","-","-","","",""
"","中華細麺 280g","","","","","0","0","0","0","","","","","","","-","no","","","","","","100 %","1","1","","","","","","","-","","","","-","","","","","","","https://www.amazon.co.jp/dp/B0CGQL7J75","https://keepa.com/#!product/5-B0CGQL7J75","食品・飲料・お酒","冷麺","食品・飲料・お酒 › 麺類・パスタ › 冷麺","B0CGQL7J75","","","五木食品","","","","","","","","0","","","","","no","","","0 %","0 %","0 %","0 %","0 %","0 %","0 %","0 %","0","0","0","0","-","-","-","","",""
"","1食LL袋麺(五木庵&タカモリ)","","","","","0","0","0","0","","","","","","","-","no","","","","","","100 %","1","1","","","","","","","-","","","","-","","","","","","","https://www.amazon.co.jp/dp/B0C9TLV9ZX","https://keepa.com/#!product/5-B0C9TLV9ZX","食品・飲料・お酒","そば","食品・飲料・お酒 › 麺類・パスタ › そば","B0C9TLV9ZX","","","五木食品","","","","","","","","0","","","","","no","","","0 %","0 %","0 %","0 %","0 %","0 %","0 %","0 %","0","0","0","0","-","-","-","","",""
"","五木食品","","","","","0","0","0","0","","","","","","","-","no","","","","","","100 %","1","1","","","","","","","-","","","","-","","","","","","","https://www.amazon.co.jp/dp/B0DTTL1356","https://keepa.com/#!product/5-B0DTTL1356","食品・飲料・お酒","カテゴリー別","","B0DTTL1356","","","五木食品","","","","","","","","","","","","","no","","","0 %","0 %","0 %","0 %","0 %","0 %","0 %","0 %","0","0","0","0","-","-","-","","",""
"","五木食品 ざるラーメン 6個(常温保存商品)","","","","","0","0","0","0","","","","","","","-","no","","","","","","100 %","1","1","","","","","","","-","","","","-","","","","","","","https://www.amazon.co.jp/dp/B0CD2KQNJH","https://keepa.com/#!product/5-B0CD2KQNJH","食品・飲料・お酒","カテゴリー別","","B0CD2KQNJH","","","五木食品","","","","","","","","0","","","","","no","","","0 %","0 %","0 %","0 %","0 %","0 %","0 %","0 %","0","0","0","0","-","-","-","","",""
"","五木食品 五木庵 10個(電子レンジ調理可能)(常温保存商品)","","","","","0","0","0","0","","","","","","","-","no","","","","","","100 %","1","1","","","","","","","-","","","","-","","","","","","","https://www.amazon.co.jp/dp/B0CD2F4P3B","https://keepa.com/#!product/5-B0CD2F4P3B","食品・飲料・お酒","カテゴリー別","","B0CD2F4P3B","","","五木食品","","","","","","","","0","","","","","no","","","0 %","0 %","0 %","0 %","0 %","0 %","0 %","0 %","0","0","0","0","-","-","-","","",""
"","五木食品 スパゲティ うどん 電子レンジ調理可能 常温保存商品","","","","","0","0","0","0","","","","","","","-","no","","","","","","100 %","1","1","","","","","","","-","","","","-","","","","","","","https://www.amazon.co.jp/dp/B0D2PNDYFV","https://keepa.com/#!product/5-B0D2PNDYFV","食品・飲料・お酒","カテゴリー別","","B0D2PNDYFV","","","五木食品","","","","","","","","","","","","","no","","","0 %","0 %","0 %","0 %","0 %","0 %","0 %","0 %","0","0","0","0","-","-","-","","",""
"https://m.media-amazon.com/images/I/61GKhVyFyRL.jpg;https://m.media-amazon.com/images/I/61yYlEASL-L.jpg","五木食品 贅沢鍋焼 焼あごだしうどん 269g","","","","","0","0","0","0","","","","","","","-","no","","","","","","100 %","1","1","","","","","","","-","","","","-","320","320","0 %","","","","https://www.amazon.co.jp/dp/B085P2ZCQ2","https://keepa.com/#!product/5-B085P2ZCQ2","食品・飲料・お酒","うどん","食品・飲料・お酒 › 麺類・パスタ › うどん","B085P2ZCQ2","4901726014417","五木食品","五木食品","1","1","2020-03-09","19.8","19.8","4.8","269","1","","","","","no","","","0 %","0 %","0 %","0 %","0 %","0 %","0 %","0 %","0","0","0","0","-","-","-","","",""
"","五木食品 ナポリ風スパゲティ 200g×6袋(電子レンジ調理可能)(常温保存商品)","","","","","0","0","0","0","","","","","","","-","no","","","","","","100 %","1","1","","","","","","","-","","","","-","","","","","","","https://www.amazon.co.jp/dp/B0FK9GY4S4","https://keepa.com/#!product/5-B0FK9GY4S4","食品・飲料・お酒","パスタ","食品・飲料・お酒 › 麺類・パスタ › パスタ","B0FK9GY4S4","","","五木食品","","","","","","","","","","","","","no","","","0 %","0 %","0 %","0 %","0 %","0 %","0 %","0 %","0","0","0","0","-","-","-","","",""
"","五木食品 中華麺シリーズ 棒状鍋用ラーメン 中華中太麵 中華細麺 彩菜中華細麺 中華めん","","","","","0","0","0","0","","","","","","","-","no","","","","","","100 %","1","1","","","","","","","-","","","","-","","","","","","","https://www.amazon.co.jp/dp/B0CGQRTWY8","https://keepa.com/#!product/5-B0CGQRTWY8","食品・飲料・お酒","ラーメン","食品・飲料・お酒 › 麺類・パスタ › ラーメン","B0CGQRTWY8","","","五木食品","","","","","","","","0","","","","","no","","","0 %","0 %","0 %","0 %","0 %","0 %","0 %","0 %","0","0","0","0","-","-","-","","",""
"https://m.media-amazon.com/images/I/71MX9eaSjiL.jpg;https://m.media-amazon.com/images/I/7178Xl6badL.jpg;https://m.media-amazon.com/images/I/61VcGRW1asL.jpg","五木食品 タカモリデミグラスナポリタン180ｇ×20個","","","","","0","0","0","0","","","","","","","-","no","","","","","","100 %","1","1","","","","","","","-","","","","-","134","134","0 %","","","","https://www.amazon.co.jp/dp/B0G2RXK5SK","https://keepa.com/#!product/5-B0G2RXK5SK","食品・飲料・お酒","パスタ","食品・飲料・お酒 › 麺類・パスタ › パスタ","B0G2RXK5SK","","五木食品","五木食品","20","20","2025-11-25","44.4","44.4","9","4200","","","","","","no","","","0 %","0 %","0 %","0 %","0 %","0 %","0 %","0 %","0","0","0","0","-","-","-","","",""
"","五木食品 ざるラーメンゴマだれ 264g ×12個","","","","","0","0","0","0","","","","","","","-","no","","","","","","100 %","1","1","","","","","","","-","","","","-","","","","","","","https://www.amazon.co.jp/dp/B0CGQLB3P5","https://keepa.com/#!product/5-B0CGQLB3P5","食品・飲料・お酒","ラーメン","食品・飲料・お酒 › 麺類・パスタ › ラーメン","B0CGQLB3P5","","","五木食品","","","","","","","","0","","","","","no","","","0 %","0 %","0 %","0 %","0 %","0 %","0 %","0 %","0","0","0","0","-","-","-","","",""
"","五木食品 火の国熊本とんこつラーメン 250g×10個","","","","","0","0","0","0","","","","","","","-","no","","","","","","100 %","1","1","","","","","","","-","","","","-","","","","","","","https://www.amazon.co.jp/dp/B0FKB1LFG4","https://keepa.com/#!product/5-B0FKB1LFG4","食品・飲料・お酒","ラーメン","食品・飲料・お酒 › 麺類・パスタ › ラーメン","B0FKB1LFG4","","","五木食品","","","","","","","","","","","","","no","","","0 %","0 %","0 %","0 %","0 %","0 %","0 %","0 %","0","0","0","0","-","-","-","","",""
"https://m.media-amazon.com/images/I/61sEr3zBXeL.jpg;https://m.media-amazon.com/images/I/61Z2K70z19L.jpg;https://m.media-amazon.com/images/I/61dFjZ4g18L.jpg;https://m.media-amazon.com/images/I/51TTLi2qz8L.jpg","五木食品 トムヤムクンラーメン 107g","","","","","0","0","0","0","","","","","","","-","no","","","","","","100 %","1","1","","","","","","","-","","","","-","","","","","","","https://www.amazon.co.jp/dp/B084XLJTK5","https://keepa.com/#!product/5-B084XLJTK5","食品・飲料・お酒","ラーメン","食品・飲料・お酒 › 麺類・パスタ › ラーメン","B084XLJTK5","4901726014936","五木食品","五木食品","1","1","2020-03-02","24.5","8.3","1.9","107","1","","","","","no","","","0 %","0 %","0 %","0 %","0 %","0 %","0 %","0 %","0","0","0","0","-","-","-","","",""
"","五木食品 スープ付うどん 210g×6袋(電子レンジ調理可能)(常温保存商品)","","","","","0","0","0","0","","","","","","","-","no","","","","","","100 %","1","1","","","","","","","-","","","","-","","","","","","","https://www.amazon.co.jp/dp/B0FK9F89PG","https://keepa.com/#!product/5-B0FK9F89PG","食品・飲料・お酒","うどん","食品・飲料・お酒 › 麺類・パスタ › うどん","B0FK9F89PG","","","五木食品","","","","","","","","","","","","","no","","","0 %","0 %","0 %","0 %","0 %","0 %","0 %","0 %","0","0","0","0","-","-","-","","",""
"https://m.media-amazon.com/images/I/61420X-OIlL.jpg;https://m.media-amazon.com/images/I/61D3Rl75WhL.jpg;https://m.media-amazon.com/images/I/61+fZX-GPiL.jpg","五木食品 ざるラーメン辛みそ 266g","","","","","0","0","0","0","","","","","","","-","no","","","","","","100 %","1","1","","","","","","","-","","","","-","","","0 %","","","","https://www.amazon.co.jp/dp/B084XKLHW4","https://keepa.com/#!product/5-B084XKLHW4","食品・飲料・お酒","ラーメン","食品・飲料・お酒 › 麺類・パスタ › ラーメン","B084XKLHW4","","五木食品","五木食品","1","1","2020-03-02","28","9.5","2.8","266","1","","","","","no","","","0 %","0 %","0 %","0 %","0 %","0 %","0 %","0 %","0","0","0","0","-","-","-","","",""
"https://m.media-amazon.com/images/I/61TwbTLAqkL.jpg;https://m.media-amazon.com/images/I/61oQWofAkwL.jpg;https://m.media-amazon.com/images/I/51DcpNSXgrL.jpg;https://m.media-amazon.com/images/I/51jbQTnZtpL.jpg","五木食品 ざるラーメン梅かつお 264g","","","","","0","0","0","0","","","","","","","-","no","","","","","","100 %","1","1","","","","","","","-","","","","-","","","","","","","https://www.amazon.co.jp/dp/B084XLNFD5","https://keepa.com/#!product/5-B084XLNFD5","食品・飲料・お酒","ラーメン","食品・飲料・お酒 › 麺類・パスタ › ラーメン","B084XLNFD5","4901726014981","五木食品","五木食品","1","1","2020-03-02","28","9.5","2.8","277","1","","","","","no","","","0 %","0 %","0 %","0 %","0 %","0 %","0 %","0 %","0","0","0","0","-","-","-","","",""
"https://m.media-amazon.com/images/I/718vqOhjztL.jpg;https://m.media-amazon.com/images/I/61ovtcszOLL.jpg;https://m.media-amazon.com/images/I/61NmYsXyTvL.jpg;https://m.media-amazon.com/images/I/61RiAhPTmqL.jpg","五木食品 レンジでもちもち釜玉うどんあごだし醤油 220g 10個 (電子レンジ調理可能) (常温保存商品)","","","","","0","0","0","0","","","","","","","-","no","","","","","","100 %","2","2","","","","","","","-","","","","-","1,760","1,760","0 %","","","","https://www.amazon.co.jp/dp/B0F2DYZKCH","https://keepa.com/#!product/5-B0F2DYZKCH","食品・飲料・お酒","そうめん・ひやむぎ","食品・飲料・お酒 › 麺類・パスタ › そうめん・ひやむぎ","B0F2DYZKCH","","五木食品","五木食品","10","10","2025-03-03","29","18","13","2270","","","","","","no","","","0 %","0 %","0 %","0 %","0 %","0 %","0 %","0 %","0","0","0","0","-","-","-","5","5","5"
"https://m.media-amazon.com/images/I/61XUngha8LL.jpg;https://m.media-amazon.com/images/I/61o9NabT+CL.jpg;https://m.media-amazon.com/images/I/61HsoqTTAPL.jpg","五木食品 タカモリ３食ナポリタン474ｇ×12個","","","","","0","0","0","0","","","","","","","-","no","","","","","","100 %","1","1","","","","","","","-","","","","-","300","300","0 %","","","","https://www.amazon.co.jp/dp/B0G2S17BW1","https://keepa.com/#!product/5-B0G2S17BW1","食品・飲料・お酒","パスタ","食品・飲料・お酒 › 麺類・パスタ › パスタ","B0G2S17BW1","","五木食品","五木食品","12","12","2025-11-25","37.6","24.9","16.4","6410","","","","","","no","","","0 %","0 %","0 %","0 %","0 %","0 %","0 %","0 %","0","0","0","0","-","-","-","","",""
"https://m.media-amazon.com/images/I/61+51sehrYL.jpg;https://m.media-amazon.com/images/I/51p4VTL4L0L.jpg;https://m.media-amazon.com/images/I/616dTeZ2O4L.jpg","五木食品 中華めん 250g","","","69108","","0","0","0","0","","3.5","6","","","","-","no","","","","","","100 %","1","1","","","","","","","-","","","","-","","","","","","","https://www.amazon.co.jp/dp/B08Z8KBYQG","https://keepa.com/#!product/5-B08Z8KBYQG","食品・飲料・お酒","冷麺","食品・飲料・お酒 › 麺類・パスタ › 冷麺","B08Z8KBYQG","4901726014363","五木食品","五木食品","1","1","","22.6","7.6","2.6","290","1","23","1.8","8","250","no","","","0 %","0 %","0 %","0 %","0 %","0 %","0 %","0 %","0","0","0","0","-","-","-","5","5","5"
"https://m.media-amazon.com/images/I/513+N3tbqkL.jpg;https://m.media-amazon.com/images/I/51y1ltoQLtL.jpg;https://m.media-amazon.com/images/I/51yiwhqjMyL.jpg","五木食品 3食入スープ付うどん 564g","","","","","0","0","0","0","","4.1","4","","","","-","no","","","","","","100 %","1","1","880","880","0 %","","","","-","880","880","","-","223","223","0 %","1","1","0 %","https://www.amazon.co.jp/dp/B085P2YTDC","https://keepa.com/#!product/5-B085P2YTDC","食品・飲料・お酒","うどん","食品・飲料・お酒 › 麺類・パスタ › うどん","B085P2YTDC","4901726050262","五木食品","五木食品","1","1","2020-03-09","17.7","14.4","6.7","600","1","","","","564","no","","","0 %","0 %","0 %","0 %","0 %","0 %","0 %","0 %","0","0","0","0","-","-","-","","",""
"https://m.media-amazon.com/images/I/61Cap38-YqL.jpg;https://m.media-amazon.com/images/I/713wbr3n5RL.jpg","五木食品 ざるラーメン和風しょうゆ 280g","","","","","0","0","0","0","","4.2","4","755","754","","-","no","","","","","","100 %","3","3","750","626","0 %","","","","-","750","756","","-","267","267","0 %","2","2","-50 %","https://www.amazon.co.jp/dp/B085P2ZZXS?psc=1","https://keepa.com/#!product/5-B085P2ZZXS","食品・飲料・お酒","ラーメン","食品・飲料・お酒 › 麺類・パスタ › ラーメン","B085P2ZZXS","4901726013168","五木食品","五木食品","1","1","2020-03-09","21","9.4","2.2","320","1","","","","280","no","","","0 %","0 %","0 %","0 %","36 %","64 %","53 %","53 %","3","4","4","4","13","7","9","7","8","6"
"https://m.media-amazon.com/images/I/613xUNBjgHL.jpg;https://m.media-amazon.com/images/I/515Dj24CIYL.jpg","五木食品 ちゃちゃっとちゃんぽん 2人前×3袋","","","","","0","0","0","0","","","","1,316","1,316","0 %","Smile Spoon (96%) / ANX50H5BJ2R33","no","","","","","","100 %","1","1","1,316","1,316","0 %","","","","-","1,316","1,316","","-","0","0","0 %","1","1","0 %","https://www.amazon.co.jp/dp/B0H299PXJK","https://keepa.com/#!product/5-B0H299PXJK","食品・飲料・お酒","ラーメン","食品・飲料・お酒 › 麺類・パスタ › ラーメン","B0H299PXJK","4901726015735","五木食品","五木食品","3","","","25","9.5","6.9","560","3","25","9.5","6.9","560","no","","","0 %","0 %","0 %","0 %","100 %","100 %","100 %","100 %","1","1","1","1","-","-","-","","",""
"https://m.media-amazon.com/images/I/61MNO3WsOkL.jpg;https://m.media-amazon.com/images/I/615UdfsxOtL.jpg","五木食品 ざるラーメン 超レモン 2人前×3袋","","","","","0","0","0","0","","","","1,458","1,503","4 %","Smile Spoon (96%) / ANX50H5BJ2R33","no","","","","","","100 %","1","1","1,503","1,503","4 %","","","","-","1,503","1,503","","-","0","0","0 %","2","2","-50 %","https://www.amazon.co.jp/dp/B0H28NBWNC","https://keepa.com/#!product/5-B0H28NBWNC","食品・飲料・お酒","ラーメン","食品・飲料・お酒 › 麺類・パスタ › ラーメン","B0H28NBWNC","4901726015766","五木食品","五木食品","3","","","28","9.5","9.3","800","3","28","9.5","9.3","800","no","","","0 %","0 %","0 %","0 %","100 %","100 %","100 %","100 %","1","1","1","1","20","44","26","8","8","4"
"https://m.media-amazon.com/images/I/71780lwBiaL.jpg;https://m.media-amazon.com/images/I/71ZBclkmv0L.jpg;https://m.media-amazon.com/images/I/71780lwBiaL.jpg","【乾麺グランプリ2026 そば部門１位】五木食品 濃厚とまとラーメン 1人前×10袋","","","","","0","0","0","0","","","","2,225","2,225","0 %","Smile Spoon (96%) / ANX50H5BJ2R33","no","","","","","","100 %","1","1","2,225","2,225","0 %","","","","-","2,225","2,225","","-","0","0","0 %","1","1","0 %","https://www.amazon.co.jp/dp/B08962G6CB","https://keepa.com/#!product/5-B08962G6CB","食品・飲料・お酒","ラーメン","食品・飲料・お酒 › 麺類・パスタ › ラーメン","B08962G6CB","4901726014677","五木食品","五木食品","10","","","22","9","1.5","125","1","22","1.5","9","125","no","","","0 %","0 %","0 %","0 %","100 %","84 %","84 %","84 %","1","1","1","1","-","-","-","8","7","3"
"https://m.media-amazon.com/images/I/41t1knp063L.jpg","五木食品 3食入ナポリタン 477g×12入","","","283639","","0","0","0","2","","5","8","3,406","3,398","-2 %","ジャパネットKN【適格請求書発行事業者】 (86%) / A3IRAE6MWRQR5Y","no","","","","","","100 %","1","1","3,398","3,404","-2 %","","","","-","3,398","3,404","","-","","","","1","1","0 %","https://www.amazon.co.jp/dp/B00OH55G3A","https://keepa.com/#!product/5-B00OH55G3A","食品・飲料・お酒","カテゴリー別","","B00OH55G3A","4901726012413","","五木食品","1","12","","38","25.4","14.6","6440","12","","","","477","no","","","0 %","0 %","0 %","0 %","69 %","90 %","95 %","60 %","2","2","2","2","29","16","20","8","8","7"
"https://m.media-amazon.com/images/I/51Mz+RaW-oL.jpg;https://m.media-amazon.com/images/I/51cbKvbenJL.jpg","五木食品 ゆず塩ラーメン 1人前×3袋","","","","","0","0","0","0","","","","1,128","1,128","0 %","Smile Spoon (96%) / ANX50H5BJ2R33","no","","","","","","100 %","1","1","1,128","1,128","0 %","","","","-","1,128","1,128","","-","0","0","0 %","1","1","0 %","https://www.amazon.co.jp/dp/B0H2C6LYWM","https://keepa.com/#!product/5-B0H2C6LYWM","食品・飲料・お酒","ラーメン","食品・飲料・お酒 › 麺類・パスタ › ラーメン","B0H2C6LYWM","4901726015674","五木食品","五木食品","3","","","24.5","8.3","4.5","240","3","24.5","8.3","4.5","240","no","","","0 %","0 %","0 %","0 %","100 %","100 %","100 %","100 %","1","1","1","1","-","-","-","","",""